file_names,clothing_category,texture,fabric,fit
Floral_Print_Shirt_Dress-img_00000065.jpg,41,1 0 0 0 0 0 0 ,0 0 1 0 0 0 ,1 0 0 
Butterfly_Sleeve_Sheath_Dress-img_00000034.jpg,41,0 0 0 0 1 0 0 ,0 1 0 0 0 0 ,0 0 1 
Marled_Crochet-Back_Sweater-img_00000038.jpg,16,0 0 0 0 0 1 0 ,0 0 0 0 0 1 ,0 0 1 
Sunburst_Print_Swim_Trunks-img_00000008.jpg,36,1 0 0 0 0 0 0 ,0 0 1 0 0 0 ,0 0 1 
Collared_Surplice_Blouse-img_00000022.jpg,3,0 0 0 0 0 1 0 ,0 1 0 0 0 0 ,0 0 1 
Island_Graphic_Boxy_Tee-img_00000002.jpg,18,0 0 0 0 0 1 0 ,0 0 1 0 0 0 ,0 0 1 
V-Neck_Velveteen_Bodycon_Dress-img_00000018.jpg,41,0 0 0 0 0 1 0 ,0 0 1 0 0 0 ,1 0 0 
Chiffon_Shift_Dress-img_00000084.jpg,41,0 0 0 0 0 1 0 ,0 1 0 0 0 0 ,0 0 1 
Structured_Pleated_A-Line_Dress-img_00000026.jpg,41,0 0 0 0 1 0 0 ,0 1 0 0 0 0 ,0 0 1 
Bandage_Bodycon_Dress-img_00000047.jpg,41,0 0 0 0 0 1 0 ,0 0 1 0 0 0 ,1 0 0 
Crochet-Trimmed_Maxi_Dress-img_00000063.jpg,41,1 0 0 0 0 0 0 ,0 1 0 0 0 0 ,0 0 1 
Low-Rise_-_Distressed_Skinny_Jeans-img_00000065.jpg,26,0 0 0 0 0 1 0 ,1 0 0 0 0 0 ,1 0 0 
Longline_Side-Slit_Blazer-img_00000066.jpg,2,0 0 0 0 0 1 0 ,0 0 1 0 0 0 ,0 0 1 
Asymmetrical_Twist-Front_Top-img_00000001.jpg,19,0 0 0 0 0 1 0 ,0 0 1 0 0 0 ,0 0 1 
Paint_It_Red_Lace_Midi_Dress-img_00000051.jpg,41,0 0 0 0 1 0 0 ,0 1 0 0 0 0 ,0 0 1 
Shredded_Back_Midi_Dress-img_00000025.jpg,41,0 0 0 0 0 1 0 ,0 0 1 0 0 0 ,1 0 0 
Heathered_Knit_Cocoon_Jacket-img_00000023.jpg,11,0 0 0 0 0 1 0 ,0 0 0 0 1 0 ,0 0 1 
Striped_Shirt_Dress-img_00000040.jpg,41,0 0 1 0 0 0 0 ,0 0 1 0 0 0 ,0 0 1 
Floral_Print_Tee-img_00000037.jpg,18,1 0 0 0 0 0 0 ,0 0 1 0 0 0 ,0 0 1 
Marled_Knee-Length_Shorts-img_00000029.jpg,32,0 0 0 0 0 0 1 ,0 0 1 0 0 0 ,0 0 1 
Checkered_Metallic_Dress-img_00000051.jpg,41,0 1 0 0 0 0 0 ,0 0 1 0 0 0 ,1 0 0 
Tile_Print_Blouse-img_00000004.jpg,3,1 0 0 0 0 0 0 ,0 0 1 0 0 0 ,0 0 1 
Eiffel_Tower_Graphic_Linen_Tee-img_00000019.jpg,18,0 1 0 0 0 0 0 ,0 0 1 0 0 0 ,0 0 1 
Layered_Sleeveless_Dress-img_00000083.jpg,41,0 0 0 0 1 0 0 ,0 1 0 0 0 0 ,0 0 1 
Classic_Midi_Dress-img_00000025.jpg,41,0 0 0 0 0 1 0 ,0 0 1 0 0 0 ,1 0 0 
Abstract_Print_Maxi_Dress-img_00000044.jpg,41,1 0 0 0 0 0 0 ,0 0 1 0 0 0 ,0 0 1 
Paisley_Print_Cami_Dress-img_00000026.jpg,41,0 1 0 0 0 0 0 ,0 0 1 0 0 0 ,0 0 1 
High-Waisted_Rose_Print_Shorts-img_00000007.jpg,32,1 0 0 0 0 0 0 ,0 0 1 0 0 0 ,0 0 1 
Linen-Blend_Shorts-img_00000018.jpg,32,0 0 0 0 0 1 0 ,0 0 1 0 0 0 ,0 0 1 
Mixed_Print_Maxi_Dress-img_00000027.jpg,41,1 0 0 0 0 0 0 ,0 1 0 0 0 0 ,0 0 1 
Chiffon-Trimmed_Jumpsuit-img_00000033.jpg,42,0 0 0 0 0 1 0 ,0 0 1 0 0 0 ,0 0 1 
Arrow-Printed_Tee-img_00000001.jpg,18,0 1 0 0 0 0 0 ,0 0 1 0 0 0 ,0 1 0 
Longline_Floral_Lace_Cardigan-img_00000010.jpg,6,0 0 0 1 0 0 0 ,0 1 0 0 0 0 ,0 0 1 
Metallic_Slip_Dress-img_00000048.jpg,41,0 0 0 0 0 1 0 ,0 0 1 0 0 0 ,0 0 1 
Cutout-Back_Midi_Dress-img_00000066.jpg,41,0 0 0 0 0 1 0 ,0 0 1 0 0 0 ,1 0 0 
Twist_Cutout_Back_Dress-img_00000022.jpg,41,0 0 0 0 1 0 0 ,0 1 0 0 0 0 ,0 0 1 
Heathered_Knit_Dress-img_00000033.jpg,41,0 1 0 0 0 0 0 ,0 0 1 0 0 0 ,0 0 1 
Tailored_Woven_Blazer-img_00000090.jpg,2,0 0 0 0 0 1 0 ,0 0 1 0 0 0 ,0 0 1 
Cuffed_High-Waist_Shorts-img_00000057.jpg,32,0 0 0 0 0 1 0 ,0 0 1 0 0 0 ,0 0 1 
Boys_Aint_Loyal_Graphic_Tee-img_00000027.jpg,18,0 1 0 0 0 0 0 ,0 0 1 0 0 0 ,0 0 1 
Textured_Baroque_Floral_Shorts-img_00000014.jpg,32,1 0 0 0 0 0 0 ,0 0 1 0 0 0 ,0 0 1 
Sequined_Tweed_Skirt-img_00000032.jpg,33,0 0 1 0 0 0 0 ,0 0 1 0 0 0 ,0 0 1 
Longline_Batwing_Cardigan-img_00000014.jpg,6,0 0 0 0 0 1 0 ,0 0 1 0 0 0 ,0 1 0 
Classic_V-Neck_Cardigan-img_00000006.jpg,6,0 0 0 0 0 1 0 ,0 0 0 0 0 1 ,0 0 1 
Spoiled_Graphic_Tee-img_00000020.jpg,18,0 1 0 0 0 0 0 ,0 0 1 0 0 0 ,0 0 1 
Belted_High-Waisted_Shorts-img_00000004.jpg,32,0 1 0 0 0 0 0 ,0 0 1 0 0 0 ,0 0 1 
Draped_Surplice_Blouse-img_00000055.jpg,3,0 0 0 0 0 1 0 ,0 0 1 0 0 0 ,0 0 1 
Geo_Stripe_Knit_Mini_Skirt-img_00000018.jpg,33,0 0 0 0 0 1 0 ,0 0 1 0 0 0 ,1 0 0 
Strapless_Coated_Dress-img_00000067.jpg,41,0 0 0 1 0 0 0 ,0 1 0 0 0 0 ,0 0 1 
Tribal_Print_Drawstring_Joggers-img_00000013.jpg,29,0 1 0 0 0 0 0 ,0 0 1 0 0 0 ,0 0 1 
Clear_Cut_High-Waisted_Shorts-img_00000027.jpg,32,0 0 0 0 0 1 0 ,1 0 0 0 0 0 ,1 0 0 
Dot-Patterned_Athletic_Tank-img_00000004.jpg,17,0 0 0 1 0 0 0 ,0 1 0 0 0 0 ,0 0 1 
Heathered_Knit_Drawstring_Jumpsuit-img_00000026.jpg,42,0 0 0 0 0 1 0 ,0 0 1 0 0 0 ,0 0 1 
Nautical_Palm_Print_Tee-img_00000038.jpg,18,0 1 0 0 0 0 0 ,0 0 1 0 0 0 ,0 0 1 
V-Cut_Bodycon_Dress-img_00000013.jpg,41,0 0 0 0 0 1 0 ,0 0 1 0 0 0 ,0 0 1 
Fringed_Stripe_Poncho-img_00000013.jpg,15,0 0 1 0 0 0 0 ,0 0 1 0 0 0 ,0 0 1 
Side-Slit_Maxi_Dress-img_00000002.jpg,41,0 0 0 0 0 1 0 ,0 0 1 0 0 0 ,1 0 0 
Floral_Bodycon_Dress-img_00000070.jpg,41,1 0 0 0 0 0 0 ,0 0 1 0 0 0 ,1 0 0 
Wearing_It_Anyway_Graphic_Tee-img_00000008.jpg,18,0 1 0 0 0 0 0 ,0 0 1 0 0 0 ,0 0 1 
Classic_Slub_Jersey_Tank-img_00000016.jpg,17,0 1 0 0 0 0 0 ,0 0 1 0 0 0 ,0 0 1 
Denim_Drawstring_Romper-img_00000003.jpg,48,0 0 0 0 0 1 0 ,1 0 0 0 0 0 ,0 0 1 
Mesh_Maxi_Dress-img_00000046.jpg,41,0 0 0 0 0 1 0 ,0 0 1 0 0 0 ,1 0 0 
Classic_Denim_Blazer-img_00000075.jpg,2,0 0 0 0 0 1 0 ,0 0 1 0 0 0 ,0 0 1 
Drawstring_Cuffed_Shorts-img_00000012.jpg,32,0 0 0 0 0 1 0 ,0 0 1 0 0 0 ,0 0 1 
Crochet-Trimmed_Gauze_Maxi_Dress-img_00000007.jpg,41,0 0 0 1 0 0 0 ,0 0 1 0 0 0 ,0 0 1 
Paisley_Cami_Maxi_Dress-img_00000004.jpg,41,1 0 0 0 0 0 0 ,0 0 1 0 0 0 ,0 0 1 
Floral_Cami_Dress-img_00000071.jpg,41,1 0 0 0 0 0 0 ,0 0 1 0 0 0 ,0 0 1 
Good_Girls_Muscle_Tee-img_00000048.jpg,18,0 1 0 0 0 0 0 ,0 0 1 0 0 0 ,0 0 1 
Slub_Knit_Henley-img_00000021.jpg,9,1 0 0 0 0 0 0 ,0 0 1 0 0 0 ,0 0 1 
Classic_Slub_Knit_Top-img_00000001.jpg,19,0 1 0 0 0 0 0 ,0 0 1 0 0 0 ,0 1 0 
Double-Breasted_Blazer-img_00000111.jpg,2,0 0 0 0 0 1 0 ,0 0 1 0 0 0 ,1 0 0 
Crochet_Lace_Midi_Skirt-img_00000061.jpg,33,0 0 0 1 0 0 0 ,0 0 0 0 0 1 ,0 0 1 
Scalloped_Halter_Dress-img_00000022.jpg,41,0 0 0 1 0 0 0 ,0 1 0 0 0 0 ,1 0 0 
Drawstring_Waist_Maxi_Dress-img_00000009.jpg,41,0 1 0 0 0 0 0 ,0 0 1 0 0 0 ,0 0 1 
French_Terry_Shorts-img_00000049.jpg,32,0 0 0 0 0 1 0 ,0 0 1 0 0 0 ,0 0 1 
Heathered_Fleece-Lined_Cardigan-img_00000032.jpg,6,1 0 0 0 0 0 0 ,0 0 1 0 0 0 ,0 1 0 
Boxy_Scoop_Neck_Tee-img_00000066.jpg,18,0 0 0 0 0 1 0 ,0 0 1 0 0 0 ,0 0 1 
Control_Sector_Drawstring_Harem_Joggers-img_00000041.jpg,29,1 0 0 0 0 0 0 ,0 0 1 0 0 0 ,0 0 1 
Quilted_Open-Front_Blazer-img_00000108.jpg,2,0 0 0 0 0 1 0 ,0 0 1 0 0 0 ,0 0 1 
Boxy_Buttoned_Blazer-img_00000094.jpg,2,0 0 0 0 0 1 0 ,0 0 1 0 0 0 ,0 1 0 
Semi-Sheer_Curved_Hem_Dress-img_00000028.jpg,41,0 0 0 0 0 1 0 ,0 0 1 0 0 0 ,0 0 1 
Daring_Mesh_Panel_Skater_Dress-img_00000045.jpg,41,0 0 0 0 0 1 0 ,0 0 1 0 0 0 ,0 0 1 
Heathered_Knit_Pencil_Skirt-img_00000018.jpg,33,0 0 0 0 0 1 0 ,0 0 1 0 0 0 ,1 0 0 
Acid_Wash_-_Skinny_Jeans-img_00000045.jpg,26,1 0 0 0 0 0 0 ,1 0 0 0 0 0 ,1 0 0 
Hooded_Henley_Sweater-img_00000035.jpg,16,0 0 0 0 0 1 0 ,0 0 0 0 0 1 ,0 0 1 
Textured_Stripe_Smocked_Dress-img_00000065.jpg,41,1 0 0 0 0 0 0 ,0 1 0 0 0 0 ,0 0 1 
Floral_Foliage_Peasant_Dress-img_00000004.jpg,41,1 0 0 0 0 0 0 ,0 1 0 0 0 0 ,0 0 1 
Diamond_Print_Joggers-img_00000017.jpg,29,1 0 0 0 0 0 0 ,0 0 1 0 0 0 ,0 0 1 
Strapless_Pleated_Chiffon_Dress-img_00000079.jpg,41,0 0 0 0 0 1 0 ,0 1 0 0 0 0 ,0 0 1 
Embroidered_Floral_Shorts-img_00000011.jpg,32,0 0 0 1 0 0 0 ,0 0 1 0 0 0 ,0 0 1 
High-Slit_Plaid_Shirt_Dress-img_00000013.jpg,41,0 0 0 1 0 0 0 ,0 0 1 0 0 0 ,0 0 1 
Essential_Raglan_Tee-img_00000043.jpg,18,0 0 0 0 0 1 0 ,0 0 1 0 0 0 ,0 0 1 
Classic_Boy_Shorts-img_00000014.jpg,32,0 0 0 0 0 1 0 ,0 0 1 0 0 0 ,1 0 0 
Button-Front_Drawstring_Romper-img_00000004.jpg,48,0 0 0 0 1 0 0 ,0 1 0 0 0 0 ,0 0 1 
Floral_Print_Strappy_Dress-img_00000009.jpg,41,1 0 0 0 0 0 0 ,0 0 1 0 0 0 ,0 0 1 
Lace_Overlay_Dress-img_00000007.jpg,41,0 0 0 1 0 0 0 ,0 1 0 0 0 0 ,0 0 1 
Boxy_Soft-Knit_Sweater-img_00000031.jpg,16,0 0 0 0 0 1 0 ,0 0 0 0 0 1 ,0 0 1 
Abstract_Print_Workout_Leggings-img_00000024.jpg,30,0 1 0 0 0 0 0 ,0 0 1 0 0 0 ,1 0 0 
Textured_Midi_Skirt-img_00000002.jpg,33,0 0 0 0 0 1 0 ,0 0 1 0 0 0 ,1 0 0 
Ribbed_Knit_Cami_Dress-img_00000011.jpg,41,0 0 0 0 0 1 0 ,0 0 0 0 0 1 ,0 0 1 
Floral_Tapestry_Shorts-img_00000034.jpg,32,1 0 0 0 0 0 0 ,0 0 1 0 0 0 ,0 0 1 
Rolled-Up_Distressed_Shorts-img_00000002.jpg,32,0 0 0 0 0 1 0 ,1 0 0 0 0 0 ,0 0 1 
Classic_Raglan_Tee-img_00000070.jpg,18,0 0 0 0 0 1 0 ,0 0 1 0 0 0 ,0 0 1 
Classic_Two-Button_Blazer-img_00000109.jpg,2,0 0 0 0 0 1 0 ,0 0 1 0 0 0 ,0 0 1 
Pocketed_Leggings-img_00000014.jpg,30,0 0 0 0 0 1 0 ,0 0 1 0 0 0 ,1 0 0 
Leopard_Print_Bodycon_Dress-img_00000049.jpg,41,0 1 0 0 0 0 0 ,0 0 1 0 0 0 ,1 0 0 
Micro-Striped_Trouser_Shorts-img_00000039.jpg,32,0 0 1 0 0 0 0 ,0 1 0 0 0 0 ,0 0 1 
Oversized_Loose-Knit_Cardigan-img_00000015.jpg,6,0 0 0 0 0 1 0 ,0 0 0 0 0 1 ,0 0 1 
Slub_Knit_Cardigan-img_00000037.jpg,6,1 0 0 0 0 0 0 ,0 0 0 0 0 1 ,0 0 1 
Oil_Slick_Workout_Leggings-img_00000031.jpg,30,0 0 0 0 0 1 0 ,0 0 1 0 0 0 ,1 0 0 
Fuzzy_Plaid_Cardigan-img_00000051.jpg,6,0 1 0 0 0 0 0 ,0 0 0 0 0 1 ,0 0 1 
Floral_Stripe_Print_Tank-img_00000002.jpg,17,1 0 0 0 0 0 0 ,0 0 1 0 0 0 ,0 0 1 
Strapless_Woven_Romper-img_00000016.jpg,48,1 0 0 0 0 0 0 ,0 0 1 0 0 0 ,0 0 1 
Lace_Panel_Pintucked_Blouse-img_00000037.jpg,3,0 0 0 0 0 1 0 ,0 1 0 0 0 0 ,0 0 1 
Boyfriend_Graphic_Tee-img_00000009.jpg,18,0 0 0 0 0 1 0 ,0 0 1 0 0 0 ,0 1 0 
Heathered_Fleece-Lined_Cardigan-img_00000020.jpg,6,0 0 0 0 0 1 0 ,0 0 1 0 0 0 ,0 0 1 
Striped_Ringer_Tee-img_00000012.jpg,18,0 0 1 0 0 0 0 ,0 0 1 0 0 0 ,0 0 1 
Heathered_Knit_Midi_Dress-img_00000015.jpg,41,0 0 0 0 0 1 0 ,0 0 1 0 0 0 ,1 0 0 
Wild_MTV_Tee-img_00000001.jpg,18,0 1 0 0 0 0 0 ,0 0 1 0 0 0 ,0 0 1 
Metallic_Knit_Tee-img_00000013.jpg,18,0 0 0 0 0 1 0 ,0 0 1 0 0 0 ,0 0 1 
Faux_Leather_Grid_Shorts-img_00000049.jpg,32,0 0 0 0 0 1 0 ,0 0 0 1 0 0 ,0 0 1 
Collarless_Woven_Blazer-img_00000060.jpg,2,0 0 0 0 0 1 0 ,0 0 1 0 0 0 ,0 0 1 
Floral_Lace_Skater_Dress-img_00000045.jpg,41,0 0 0 1 0 0 0 ,0 1 0 0 0 0 ,0 0 1 
Crochet_Sheath_Dress-img_00000048.jpg,41,0 0 0 0 0 1 0 ,0 0 1 0 0 0 ,0 0 1 
Faux_Shearling_Hooded_Parka-img_00000066.jpg,13,0 0 0 0 0 1 0 ,0 0 1 0 0 0 ,0 0 1 
Cutout_Lace_Cami_Dress-img_00000049.jpg,41,1 0 0 0 0 0 0 ,0 0 1 0 0 0 ,1 0 0 
Crochet_Cutout_Fringe_Tank-img_00000013.jpg,17,0 0 0 1 0 0 0 ,0 0 0 0 0 1 ,0 0 1 
Striped_Cutout-Back_Dress-img_00000065.jpg,41,0 1 0 0 0 0 0 ,0 0 1 0 0 0 ,1 0 0 
Boxy_Pintucked_Top-img_00000010.jpg,19,0 0 0 0 0 1 0 ,0 0 1 0 0 0 ,0 0 1 
Striped_Pencil_Skirt-img_00000023.jpg,33,0 0 1 0 0 0 0 ,0 0 1 0 0 0 ,1 0 0 
Mid-Rise_-_Acid_Wash_Jeggings-img_00000028.jpg,27,0 0 0 0 0 1 0 ,1 0 0 0 0 0 ,1 0 0 
Buttoned_Floral_Maxi_Dress-img_00000011.jpg,41,1 0 0 0 0 0 0 ,0 0 1 0 0 0 ,0 0 1 
Houndstooth_Drawstring_Joggers-img_00000007.jpg,29,0 1 0 0 0 0 0 ,0 0 1 0 0 0 ,0 0 1 
Surplice_Woven_Jumpsuit-img_00000028.jpg,42,1 0 0 0 0 0 0 ,0 0 1 0 0 0 ,0 0 1 
Bodycon_Faux_Wrap_Dress-img_00000072.jpg,41,0 0 0 0 0 1 0 ,0 0 1 0 0 0 ,0 0 1 
Low-Rise_-_Distressed_Skinny_Jeans-img_00000075.jpg,26,0 0 0 0 0 1 0 ,1 0 0 0 0 0 ,1 0 0 
V-Cut_Back_Dress-img_00000043.jpg,41,0 0 0 0 0 1 0 ,0 0 1 0 0 0 ,1 0 0 
The_Beatles_Graphic_Tee-img_00000015.jpg,18,0 1 0 0 0 0 0 ,0 0 1 0 0 0 ,0 0 1 
Classic_Hooded_Duffle_Coat-img_00000030.jpg,39,0 0 0 0 0 1 0 ,0 0 0 0 1 0 ,0 0 1 
Tailored_Woven_Blazer-img_00000112.jpg,2,0 0 0 0 0 1 0 ,0 0 1 0 0 0 ,0 0 1 
V-Neck_Striped_Dress-img_00000013.jpg,41,0 0 1 0 0 0 0 ,0 0 1 0 0 0 ,0 0 1 
Boxy_Rose_Print_Tee-img_00000020.jpg,18,1 0 0 0 0 0 0 ,0 0 1 0 0 0 ,0 0 1 
Damask_Patterned_Mini_Dress-img_00000008.jpg,41,1 0 0 0 0 0 0 ,0 0 1 0 0 0 ,0 0 1 
Tie-Dye_Midi_Dress-img_00000038.jpg,41,1 0 0 0 0 0 0 ,0 0 1 0 0 0 ,1 0 0 
I_Love_Tacos_Muscle_Tee-img_00000012.jpg,18,0 1 0 0 0 0 0 ,0 0 1 0 0 0 ,0 0 1 
Knife-Pleated_Floral_Skirt-img_00000055.jpg,33,1 0 0 0 0 0 0 ,0 0 1 0 0 0 ,0 0 1 
Must-Have_Ruched_Blazer-img_00000019.jpg,2,0 0 0 0 0 1 0 ,0 0 1 0 0 0 ,1 0 0 
Lace-Paneled_Maxi_Dress-img_00000054.jpg,41,0 0 0 1 0 0 0 ,0 0 1 0 0 0 ,1 0 0 
Beaded_Self-Tie_Romper-img_00000004.jpg,48,1 0 0 0 0 0 0 ,0 1 0 0 0 0 ,0 0 1 
Topstitched_Denim_Shorts-img_00000004.jpg,32,0 0 0 0 0 1 0 ,1 0 0 0 0 0 ,0 0 1 
Boat_Neck_Top-img_00000058.jpg,19,0 0 0 0 0 1 0 ,0 0 1 0 0 0 ,0 0 1 
Embroidered_Cutout_Smock_Dress-img_00000051.jpg,41,0 0 0 0 0 1 0 ,0 0 1 0 0 0 ,0 0 1 
Eyelash_Lace_Bodycon_Dress-img_00000001.jpg,41,0 0 0 1 0 0 0 ,0 0 1 0 0 0 ,0 0 1 
Rose_Print_Shorts-img_00000040.jpg,32,1 0 0 0 0 0 0 ,0 0 1 0 0 0 ,0 0 1 
The_Rolling_Stones_Graphic_Tee-img_00000042.jpg,18,0 1 0 0 0 0 0 ,0 0 1 0 0 0 ,0 0 1 
Abstract_Print_Lace-Paneled_Blouse-img_00000064.jpg,3,1 0 0 0 0 0 0 ,0 1 0 0 0 0 ,0 0 1 
Floral_Lace_Tank-img_00000041.jpg,17,0 0 0 1 0 0 0 ,0 1 0 0 0 0 ,0 0 1 
Lily_Print_Dress-img_00000037.jpg,41,1 0 0 0 0 0 0 ,0 0 1 0 0 0 ,0 0 1 
Tie-Front_Chiffon_Blouse-img_00000067.jpg,3,1 0 0 0 0 0 0 ,0 1 0 0 0 0 ,0 0 1 
Flat_Front_Denim_Shorts-img_00000015.jpg,32,0 1 0 0 0 0 0 ,0 0 1 0 0 0 ,0 0 1 
Butterfly_Print_Tie-Neck_Blouse-img_00000027.jpg,3,0 1 0 0 0 0 0 ,0 1 0 0 0 0 ,0 0 1 
Open-Front_Duster_Coat-img_00000049.jpg,39,0 0 0 0 0 1 0 ,0 0 1 0 0 0 ,0 0 1 
Crochet_Mesh_Racerback_Tank-img_00000036.jpg,17,0 0 0 1 0 0 0 ,0 0 0 0 0 1 ,0 0 1 
Leopard_Print_Joggers-img_00000015.jpg,29,0 1 0 0 0 0 0 ,0 0 1 0 0 0 ,0 0 1 
Sheer_Pleated-Front_Blouse-img_00000039.jpg,3,0 0 0 1 0 0 0 ,0 0 1 0 0 0 ,0 0 1 
Faded_Denim_Cutoffs-img_00000022.jpg,24,0 0 0 0 0 1 0 ,1 0 0 0 0 0 ,0 0 1 
Classic_Cotton_Tee-img_00000039.jpg,18,0 0 0 0 0 1 0 ,0 0 1 0 0 0 ,0 0 1 
Paris_France_Sleeveless_Hoodie-img_00000011.jpg,10,0 1 0 0 0 0 0 ,0 0 1 0 0 0 ,0 0 1 
Barbie_Perfect_Tee-img_00000029.jpg,18,0 1 0 0 0 0 0 ,0 0 1 0 0 0 ,0 1 0 
Paisley_Print_Halter_Maxi_Dress-img_00000010.jpg,41,0 0 0 0 0 1 0 ,0 1 0 0 0 0 ,0 0 1 
Floral_Print_Strappy_Dress-img_00000052.jpg,41,1 0 0 0 0 0 0 ,0 0 1 0 0 0 ,0 0 1 
Striped_Racerback_Maxi_Dress-img_00000044.jpg,41,0 0 1 0 0 0 0 ,0 0 1 0 0 0 ,0 0 1 
Distressed_Light_Wash_-_Slim_Fit_Jeans-img_00000012.jpg,26,0 0 0 0 0 1 0 ,1 0 0 0 0 0 ,1 0 0 
Favorite_V-Neck_Tee-img_00000024.jpg,18,0 0 1 0 0 0 0 ,0 0 1 0 0 0 ,0 0 1 
Colorblocked_Surplice_Dress-img_00000029.jpg,41,0 0 0 0 0 1 0 ,0 0 1 0 0 0 ,0 0 1 
Marled_Knit_Raglan_Sweater-img_00000008.jpg,16,0 0 0 0 0 1 0 ,0 0 0 0 0 1 ,0 0 1 
Patchwork_Printed_Long_Jumpsuit-img_00000002.jpg,42,0 1 0 0 0 0 0 ,0 0 1 0 0 0 ,0 0 1 
Tulip_Hem_Tie-Dye_Dress-img_00000046.jpg,41,0 1 0 0 0 0 0 ,0 0 1 0 0 0 ,0 0 1 
Ruffled_Floral_Chiffon_Blouse-img_00000067.jpg,3,1 0 0 0 0 0 0 ,0 1 0 0 0 0 ,0 0 1 
Girls_Graphic_Muscle_Tee-img_00000045.jpg,18,0 1 0 0 0 0 0 ,0 0 1 0 0 0 ,0 0 1 
High-Waisted_Leggings-img_00000019.jpg,30,0 0 0 0 0 1 0 ,0 0 1 0 0 0 ,1 0 0 
Life_In_Progress_Wrap_Belt_Chambray_Dress-img_00000002.jpg,41,0 0 0 0 0 1 0 ,0 0 1 0 0 0 ,0 0 1 
Crochet-Trimmed_Gauze_Maxi_Dress-img_00000039.jpg,41,0 0 0 0 0 1 0 ,0 0 1 0 0 0 ,0 1 0 
Classic_Crew_Neck_Sweater-img_00000061.jpg,16,0 0 0 0 0 1 0 ,0 0 0 0 0 1 ,0 0 1 
Mid-Rise_-_Distressed_Skinny_Jeans-img_00000012.jpg,26,0 0 0 0 0 1 0 ,1 0 0 0 0 0 ,0 0 1 
Striped_Lace_Dress-img_00000003.jpg,41,0 0 1 0 0 0 0 ,0 0 1 0 0 0 ,0 0 1 
Tile_Print_Jumpsuit-img_00000063.jpg,42,1 0 0 0 0 0 0 ,0 0 1 0 0 0 ,0 0 1 
Slub_Knit_Baseball_Tee-img_00000022.jpg,18,0 0 0 0 0 1 0 ,0 0 1 0 0 0 ,0 0 1 
Essential_Raglan_Tee-img_00000054.jpg,18,0 0 0 0 0 1 0 ,0 0 1 0 0 0 ,0 0 1 
Classic_Pullover_Hoodie-img_00000060.jpg,10,0 1 0 0 0 0 0 ,0 0 1 0 0 0 ,0 0 1 
Diamond_Print_Halter_Cami_Dress-img_00000013.jpg,41,0 1 0 0 0 0 0 ,0 0 1 0 0 0 ,0 1 0 
Draped_Chiffon_Jacket-img_00000040.jpg,11,0 0 0 0 0 1 0 ,0 0 1 0 0 0 ,0 0 1 
Bird_Print_Kimono-img_00000013.jpg,44,1 0 0 0 0 0 0 ,0 1 0 0 0 0 ,0 1 0 
Crochet-Trimmed_Layered_Dress-img_00000045.jpg,41,0 0 0 0 0 1 0 ,0 0 1 0 0 0 ,0 0 1 
Daydreamer_Crocheted_Dress-img_00000069.jpg,41,0 1 0 0 0 0 0 ,0 0 1 0 0 0 ,0 0 1 
Longline_Faux_Fur_Coat-img_00000021.jpg,39,0 0 0 0 0 1 0 ,0 0 0 0 1 0 ,0 0 1 
Bleach_Wash_Chambray_Top-img_00000032.jpg,19,1 0 0 0 0 0 0 ,1 0 0 0 0 0 ,0 0 1 
Textured_Stripe_Smocked_Dress-img_00000001.jpg,41,0 0 0 0 1 0 0 ,0 0 1 0 0 0 ,0 0 1 
Clean_Wash_Slim-Leg_Jeans-img_00000016.jpg,26,0 0 0 0 0 1 0 ,1 0 0 0 0 0 ,0 0 1 
Striped_Open-Front_Cardigan-img_00000021.jpg,6,0 0 1 0 0 0 0 ,0 0 1 0 0 0 ,0 0 1 
Oh_Graphic_Tank-img_00000001.jpg,17,0 1 0 0 0 0 0 ,0 0 1 0 0 0 ,0 0 1 
Classic_Knit_Sweater-img_00000011.jpg,16,1 0 0 0 0 0 0 ,0 0 0 0 0 1 ,0 0 1 
Textured_Midi_Skirt-img_00000058.jpg,33,1 0 0 0 0 0 0 ,0 0 1 0 0 0 ,0 0 1 
Collarless_Longline_Side-Slit_Jacket-img_00000003.jpg,11,0 0 0 0 0 1 0 ,0 0 1 0 0 0 ,0 0 1 
Southwestern_Pattern_Longline_Cardigan-img_00000033.jpg,6,0 1 0 0 0 0 0 ,0 0 0 0 0 1 ,0 1 0 
Sleeveless_Zip-Front_Hoodie-img_00000026.jpg,10,0 0 0 0 0 1 0 ,0 0 1 0 0 0 ,0 0 1 
Midnight_Rambler_Muscle_Tee-img_00000013.jpg,18,0 0 0 1 0 0 0 ,0 1 0 0 0 0 ,1 0 0 
Rose_Print_Maxi_Dress-img_00000015.jpg,41,1 0 0 0 0 0 0 ,0 0 1 0 0 0 ,0 0 1 
Fuzzy_Plaid_Cardigan-img_00000031.jpg,6,0 0 0 0 0 0 1 ,0 0 0 0 0 1 ,0 0 1 
Striped_Waffle_Knit_Sweater-img_00000009.jpg,16,0 0 1 0 0 0 0 ,0 0 0 0 0 1 ,0 0 1 
Open-Back_Blouse-img_00000063.jpg,3,0 0 0 0 0 1 0 ,0 1 0 0 0 0 ,0 0 1 
Tribal_Print_Pocket_Tee-img_00000007.jpg,18,0 0 0 0 0 1 0 ,0 0 1 0 0 0 ,0 0 1 
Hooded_Henley_Sweater-img_00000066.jpg,16,0 0 0 0 0 1 0 ,0 0 1 0 0 0 ,0 0 1 
Flat_Collar_Woven_Blouse-img_00000063.jpg,3,0 0 0 0 0 1 0 ,0 0 1 0 0 0 ,0 0 1 
Contrast_Mesh-Paneled_Tee-img_00000011.jpg,18,0 0 0 0 0 1 0 ,0 0 1 0 0 0 ,0 0 1 
Daisy_Cutoff_Shorts-img_00000002.jpg,32,0 0 0 0 0 1 0 ,1 0 0 0 0 0 ,0 0 1 
Crochet-Trimmed_Chiffon_Dress-img_00000046.jpg,41,0 0 0 1 0 0 0 ,0 1 0 0 0 0 ,0 0 1 
Tropical_Print_Tank-img_00000016.jpg,17,1 0 0 0 0 0 0 ,0 0 1 0 0 0 ,0 0 1 
Floral_Print_Raglan_Tee-img_00000023.jpg,18,0 1 0 0 0 0 0 ,0 0 1 0 0 0 ,0 0 1 
Longline_Map_Tee-img_00000036.jpg,18,0 1 0 0 0 0 0 ,0 0 1 0 0 0 ,0 0 1 
Zigzag_Print_Surplice_Romper-img_00000005.jpg,48,0 0 0 1 0 0 0 ,0 1 0 0 0 0 ,0 0 1 
Textured_Marled_Knit_Sweater-img_00000012.jpg,16,0 0 0 0 0 1 0 ,0 0 0 0 0 1 ,0 0 1 
Brushstroke_Print_Belted_Shift_Dress-img_00000026.jpg,41,0 0 1 0 0 0 0 ,0 0 1 0 0 0 ,0 0 1 
Floral-Embroidered_Blouse-img_00000042.jpg,3,0 0 0 1 0 0 0 ,0 0 1 0 0 0 ,0 1 0 
Bleached_Denim_Joggers-img_00000030.jpg,29,0 0 0 0 0 1 0 ,0 0 1 0 0 0 ,1 0 0 
Surplice_Back_Keyhole_Jumpsuit-img_00000025.jpg,42,0 0 0 0 0 1 0 ,0 1 0 0 0 0 ,0 0 1 
Buttoned_Denim_Shirt_Dress-img_00000014.jpg,41,0 0 0 0 0 1 0 ,1 0 0 0 0 0 ,0 0 1 
Micro-Striped_Trouser_Shorts-img_00000010.jpg,32,0 1 0 0 0 0 0 ,0 0 1 0 0 0 ,0 0 1 
Woven_Flounce_Tank-img_00000040.jpg,17,0 0 0 0 0 1 0 ,0 0 1 0 0 0 ,0 0 1 
Buttoned_Floral_Maxi_Dress-img_00000006.jpg,41,1 0 0 0 0 0 0 ,0 0 1 0 0 0 ,0 0 1 
Lace-Paneled_Off-the-Shoulder_Dress-img_00000014.jpg,41,0 0 0 1 0 0 0 ,0 0 1 0 0 0 ,0 0 1 
Layered_Muscle_Tee-img_00000020.jpg,18,0 0 0 0 0 1 0 ,0 0 1 0 0 0 ,0 0 1 
Floral_Cami_Romper-img_00000043.jpg,48,1 0 0 0 0 0 0 ,0 0 1 0 0 0 ,0 0 1 
Life_in_Progress_Drawstring_Striped_Joggers-img_00000001.jpg,29,0 0 0 0 0 1 0 ,0 0 1 0 0 0 ,0 0 1 
Chunky_Knit_Tassel_Cardigan-img_00000042.jpg,6,1 0 0 0 0 0 0 ,0 0 0 0 0 1 ,0 0 1 
Crochet-Hem_Shorts-img_00000030.jpg,32,0 0 0 1 0 0 0 ,0 0 1 0 0 0 ,0 0 1 
Classic_Long-Sleeved_Tee-img_00000025.jpg,18,0 0 0 0 0 1 0 ,0 0 1 0 0 0 ,0 0 1 
Slim_Cotton_Chinos-img_00000008.jpg,22,0 0 0 0 0 1 0 ,0 0 1 0 0 0 ,0 0 1 
Denim_Cutout_Dress-img_00000033.jpg,41,0 1 0 0 0 0 0 ,1 0 0 0 0 0 ,1 0 0 
Embroidered_Split_Neck_Peasant_Blouse-img_00000012.jpg,3,0 0 0 1 0 0 0 ,0 0 1 0 0 0 ,0 0 1 
Pleated_Tribal_Print_Skirt-img_00000005.jpg,33,0 1 0 0 0 0 0 ,0 0 1 0 0 0 ,0 0 1 
Faux_Suede_Moto_Jacket-img_00000032.jpg,11,0 0 0 0 0 1 0 ,0 0 0 1 0 0 ,0 0 1 
Oversized_Open-Front_Blazer-img_00000085.jpg,2,1 0 0 0 0 0 0 ,0 0 0 0 0 1 ,0 0 1 
Strapless_X-Ray_Roses_Dress-img_00000055.jpg,41,1 0 0 0 0 0 0 ,0 0 1 0 0 0 ,0 0 1 
Striped_Athletic_Jacket-img_00000026.jpg,11,0 0 0 0 0 1 0 ,0 0 1 0 0 0 ,0 0 1 
Distressed_Denim_Skirt-img_00000016.jpg,33,0 0 0 0 0 1 0 ,1 0 0 0 0 0 ,1 0 0 
Cutout_Knit_Bodycon_Dress-img_00000058.jpg,41,1 0 0 0 0 0 0 ,0 0 1 0 0 0 ,0 0 1 
Mesh-Paneled_Sweater-img_00000014.jpg,16,0 0 0 0 0 1 0 ,0 0 0 0 0 1 ,0 0 1 
Classic_Slub_Jersey_Tank-img_00000035.jpg,17,0 0 0 0 0 1 0 ,0 0 1 0 0 0 ,0 0 1 
Open-Front_Zippered_Blazer-img_00000061.jpg,2,0 0 0 0 0 1 0 ,0 0 1 0 0 0 ,0 0 1 
Smocked_Floral_Gauze_Skirt-img_00000013.jpg,33,1 0 0 0 0 0 0 ,0 1 0 0 0 0 ,0 0 1 
Scalloped_Lace_Shorts-img_00000025.jpg,32,1 0 0 0 0 0 0 ,1 0 0 0 0 0 ,1 0 0 
Classic_Scoop_Neck_Top-img_00000012.jpg,19,0 0 0 0 0 1 0 ,0 0 1 0 0 0 ,0 0 1 
Crochet-Back_Maxi_Dress-img_00000017.jpg,41,0 0 0 1 0 0 0 ,0 0 1 0 0 0 ,0 0 1 
Easy_Heathered_Dolman_Cardigan-img_00000037.jpg,6,0 0 0 0 0 1 0 ,0 0 1 0 0 0 ,0 0 1 
Tribal_Print_Skater_Skirt-img_00000024.jpg,33,0 1 0 0 0 0 0 ,0 0 1 0 0 0 ,0 0 1 
Long_Crew_Neck_Tee-img_00000038.jpg,18,0 1 0 0 0 0 0 ,0 0 1 0 0 0 ,0 0 1 
Longline_Boyfriend_Blazer-img_00000105.jpg,2,0 0 0 0 0 1 0 ,0 0 1 0 0 0 ,0 0 1 
Zip_Pocket_Blazer-img_00000114.jpg,2,0 0 0 0 0 1 0 ,0 0 1 0 0 0 ,0 0 1 
Longline_Burnout_Tee-img_00000042.jpg,18,0 0 0 0 0 1 0 ,0 0 1 0 0 0 ,0 0 1 
Barbie_Perfect_Tee-img_00000034.jpg,18,0 1 0 0 0 0 0 ,0 0 1 0 0 0 ,0 1 0 
Mixed_Print_Maxi_Dress-img_00000023.jpg,41,1 0 0 0 0 0 0 ,0 1 0 0 0 0 ,0 0 1 
Favorite_Strappy_Shift_Dress-img_00000021.jpg,41,0 0 0 1 0 0 0 ,0 0 1 0 0 0 ,0 0 1 
Fresh_Metallic_Varsity_Tee-img_00000035.jpg,18,0 0 1 0 0 0 0 ,0 0 1 0 0 0 ,0 0 1 
Floral_Crochet_Overlay_Dress-img_00000005.jpg,41,0 0 0 0 1 0 0 ,0 0 0 0 0 1 ,0 0 1 
Broad_Stripe_Knit_Tee-img_00000043.jpg,18,0 0 1 0 0 0 0 ,0 0 1 0 0 0 ,0 0 1 
Heathered_French_Terry_Cardigan-img_00000006.jpg,6,0 0 0 0 0 1 0 ,0 0 0 0 0 1 ,0 0 1 
Double-V_Slip_Dress-img_00000008.jpg,41,0 0 0 1 0 0 0 ,0 0 1 0 0 0 ,0 0 1 
Classic_Flared_Jeans-img_00000030.jpg,26,0 0 0 0 0 1 0 ,1 0 0 0 0 0 ,0 0 1 
Tribal_Print_Drawstring_Joggers-img_00000018.jpg,29,0 1 0 0 0 0 0 ,0 0 1 0 0 0 ,0 0 1 
Boxy_Cropped_Top-img_00000016.jpg,19,0 0 0 0 0 1 0 ,0 0 1 0 0 0 ,0 1 0 
Abstract_Print_Button-Shoulder_Dress-img_00000014.jpg,41,0 0 0 0 0 1 0 ,0 1 0 0 0 0 ,0 0 1 
Tribal-Inspired_Skater_Dress-img_00000006.jpg,41,0 0 0 1 0 0 0 ,0 0 1 0 0 0 ,0 0 1 
Camo_Utility_Jacket-img_00000009.jpg,11,0 1 0 0 0 0 0 ,0 0 1 0 0 0 ,0 0 1 
Sleeveless_Classic_Woven_Blouse-img_00000032.jpg,3,0 0 0 0 0 1 0 ,0 0 1 0 0 0 ,0 0 1 
Waffle_Knit_Cardigan-img_00000051.jpg,6,0 0 0 0 0 1 0 ,0 0 0 0 0 1 ,0 0 1 
Nylon_Raglan_Bomber_Jacket-img_00000020.jpg,11,0 0 0 0 0 1 0 ,0 0 1 0 0 0 ,0 0 1 
Floral_Lace_Tank-img_00000029.jpg,17,0 0 0 0 0 1 0 ,0 0 1 0 0 0 ,0 0 1 
Marled_Terrycloth_PJ_Sweatpants-img_00000026.jpg,34,0 0 0 0 0 1 0 ,0 0 1 0 0 0 ,0 0 1 
Tartan_Plaid_Maxi_Dress-img_00000048.jpg,41,0 0 0 0 0 0 1 ,0 0 1 0 0 0 ,0 0 1 
Crinkled_Crepe_Strapless_Romper-img_00000010.jpg,48,0 0 0 0 0 1 0 ,0 0 1 0 0 0 ,0 0 1 
Abstract_Print_Maxi_Dress-img_00000070.jpg,41,1 0 0 0 0 0 0 ,0 1 0 0 0 0 ,0 0 1 
Free_Spirit_Kimono-img_00000012.jpg,44,1 0 0 0 0 0 0 ,0 1 0 0 0 0 ,0 1 0 
Flat-Front_Shorts-img_00000042.jpg,32,0 0 0 0 0 1 0 ,0 0 1 0 0 0 ,0 0 1 
Ruffle-Trimmed_Blouse-img_00000023.jpg,3,0 0 0 0 0 1 0 ,0 1 0 0 0 0 ,0 0 1 
Lace-Paneled_Illusion_Maxi_Dress-img_00000025.jpg,41,0 0 0 1 0 0 0 ,0 0 1 0 0 0 ,1 0 0 
Gathered_Floral_Lace_Dress-img_00000010.jpg,41,1 0 0 0 0 0 0 ,0 1 0 0 0 0 ,0 0 1 
Metallic_Floral_Print_Cami_Dress-img_00000033.jpg,41,1 0 0 0 0 0 0 ,0 0 1 0 0 0 ,0 0 1 
Mineral_Wash_Pencil_Skirt-img_00000025.jpg,33,0 0 0 0 0 1 0 ,1 0 0 0 0 0 ,0 0 1 
Crochet_Paisley_Woven_Tank-img_00000019.jpg,17,0 1 0 0 0 0 0 ,0 0 1 0 0 0 ,0 0 1 
Ornate_Print_Tank-img_00000033.jpg,17,0 1 0 0 0 0 0 ,0 0 1 0 0 0 ,0 0 1 
Speckled_Raw_Edge_Tee-img_00000012.jpg,18,0 0 0 0 0 1 0 ,0 0 1 0 0 0 ,0 0 1 
Classic_Cardigan-img_00000084.jpg,6,0 0 0 0 0 1 0 ,0 0 0 0 0 1 ,0 0 1 
Leopard_Print_Maxi_Dress-img_00000049.jpg,41,0 1 0 0 0 0 0 ,0 0 1 0 0 0 ,1 0 0 
Open-Back_Woven_Romper-img_00000008.jpg,48,0 0 0 0 0 1 0 ,0 1 0 0 0 0 ,0 0 1 
Abstract-Striped_Ladder-Back_Dress-img_00000021.jpg,41,0 0 1 0 0 0 0 ,0 0 1 0 0 0 ,0 0 1 
Embroidered_Floral_Cami_Dress-img_00000010.jpg,41,0 0 0 1 0 0 0 ,0 1 0 0 0 0 ,0 0 1 
Mixed_Knit_Sweater-img_00000012.jpg,16,0 0 0 0 0 1 0 ,0 0 0 0 0 1 ,0 0 1 
Floral_Tribal_Print_Babydoll_Dress-img_00000019.jpg,41,1 0 0 0 0 0 0 ,0 0 1 0 0 0 ,0 0 1 
Crochet-Trimmed_Woven_Blouse-img_00000064.jpg,3,0 0 0 0 0 1 0 ,0 0 1 0 0 0 ,0 0 1 
High-Waisted_Rose_Print_Shorts-img_00000055.jpg,32,0 0 0 0 0 1 0 ,1 0 0 0 0 0 ,1 0 0 
Belted_Open-Knit_Cardigan-img_00000011.jpg,6,0 0 0 0 0 1 0 ,0 0 0 0 0 1 ,0 0 1 
High-Waisted_Matelot_Skinny_Jeans-img_00000043.jpg,26,0 0 0 0 0 1 0 ,0 0 1 0 0 0 ,0 0 1 
Faux_Leather_Cami_Dress-img_00000058.jpg,41,1 0 0 0 0 0 0 ,0 1 0 0 0 0 ,0 0 1 
Cable_Knit_Fringe_Cardigan-img_00000032.jpg,6,0 0 0 0 0 1 0 ,0 0 0 0 0 1 ,0 1 0 
Chunky_Knit_Boxy_Sweater-img_00000033.jpg,16,0 0 0 0 0 1 0 ,0 0 0 0 0 1 ,0 0 1 
Boxy_Open_Mesh_Top-img_00000016.jpg,19,0 0 0 1 0 0 0 ,0 0 0 0 0 1 ,0 0 1 
Life_in_Progress_Denim_Jacket-img_00000039.jpg,11,0 0 0 0 0 1 0 ,1 0 0 0 0 0 ,0 0 1 
Dainty_Lace_Tee-img_00000024.jpg,18,0 0 0 1 0 0 0 ,0 0 1 0 0 0 ,0 0 1 
High-Rise_Mom_Jeans-img_00000036.jpg,26,0 0 0 0 0 1 0 ,1 0 0 0 0 0 ,0 0 1 
Cutout_Back_Striped_Sweater-img_00000001.jpg,16,0 0 1 0 0 0 0 ,0 0 0 0 0 1 ,1 0 0 
Frond_Print_Pencil_Skirt-img_00000027.jpg,33,0 0 0 0 0 0 1 ,0 0 1 0 0 0 ,0 0 1 
La_Joie_Graphic_Heathered_Tee-img_00000011.jpg,18,0 0 0 0 0 1 0 ,0 0 1 0 0 0 ,0 0 1 
Watercolor_Floral_Print_Romper-img_00000028.jpg,48,1 0 0 0 0 0 0 ,0 0 1 0 0 0 ,0 0 1 
Pleated_Metallic_Tweed_Dress-img_00000051.jpg,41,0 0 0 0 0 1 0 ,0 0 1 0 0 0 ,0 0 1 
Galaxy_Print_Tee-img_00000056.jpg,18,0 0 0 0 0 1 0 ,0 0 1 0 0 0 ,0 0 1 
Perforated_Knit_Dress-img_00000027.jpg,41,0 0 0 0 0 1 0 ,0 0 1 0 0 0 ,0 0 1 
LEEF_PARIS_Holographic_Faux_Leather-Paneled_Tee-img_00000006.jpg,18,0 0 0 0 0 1 0 ,0 0 1 0 0 0 ,0 0 1 
V-Cut_Back_Romper-img_00000004.jpg,48,0 0 0 1 0 0 0 ,0 0 1 0 0 0 ,0 0 1 
Heathered_Open-Front_Cardigan-img_00000013.jpg,6,1 0 0 0 0 0 0 ,0 0 0 0 0 1 ,0 0 1 
Abstract_Print_Pleated_Skirt-img_00000031.jpg,33,0 1 0 0 0 0 0 ,0 1 0 0 0 0 ,0 0 1 
Textured_Sheath_Dress-img_00000077.jpg,41,0 0 0 0 0 1 0 ,0 1 0 0 0 0 ,0 0 1 
Floral_Lace_Maxi_Dress-img_00000076.jpg,41,0 0 0 1 0 0 0 ,0 0 1 0 0 0 ,1 0 0 
Floral_Print_Shorts-img_00000079.jpg,32,1 0 0 0 0 0 0 ,0 0 1 0 0 0 ,0 0 1 
Abstract_Plaid_Printed_Tee-img_00000005.jpg,18,0 1 0 0 0 0 0 ,0 1 0 0 0 0 ,0 0 1 
Striped_Midi_Dress-img_00000053.jpg,41,0 0 1 0 0 0 0 ,0 0 1 0 0 0 ,1 0 0 
Tie-Front_Striped_Tee-img_00000032.jpg,18,0 0 1 0 0 0 0 ,0 0 1 0 0 0 ,0 0 1 
Chunky_Knit_Tassel_Cardigan-img_00000022.jpg,6,0 1 0 0 0 0 0 ,0 0 0 0 0 1 ,0 0 1 
Floral_Print_Halter_Dress-img_00000076.jpg,41,1 0 0 0 0 0 0 ,0 0 1 0 0 0 ,0 0 1 
Crepe_Midi_Skirt-img_00000063.jpg,33,0 0 0 0 0 1 0 ,0 0 1 0 0 0 ,0 0 1 
Textured_Longline_Tee-img_00000042.jpg,18,0 0 0 0 0 1 0 ,0 0 1 0 0 0 ,0 0 1 
French_Terry_Tee-img_00000018.jpg,18,0 1 0 0 0 0 0 ,0 0 1 0 0 0 ,0 0 1 
So_Much_Internet_Tee-img_00000020.jpg,18,0 1 0 0 0 0 0 ,0 0 1 0 0 0 ,0 0 1 
Knife-Pleated_Floral_Skirt-img_00000032.jpg,33,1 0 0 0 0 0 0 ,0 0 1 0 0 0 ,0 0 1 
Woven_Leggings-img_00000010.jpg,30,0 0 0 0 0 1 0 ,0 0 1 0 0 0 ,1 0 0 
Lace_Raglan_Romper-img_00000022.jpg,48,0 0 0 0 0 1 0 ,0 0 1 0 0 0 ,0 0 1 
1981_Graphic_Ringer_Tee-img_00000025.jpg,18,0 1 0 0 0 0 0 ,0 0 1 0 0 0 ,0 0 1 
Mesh-Paneled_T-Shirt_Dress-img_00000027.jpg,41,0 0 0 0 0 1 0 ,0 0 1 0 0 0 ,1 0 0 
Paint_It_Red_Floral_Print_Romper-img_00000013.jpg,48,1 0 0 0 0 0 0 ,0 0 1 0 0 0 ,0 0 1 
Athletic-Striped_Pencil_Skirt-img_00000048.jpg,33,0 0 1 0 0 0 0 ,0 0 1 0 0 0 ,0 0 1 
Chambray_Shirt_Dress-img_00000077.jpg,41,0 0 0 0 0 1 0 ,1 0 0 0 0 0 ,0 0 1 
Joie_De_Vivre_Graphic_Hoodie-img_00000029.jpg,10,0 0 0 0 0 1 0 ,0 0 1 0 0 0 ,0 0 1 
Tartan_Plaid_Blouse-img_00000015.jpg,3,0 0 0 0 0 0 1 ,0 0 1 0 0 0 ,0 0 1 
Paisley_Surplice_Halter_Romper-img_00000007.jpg,48,0 1 0 0 0 0 0 ,0 0 1 0 0 0 ,0 0 1 
Floral_Tapestry_Shorts-img_00000009.jpg,32,1 0 0 0 0 0 0 ,0 0 1 0 0 0 ,1 0 0 
Americana_Skinny_Jeans-img_00000055.jpg,26,0 0 0 0 0 1 0 ,1 0 0 0 0 0 ,1 0 0 
Striped_Boxy_Knit_Tee-img_00000007.jpg,18,0 0 1 0 0 0 0 ,0 0 1 0 0 0 ,0 0 1 
Mixed_Knit_Cardigan-img_00000011.jpg,6,0 0 0 0 0 1 0 ,0 0 0 0 0 1 ,0 0 1 
Eyelash_Lace_Surplice_Dress-img_00000025.jpg,41,0 0 0 1 0 0 0 ,0 0 1 0 0 0 ,0 0 1 
Floral_Foulard_Print_Jumpsuit-img_00000020.jpg,42,1 0 0 0 0 0 0 ,0 0 1 0 0 0 ,0 0 1 
Gauze_Layered-Trim_Blouse-img_00000050.jpg,3,0 0 0 0 0 1 0 ,0 0 1 0 0 0 ,0 0 1 
Embroidered_Mesh-Back_Tank-img_00000042.jpg,17,0 0 0 0 0 1 0 ,0 0 1 0 0 0 ,0 0 1 
Longline_Open-Front_Cardigan-img_00000015.jpg,6,0 0 0 0 0 1 0 ,0 0 0 0 0 1 ,0 0 1 
Crochet-Trimmed_Blouse-img_00000081.jpg,3,0 0 0 1 0 0 0 ,0 1 0 0 0 0 ,0 0 1 
Ruffled_Floral_Blouse-img_00000110.jpg,3,1 0 0 0 0 0 0 ,0 1 0 0 0 0 ,0 0 1 
Lace_Print_Shift_Dress-img_00000021.jpg,41,0 1 0 0 0 0 0 ,0 0 1 0 0 0 ,0 1 0 
Faux_Leather_Sheath_Dress-img_00000053.jpg,41,0 0 0 0 0 1 0 ,0 0 1 0 0 0 ,0 0 1 
Pleated_Textured_Skirt-img_00000027.jpg,33,0 0 0 0 1 0 0 ,0 0 1 0 0 0 ,0 0 1 
Chambray_Drawstring_Joggers-img_00000048.jpg,29,0 0 0 0 0 1 0 ,1 0 0 0 0 0 ,0 0 1 
Boxy_Textured_Top-img_00000016.jpg,19,0 0 0 0 0 1 0 ,0 0 1 0 0 0 ,0 0 1 
Destroyed_Denim_Cutoffs-img_00000015.jpg,24,0 0 0 0 0 1 0 ,1 0 0 0 0 0 ,1 0 0 
Slub_Knit_Tank-img_00000036.jpg,17,0 0 0 0 0 1 0 ,0 0 1 0 0 0 ,0 0 1 
Chambray_Halter_Top-img_00000017.jpg,19,0 1 0 0 0 0 0 ,0 0 1 0 0 0 ,0 0 1 
Longline_Crepe_Blouse-img_00000059.jpg,3,0 0 0 0 0 1 0 ,0 0 1 0 0 0 ,0 0 1 
Striped_Tribal_Print_Muscle_Tee-img_00000008.jpg,18,0 0 1 0 0 0 0 ,0 0 1 0 0 0 ,0 0 1 
Bad_Influence_Tee-img_00000012.jpg,18,0 1 0 0 0 0 0 ,0 0 1 0 0 0 ,0 0 1 
Embroidered_Peasant_Tank-img_00000002.jpg,17,0 1 0 0 0 0 0 ,0 0 1 0 0 0 ,0 0 1 
Lemon_Print_Shorts-img_00000007.jpg,32,0 1 0 0 0 0 0 ,0 0 1 0 0 0 ,0 0 1 
Tulip-Back_Tank-img_00000021.jpg,17,0 0 0 0 0 1 0 ,0 0 1 0 0 0 ,0 0 1 
Striped_Box-Pleated_Skirt-img_00000029.jpg,33,0 0 1 0 0 0 0 ,0 0 1 0 0 0 ,0 0 1 
Windbreaker_Utility_Jacket-img_00000033.jpg,11,0 0 0 0 0 1 0 ,0 0 1 0 0 0 ,0 0 1 
Southwestern_Print_Pocket_Tank-img_00000022.jpg,17,0 0 1 0 0 0 0 ,0 0 1 0 0 0 ,0 0 1 
Floral_Lace_Cutout_Dress-img_00000056.jpg,41,1 0 0 0 0 0 0 ,0 0 1 0 0 0 ,1 0 0 
Must-Have_Slit_Maxi_Skirt-img_00000006.jpg,33,0 0 0 0 0 1 0 ,0 0 1 0 0 0 ,1 0 0 
Faux_Leather_Panel_Hoodie-img_00000020.jpg,10,0 0 0 0 0 1 0 ,0 0 0 1 0 0 ,0 0 1 
Mandala_Print_Skirt-img_00000037.jpg,33,0 1 0 0 0 0 0 ,0 0 1 0 0 0 ,0 0 1 
Soft_Stripe_Crochet_Tank-img_00000014.jpg,17,0 0 0 0 0 1 0 ,0 0 1 0 0 0 ,0 0 1 
Floral_Lace_Overlay_Dress-img_00000038.jpg,41,0 0 0 1 0 0 0 ,0 0 0 0 0 1 ,1 0 0 
Crochet-Patch_Boyfriend_Jeans-img_00000048.jpg,26,0 0 0 0 0 1 0 ,1 0 0 0 0 0 ,0 0 1 
Floral_Print_Bomber_Jacket-img_00000062.jpg,11,1 0 0 0 0 0 0 ,0 0 1 0 0 0 ,0 0 1 
Tie-Dye_Woven_Shorts-img_00000017.jpg,32,1 0 0 0 0 0 0 ,0 0 1 0 0 0 ,0 0 1 
Painted_Floral_Denim_Shorts-img_00000009.jpg,32,1 0 0 0 0 0 0 ,0 0 1 0 0 0 ,1 0 0 
Palm_Print_Drawstring_Sweatshorts-img_00000002.jpg,35,0 0 0 0 0 1 0 ,0 0 1 0 0 0 ,1 0 0 
Utility_Pocket_Shorts-img_00000007.jpg,32,0 0 0 0 0 1 0 ,0 0 1 0 0 0 ,0 0 1 
Menagerie_Print_Tee-img_00000017.jpg,18,0 1 0 0 0 0 0 ,0 0 1 0 0 0 ,0 0 1 
Faux_Leather_Mini_Skirt-img_00000030.jpg,33,0 0 0 0 0 1 0 ,0 0 0 1 0 0 ,1 0 0 
Kitty_Print_Muscle_Tee-img_00000033.jpg,18,0 1 0 0 0 0 0 ,0 0 1 0 0 0 ,0 0 1 
Mid-Rise_-_Distressed_Skinny_Jeans-img_00000064.jpg,26,0 0 0 0 0 1 0 ,1 0 0 0 0 0 ,1 0 0 
Colorblocked_Swim_Trunks-img_00000043.jpg,36,0 0 1 0 0 0 0 ,0 0 1 0 0 0 ,0 0 1 
Side-Slit_Maxi_Dress-img_00000079.jpg,41,0 0 0 0 0 1 0 ,0 0 1 0 0 0 ,0 0 1 
Mixed_Floral_Ruffle-Sleeve_Maxi_Dress-img_00000004.jpg,41,0 0 1 0 0 0 0 ,0 0 1 0 0 0 ,0 0 1 
Structured_A-Line_Dress-img_00000053.jpg,41,0 0 0 0 0 1 0 ,0 0 1 0 0 0 ,0 0 1 
Shirred_Lace-Paneled_Blouse-img_00000007.jpg,3,0 0 0 0 0 1 0 ,0 0 1 0 0 0 ,0 0 1 
Cutout_Maxi_Cami_Dress-img_00000061.jpg,41,0 0 0 0 0 1 0 ,0 0 1 0 0 0 ,0 0 1 
Faux_Leather-Trim_Blouse-img_00000015.jpg,3,0 0 0 0 0 1 0 ,0 1 0 0 0 0 ,0 0 1 
Houndstooth_Surplice_Dress-img_00000011.jpg,41,0 0 0 0 0 0 1 ,0 0 1 0 0 0 ,0 0 1 
Southwestern-Patterned_Joggers-img_00000015.jpg,29,0 0 0 0 0 1 0 ,0 0 1 0 0 0 ,0 0 1 
Collarless_Faux_Suede_Jacket-img_00000005.jpg,11,0 0 0 0 0 1 0 ,0 0 0 1 0 0 ,0 0 1 
Denim_Drawstring_Jumpsuit-img_00000055.jpg,42,0 1 0 0 0 0 0 ,1 0 0 0 0 0 ,0 0 1 
Fringed_Tie-Dye_Racerback_Tank-img_00000010.jpg,17,0 0 0 0 0 1 0 ,0 0 1 0 0 0 ,0 0 1 
Crochet-Trimmed_Longline_Kimono-img_00000003.jpg,44,1 0 0 0 0 0 0 ,0 0 1 0 0 0 ,0 1 0 
Structured_A-Line_Dress-img_00000001.jpg,41,0 0 0 0 0 1 0 ,0 0 1 0 0 0 ,0 0 1 
Textured_Diamond_Knit_Dress-img_00000049.jpg,41,0 0 0 0 0 1 0 ,0 0 1 0 0 0 ,0 0 1 
Plaid_Shirt_Dress-img_00000052.jpg,41,0 0 0 0 0 0 1 ,0 0 1 0 0 0 ,0 0 1 
Everyday_Maxi_Skirt-img_00000056.jpg,33,0 0 0 0 0 1 0 ,0 0 1 0 0 0 ,0 0 1 
Embroidered_Open-Front_Cardigan-img_00000043.jpg,6,0 1 0 0 0 0 0 ,0 0 0 0 0 1 ,0 0 1 
Essential_Draped_Cardigan-img_00000053.jpg,6,0 0 0 0 0 1 0 ,0 0 1 0 0 0 ,0 1 0 
Pink_Floyd_Knit_Tee-img_00000022.jpg,18,0 1 0 0 0 0 0 ,0 0 1 0 0 0 ,0 0 1 
Colorblocked_Cable_Knit_Sweater-img_00000049.jpg,16,0 0 0 0 0 1 0 ,0 0 0 0 0 1 ,0 0 1 
Medium_Wash_-_Straight-Leg_Jeans-img_00000043.jpg,26,0 0 0 0 0 1 0 ,1 0 0 0 0 0 ,0 0 1 
Slit_Midi_Skirt-img_00000024.jpg,33,0 0 0 0 0 1 0 ,0 0 1 0 0 0 ,1 0 0 
Woven_Sheath_Dress-img_00000048.jpg,41,0 0 0 0 0 1 0 ,0 0 1 0 0 0 ,1 0 0 
Layered_Stripe_Dress-img_00000037.jpg,41,1 0 0 0 0 0 0 ,0 0 1 0 0 0 ,0 0 1 
M-Slit_Slip_Dress-img_00000021.jpg,41,0 1 0 0 0 0 0 ,0 0 1 0 0 0 ,0 0 1 
Eyelash_Lace_Bodycon_Dress-img_00000033.jpg,41,0 0 0 1 0 0 0 ,0 0 0 0 0 1 ,0 0 1 
Burnout_Velvet_Fringe_Kimono-img_00000044.jpg,44,0 0 0 1 0 0 0 ,0 1 0 0 0 0 ,0 1 0 
Square_Print_Kimono-img_00000028.jpg,44,1 0 0 0 0 0 0 ,0 1 0 0 0 0 ,0 1 0 
Chevron_Pattern_Cardigan-img_00000016.jpg,6,0 1 0 0 0 0 0 ,0 0 0 0 0 1 ,0 0 1 
V-Neck_Crop_Tee-img_00000042.jpg,18,0 0 0 0 0 1 0 ,0 0 1 0 0 0 ,1 0 0 
Lace-Trimmed_Shift_Dress-img_00000006.jpg,41,0 0 0 1 0 0 0 ,0 0 1 0 0 0 ,0 0 1 
Strapless_Pleated_Chiffon_Dress-img_00000037.jpg,41,0 0 0 0 1 0 0 ,0 1 0 0 0 0 ,0 0 1 
Oversized_Open-Front_Blazer-img_00000063.jpg,2,0 0 0 0 0 1 0 ,0 0 1 0 0 0 ,0 0 1 
Crochet-Trimmed_Denim_Cutoffs-img_00000016.jpg,24,0 0 0 0 0 1 0 ,1 0 0 0 0 0 ,0 0 1 
Mid-Rise_-_Acid_Wash_Jeggings-img_00000058.jpg,27,0 0 0 0 0 1 0 ,1 0 0 0 0 0 ,1 0 0 
Draped_Tie-Back_Midi_Dress-img_00000014.jpg,41,0 0 0 0 0 1 0 ,0 0 1 0 0 0 ,0 0 1 
Textured_Houndstooth_Skirt-img_00000002.jpg,33,0 1 0 0 0 0 0 ,0 0 1 0 0 0 ,0 0 1 
V-Neck_Tee-img_00000080.jpg,18,0 0 0 0 0 1 0 ,0 0 1 0 0 0 ,0 0 1 
Cotton_Twill_Drawstring_Shorts-img_00000037.jpg,32,0 0 0 0 0 1 0 ,0 0 1 0 0 0 ,0 0 1 
Floral_Print_Strapless_Dress-img_00000053.jpg,41,1 0 0 0 0 0 0 ,0 0 1 0 0 0 ,0 0 1 
Belted_Polka_Dot_Dress-img_00000015.jpg,41,0 1 0 0 0 0 0 ,0 0 1 0 0 0 ,0 0 1 
Palm_Tree_Print_Shorts-img_00000050.jpg,32,1 0 0 0 0 0 0 ,0 0 1 0 0 0 ,0 0 1 
Striped_Geo_Print_Dress-img_00000016.jpg,41,0 0 1 0 0 0 0 ,0 0 1 0 0 0 ,1 0 0 
Daisy_Print_Dress-img_00000024.jpg,41,1 0 0 0 0 0 0 ,0 0 1 0 0 0 ,0 0 1 
Floral_Print_Chiffon_Shorts-img_00000032.jpg,32,1 0 0 0 0 0 0 ,0 0 1 0 0 0 ,0 0 1 
Ladder-Cutout_Crepe_Dress-img_00000007.jpg,41,1 0 0 0 0 0 0 ,0 0 1 0 0 0 ,1 0 0 
Ruffle-Trimmed_Blouse-img_00000035.jpg,3,0 0 0 0 0 1 0 ,0 0 1 0 0 0 ,0 0 1 
Embroidered_Diamond_Print_Dress-img_00000040.jpg,41,0 1 0 0 0 0 0 ,0 0 1 0 0 0 ,0 0 1 
Buttoned_Front_Tank-img_00000015.jpg,17,1 0 0 0 0 0 0 ,0 0 1 0 0 0 ,0 0 1 
Cloud_Wash_Denim_Shorts-img_00000009.jpg,32,0 0 0 0 0 1 0 ,1 0 0 0 0 0 ,0 0 1 
Knit_Skater_Skirt-img_00000043.jpg,33,1 0 0 0 0 0 0 ,0 0 1 0 0 0 ,0 0 1 
Be_Cool_Crop_Top-img_00000034.jpg,19,0 0 0 0 0 1 0 ,0 0 1 0 0 0 ,1 0 0 
Basic_V-Neck_Tee-img_00000046.jpg,18,0 0 0 0 0 1 0 ,0 0 1 0 0 0 ,0 0 1 
Windowpane-Patterned_Open-Front_Cardigan-img_00000024.jpg,6,0 0 0 0 0 1 0 ,0 0 1 0 0 0 ,0 0 1 
Zip-Front_Leggings-img_00000014.jpg,30,0 0 0 0 0 1 0 ,0 0 1 0 0 0 ,1 0 0 
Joe_Cool_Cardigan-img_00000041.jpg,6,0 0 0 0 0 1 0 ,0 0 0 0 0 1 ,0 0 1 
Embroidered_High-Neck_Blouse-img_00000083.jpg,3,0 0 0 1 0 0 0 ,0 1 0 0 0 0 ,0 0 1 
Bodycon_Tank_Dress-img_00000070.jpg,41,0 1 0 0 0 0 0 ,0 0 1 0 0 0 ,1 0 0 
Forget_Me_Not_Babydoll_Dress-img_00000006.jpg,41,0 0 0 0 0 1 0 ,0 1 0 0 0 0 ,0 0 1 
Cinched_Ankle_Jeans-img_00000023.jpg,26,0 0 0 0 0 1 0 ,1 0 0 0 0 0 ,0 0 1 
Raw-Edged_Muscle_Tee-img_00000031.jpg,18,0 0 0 0 0 1 0 ,0 0 1 0 0 0 ,0 0 1 
Marled_Knit_Sweatpants-img_00000001.jpg,34,1 0 0 0 0 0 0 ,0 0 0 0 0 1 ,0 0 1 
Faux_Leather_Biker_Jacket-img_00000077.jpg,11,0 0 0 0 0 1 0 ,0 0 0 1 0 0 ,0 0 1 
Raglan_Sleeve_Tee-img_00000051.jpg,18,0 0 0 1 0 0 0 ,0 0 1 0 0 0 ,0 0 1 
Front-Slit_Pencil_Skirt-img_00000016.jpg,33,1 0 0 0 0 0 0 ,0 0 1 0 0 0 ,0 0 1 
Pleated_Drawstring_Chinos-img_00000024.jpg,22,0 0 0 0 0 1 0 ,0 0 1 0 0 0 ,0 0 1 
Embroidered_Halter_Maxi_Dress-img_00000055.jpg,41,0 0 0 1 0 0 0 ,0 1 0 0 0 0 ,0 0 1 
Trouser_Shorts-img_00000052.jpg,32,0 0 0 0 0 1 0 ,1 0 0 0 0 0 ,0 0 1 
Abstract_Print_Trapeze_Dress-img_00000018.jpg,41,1 0 0 0 0 0 0 ,0 1 0 0 0 0 ,0 0 1 
Abstract_Print_Pleated_Dress-img_00000040.jpg,41,0 0 0 0 0 1 0 ,0 1 0 0 0 0 ,0 0 1 
Ornate_Floral_Print_Jacket-img_00000034.jpg,11,1 0 0 0 0 0 0 ,0 0 1 0 0 0 ,0 0 1 
Flat-Front_Shorts-img_00000041.jpg,32,0 0 0 0 0 1 0 ,0 0 1 0 0 0 ,0 0 1 
Chambray_Drawstring_Joggers-img_00000028.jpg,29,0 0 0 0 0 1 0 ,1 0 0 0 0 0 ,0 0 1 
Baroque-Embroidered_Crop_Top-img_00000020.jpg,19,0 0 0 0 0 1 0 ,0 0 1 0 0 0 ,0 1 0 
Abstract_Asymmetrical_Hem_Top-img_00000019.jpg,19,1 0 0 0 0 0 0 ,0 1 0 0 0 0 ,0 0 1 
Longline_Chiffon_Cardigan-img_00000043.jpg,6,1 0 0 0 0 0 0 ,0 1 0 0 0 0 ,0 0 1 
Crochet-Trimmed_Kimono-img_00000027.jpg,44,0 0 0 1 0 0 0 ,0 1 0 0 0 0 ,0 1 0 
High-Slit_Longline_Flannel-img_00000016.jpg,7,0 0 0 0 0 1 0 ,0 0 1 0 0 0 ,0 0 1 
Ladder-Back_Crepe_Tank-img_00000031.jpg,17,0 0 0 1 0 0 0 ,0 0 1 0 0 0 ,0 0 1 
Faux_Leather_Peplum_Jacket-img_00000078.jpg,11,0 0 0 0 0 1 0 ,0 0 0 1 0 0 ,0 0 1 
Knit_Open-Front_Blazer-img_00000009.jpg,2,0 0 0 1 0 0 0 ,0 0 0 0 0 1 ,0 0 1 
Surplice_Back_Printed_Maxi_Dress-img_00000040.jpg,41,0 0 0 0 0 1 0 ,0 0 1 0 0 0 ,0 0 1 
Pleated_Overall_Skirt-img_00000006.jpg,33,0 0 0 0 1 0 0 ,0 0 1 0 0 0 ,0 0 1 
Abstract_Print_Ruffled_Romper-img_00000036.jpg,48,1 0 0 0 0 0 0 ,0 1 0 0 0 0 ,0 0 1 
Leopard_Print_Bodycon_Dress-img_00000003.jpg,41,0 1 0 0 0 0 0 ,0 0 1 0 0 0 ,1 0 0 
Hooded_Cotton_Canvas_Anorak-img_00000137.jpg,1,0 0 0 0 0 1 0 ,0 0 1 0 0 0 ,0 0 1 
Clustered_Floral_Print_Skater_Skirt-img_00000031.jpg,33,1 0 0 0 0 0 0 ,0 0 1 0 0 0 ,0 0 1 
Embroidered_Crochet_Pencil_Skirt-img_00000025.jpg,33,0 0 0 1 0 0 0 ,0 0 0 0 0 1 ,0 0 1 
Geo_Pattern_Sweater-img_00000064.jpg,16,0 1 0 0 0 0 0 ,0 0 0 0 0 1 ,0 0 1 
Longline_Crepe_Blouse-img_00000089.jpg,3,0 0 0 0 0 1 0 ,0 0 1 0 0 0 ,0 1 0 
Acid_Wash_Distressed_Jeans-img_00000010.jpg,26,1 0 0 0 0 0 0 ,1 0 0 0 0 0 ,1 0 0 
Pleated_Square_Neck_Dress-img_00000027.jpg,41,0 0 0 0 0 1 0 ,0 1 0 0 0 0 ,0 0 1 
Longline_Striped_Cardigan-img_00000016.jpg,6,0 0 1 0 0 0 0 ,0 0 1 0 0 0 ,0 0 1 
Striped_Midi_Skirt-img_00000022.jpg,33,0 0 1 0 0 0 0 ,0 0 1 0 0 0 ,0 0 1 
Paisley_High-Slit_Maxi_Dress-img_00000010.jpg,41,1 0 0 0 0 0 0 ,0 0 1 0 0 0 ,0 0 1 
"Take_Less,_Give_More_Tee-img_00000017.jpg",18,0 1 0 0 0 0 0 ,0 0 1 0 0 0 ,0 0 1 
Beaded_Chiffon_Top-img_00000050.jpg,19,0 0 0 0 0 1 0 ,0 0 1 0 0 0 ,0 0 1 
Floral_Print_Peasant_Dress-img_00000039.jpg,41,1 0 0 0 0 0 0 ,0 0 1 0 0 0 ,0 0 1 
Round-Hem_Brushstroke_Print_Blazer-img_00000063.jpg,2,0 0 0 0 0 1 0 ,0 0 1 0 0 0 ,1 0 0 
Buttoned_Chambray_Babydoll_Dress-img_00000046.jpg,41,1 0 0 0 0 0 0 ,0 0 1 0 0 0 ,0 0 1 
Tribal_Patterned_Jacket-img_00000020.jpg,11,0 1 0 0 0 0 0 ,0 0 1 0 0 0 ,0 0 1 
Pleated_Floral_Chiffon_Skirt-img_00000026.jpg,33,1 0 0 0 0 0 0 ,0 0 1 0 0 0 ,0 0 1 
Heathered_Zip_Hoodie-img_00000035.jpg,10,0 0 0 0 0 1 0 ,0 0 1 0 0 0 ,0 0 1 
Ribbed-Trim_Sheath_Dress-img_00000010.jpg,41,0 0 0 0 0 1 0 ,0 0 1 0 0 0 ,0 0 1 
Classic_Flared_Jeans-img_00000048.jpg,26,0 0 0 0 0 1 0 ,1 0 0 0 0 0 ,0 0 1 
Minnie_Mouse_Drawstring_Shorts-img_00000021.jpg,32,0 0 0 0 0 1 0 ,0 0 1 0 0 0 ,0 0 1 
Striped_Crew_Neck_Dress-img_00000026.jpg,41,0 0 1 0 0 0 0 ,0 0 1 0 0 0 ,1 0 0 
Contrast_Waist_Sweatpants-img_00000015.jpg,34,0 0 0 0 0 1 0 ,0 0 1 0 0 0 ,0 0 1 
Corduroy_Hooded_Parka-img_00000027.jpg,13,0 0 0 0 0 0 1 ,0 0 1 0 0 0 ,0 1 0 
Polka_Dot_Tee-img_00000025.jpg,18,0 1 0 0 0 0 0 ,0 0 1 0 0 0 ,0 0 1 
Cuffed_Longline_Tee-img_00000019.jpg,18,0 0 0 0 0 1 0 ,0 0 1 0 0 0 ,0 0 1 
Organza-Paneled_Dress-img_00000034.jpg,41,0 0 0 0 0 1 0 ,0 1 0 0 0 0 ,0 0 1 
Ruffled_Tie-Neck_Blouse-img_00000011.jpg,3,0 0 0 0 0 1 0 ,0 0 1 0 0 0 ,0 0 1 
V-Back_Tank-img_00000027.jpg,17,0 0 0 0 0 1 0 ,0 0 1 0 0 0 ,0 0 1 
Abstract_Print_Embroidered_Kimono-img_00000001.jpg,44,1 0 0 0 0 0 0 ,0 1 0 0 0 0 ,0 1 0 
Mineral_Wash_Pencil_Skirt-img_00000027.jpg,33,0 0 0 0 0 1 0 ,1 0 0 0 0 0 ,1 0 0 
Everyday_Fold-Over_Leggings-img_00000009.jpg,30,0 0 0 0 0 1 0 ,0 0 1 0 0 0 ,1 0 0 
Mid-Rise_Skinny_Jeans-img_00000077.jpg,26,0 0 0 0 0 1 0 ,1 0 0 0 0 0 ,1 0 0 
Snap_Collar_Moto_Jacket-img_00000032.jpg,11,0 0 0 0 0 1 0 ,0 0 0 1 0 0 ,0 0 1 
Crossback_Surplice_Jumpsuit-img_00000025.jpg,42,1 0 0 0 0 0 0 ,0 0 1 0 0 0 ,0 0 1 
Athletic_Mesh-Paneled_Track_Jacket-img_00000007.jpg,11,0 0 0 0 0 1 0 ,0 0 1 0 0 0 ,1 0 0 
Leopard_Print_Knit_Sweatpants-img_00000011.jpg,34,0 1 0 0 0 0 0 ,0 0 1 0 0 0 ,0 0 1 
Textured_Fisherman_Sweater-img_00000036.jpg,16,0 0 0 0 0 1 0 ,0 0 0 0 0 1 ,0 0 1 
Brushed_Knit_Fringe_Top-img_00000052.jpg,19,0 0 0 0 0 1 0 ,0 1 0 0 0 0 ,1 0 0 
Floral_Lace_Skater_Dress-img_00000056.jpg,41,1 0 0 0 0 0 0 ,0 0 1 0 0 0 ,0 0 1 
Coated_Clean_Wash_-_Skinny_Jeans-img_00000021.jpg,26,0 0 0 0 0 1 0 ,1 0 0 0 0 0 ,0 0 1 
Floral_Crochet_Tank-img_00000010.jpg,17,1 0 0 0 0 0 0 ,0 1 0 0 0 0 ,0 0 1 
Acid_Wash_-_Skinny_Jeans-img_00000072.jpg,26,1 0 0 0 0 0 0 ,1 0 0 0 0 0 ,1 0 0 
Foulard_Print_Tee-img_00000055.jpg,18,1 0 0 0 0 0 0 ,0 0 1 0 0 0 ,0 0 1 
Clean_Wash_High-Waisted_Shorts-img_00000025.jpg,32,0 0 0 0 0 1 0 ,1 0 0 0 0 0 ,1 0 0 
Daisy_Print_Shorts-img_00000002.jpg,32,1 0 0 0 0 0 0 ,0 0 1 0 0 0 ,0 0 1 
Ruched_Open-Front_Cardigan-img_00000063.jpg,6,0 0 0 0 0 1 0 ,0 0 1 0 0 0 ,0 0 1 
I_Glow_Graphic_Tank-img_00000007.jpg,17,0 1 0 0 0 0 0 ,0 0 1 0 0 0 ,0 0 1 
Cutout_Tribal_Print_Dress-img_00000020.jpg,41,0 1 0 0 0 0 0 ,0 0 1 0 0 0 ,0 0 1 
Double-V_Slip_Dress-img_00000024.jpg,41,0 1 0 0 0 0 0 ,0 0 1 0 0 0 ,0 0 1 
Striped_Knit_Cardigan-img_00000041.jpg,6,0 0 1 0 0 0 0 ,0 0 0 0 0 1 ,0 1 0 
Cutout_Back_Floral_Dress-img_00000043.jpg,41,1 0 0 0 0 0 0 ,0 0 1 0 0 0 ,0 0 1 
Marled_Back-Pleated_Tank-img_00000025.jpg,17,0 0 1 0 0 0 0 ,0 0 1 0 0 0 ,0 0 1 
Lace_Insert_Bodycon_Dress-img_00000071.jpg,41,0 0 0 0 0 1 0 ,0 0 1 0 0 0 ,1 0 0 
Favorite_Short-Sleeve_Dress-img_00000054.jpg,41,0 0 0 0 0 1 0 ,0 0 1 0 0 0 ,1 0 0 
Surplice_Halter_Romper-img_00000030.jpg,48,0 0 1 0 0 0 0 ,0 0 1 0 0 0 ,0 0 1 
Box_Pleat_Crop_Top-img_00000027.jpg,19,0 0 0 0 0 1 0 ,0 0 1 0 0 0 ,0 0 1 
Colorblock_Performance_Leggings-img_00000005.jpg,30,0 0 0 0 0 1 0 ,0 0 1 0 0 0 ,1 0 0 
Cowl_Neck_Tunic_Sweater-img_00000053.jpg,16,0 0 0 0 0 1 0 ,0 0 0 0 0 1 ,0 0 1 
West_Coast_Mesh_Jersey-img_00000038.jpg,12,0 1 0 0 0 0 0 ,0 0 0 0 0 1 ,0 0 1 
Draped_Longline_Cardigan-img_00000051.jpg,6,0 0 0 0 0 1 0 ,0 0 0 0 0 1 ,0 0 1 
Say_In_French_Graphic_Muscle_Tee-img_00000006.jpg,18,0 1 0 0 0 0 0 ,0 0 1 0 0 0 ,0 0 1 
Abstract_Grid_Peplum_Top-img_00000035.jpg,19,1 0 0 0 0 0 0 ,0 0 1 0 0 0 ,0 0 1 
Crochet-Trimmed_Batwing_Cardigan-img_00000006.jpg,6,0 0 0 0 0 1 0 ,0 0 0 0 0 1 ,0 0 1 
Embroidered_Gauze_Dress-img_00000043.jpg,41,0 0 0 0 0 1 0 ,0 0 1 0 0 0 ,0 1 0 
Ribbed_Knit_Flared_Dress-img_00000020.jpg,41,0 0 1 0 0 0 0 ,0 0 0 0 0 1 ,0 0 1 
Crinkled_Stretch_Knit_Blouse-img_00000076.jpg,3,0 0 0 0 0 1 0 ,0 0 1 0 0 0 ,0 0 1 
Los_Angeles_Pocket_Tee-img_00000019.jpg,18,0 0 0 0 0 1 0 ,0 0 1 0 0 0 ,0 0 1 
Single-Button_Blazer-img_00000048.jpg,2,0 0 0 0 0 1 0 ,0 0 1 0 0 0 ,1 0 0 
Classic_Scoop_Neck_Top-img_00000039.jpg,19,0 0 0 0 0 1 0 ,0 1 0 0 0 0 ,0 0 1 
Layered_Chiffon_Blouse-img_00000133.jpg,3,0 0 0 0 0 1 0 ,0 1 0 0 0 0 ,0 0 1 
Faux_Leather-Trim_Blouse-img_00000049.jpg,3,0 0 0 0 0 1 0 ,0 1 0 0 0 0 ,0 0 1 
Paisley_Print_Maxi_Dress-img_00000037.jpg,41,0 1 0 0 0 0 0 ,0 0 1 0 0 0 ,0 0 1 
Mesh-Paneled_Skater_Dress-img_00000030.jpg,41,0 0 0 0 0 1 0 ,0 0 1 0 0 0 ,1 0 0 
Colorblock_Trapeze_Dress-img_00000036.jpg,41,0 0 0 0 0 1 0 ,0 0 1 0 0 0 ,0 0 1 
Heathered_Stripe-Sleeve_Tee-img_00000023.jpg,18,0 0 0 0 0 1 0 ,0 0 1 0 0 0 ,0 0 1 
Flutter_Sleeve_Blouse-img_00000126.jpg,3,1 0 0 0 0 0 0 ,0 1 0 0 0 0 ,0 0 1 
Scuba_Knit_A-Line_Dress-img_00000034.jpg,41,0 0 0 0 1 0 0 ,0 0 1 0 0 0 ,0 0 1 
Embroidered_Mesh-Paneled_Blouse-img_00000082.jpg,3,0 0 0 1 0 0 0 ,0 0 1 0 0 0 ,0 0 1 
Striped_Floral_Shift_Dress-img_00000055.jpg,41,1 0 0 0 0 0 0 ,0 0 1 0 0 0 ,0 0 1 
Meow_Bella_Slub_Knit_Tee-img_00000014.jpg,18,0 1 0 0 0 0 0 ,0 0 1 0 0 0 ,0 0 1 
Striped_Swim_Trunks-img_00000025.jpg,36,0 0 1 0 0 0 0 ,0 0 1 0 0 0 ,0 0 1 
Crocheted_Drop_Waist_Dress-img_00000020.jpg,41,0 0 0 1 0 0 0 ,0 0 1 0 0 0 ,0 0 1 
Slub_Knit_Boyfriend_Tee-img_00000020.jpg,18,0 0 0 0 0 1 0 ,0 0 1 0 0 0 ,0 0 1 
Scuba_Knit_A-Line_Dress-img_00000017.jpg,41,0 0 0 0 0 1 0 ,0 0 1 0 0 0 ,0 0 1 
Heathered_Shawl_Collar_Cardigan-img_00000057.jpg,6,0 0 0 0 0 1 0 ,0 0 0 0 0 1 ,0 0 1 
Striped_Paisley_Print_Romper-img_00000008.jpg,48,0 0 1 0 0 0 0 ,0 0 1 0 0 0 ,0 0 1 
Tie-Dye_Hoodie-img_00000048.jpg,10,1 0 0 0 0 0 0 ,0 0 1 0 0 0 ,0 0 1 
Ribbed_Knit_Flared_Dress-img_00000052.jpg,41,0 0 1 0 0 0 0 ,0 0 1 0 0 0 ,0 0 1 
Textured_Sheath_Dress-img_00000057.jpg,41,0 0 1 0 0 0 0 ,0 0 1 0 0 0 ,1 0 0 
Floral_Bodycon_Dress-img_00000082.jpg,41,1 0 0 0 0 0 0 ,0 0 1 0 0 0 ,1 0 0 
Trimmed_Pocket_Tank-img_00000039.jpg,17,0 0 0 0 0 1 0 ,0 0 0 0 1 0 ,0 0 1 
Denim_Mini_Skirt-img_00000068.jpg,33,0 0 0 0 0 1 0 ,1 0 0 0 0 0 ,1 0 0 
Floral_Print_Surplice_Dress-img_00000019.jpg,41,1 0 0 0 0 0 0 ,0 1 0 0 0 0 ,0 0 1 
Crochet_Cutout_Fringe_Tank-img_00000014.jpg,17,1 0 0 0 0 0 0 ,0 0 1 0 0 0 ,0 0 1 
Lace-Paneled_Maxi_Dress-img_00000067.jpg,41,0 0 0 0 1 0 0 ,0 1 0 0 0 0 ,0 0 1 
Surplice_Lace_Dress-img_00000029.jpg,41,0 0 0 1 0 0 0 ,0 1 0 0 0 0 ,0 0 1 
Wildflower_Print_Leggings-img_00000036.jpg,30,1 0 0 0 0 0 0 ,0 0 1 0 0 0 ,0 0 1 
Lace-Trimmed_Cutout_Halter_Romper-img_00000036.jpg,48,0 0 0 0 0 1 0 ,0 0 1 0 0 0 ,0 0 1 
Open-Front_Zippered_Blazer-img_00000018.jpg,2,0 0 0 0 0 1 0 ,0 0 0 1 0 0 ,0 0 1 
Longline_Cotton_Shirt_Dress-img_00000024.jpg,41,0 0 1 0 0 0 0 ,0 0 1 0 0 0 ,0 0 1 
Embroidered_Cutout_Smock_Dress-img_00000012.jpg,41,0 0 0 0 0 1 0 ,0 0 1 0 0 0 ,0 0 1 
Everyday_Combo_Maxi_Dress-img_00000046.jpg,41,0 0 0 0 0 1 0 ,0 0 1 0 0 0 ,0 0 1 
Lace-Paneled_Off-the-Shoulder_Dress-img_00000051.jpg,41,0 0 0 1 0 0 0 ,0 1 0 0 0 0 ,0 0 1 
Antiqued_Floral_Denim_Shorts-img_00000021.jpg,32,1 0 0 0 0 0 0 ,0 0 1 0 0 0 ,1 0 0 
V-Neck_Tank-img_00000024.jpg,17,0 0 0 0 0 1 0 ,0 0 1 0 0 0 ,1 0 0 
Faux_Leather-Trim_Blouse-img_00000074.jpg,3,1 0 0 0 0 0 0 ,0 0 1 0 0 0 ,0 0 1 
Baroque_Lace_Shorts-img_00000013.jpg,32,0 0 0 0 0 1 0 ,0 1 0 0 0 0 ,0 0 1 
Drapey_Floral_Tile_Print_Dress-img_00000051.jpg,41,0 1 0 0 0 0 0 ,0 0 1 0 0 0 ,0 1 0 
Buttoned_Front_Tank-img_00000040.jpg,17,0 0 0 0 0 1 0 ,0 0 1 0 0 0 ,0 0 1 
Collared_Chiffon_Surplice_Top-img_00000013.jpg,19,0 0 0 0 0 1 0 ,0 1 0 0 0 0 ,0 0 1 
Boxy_Striped_Crop_Top-img_00000066.jpg,19,0 0 1 0 0 0 0 ,0 0 1 0 0 0 ,1 0 0 
Smocked_Floral_Print_Shorts-img_00000001.jpg,32,1 0 0 0 0 0 0 ,0 0 1 0 0 0 ,0 0 1 
Asymmetrical_Pencil_Skirt-img_00000015.jpg,33,0 0 0 0 0 1 0 ,0 0 1 0 0 0 ,0 0 1 
Medallion_Print_Blouse-img_00000037.jpg,3,0 1 0 0 0 0 0 ,0 0 1 0 0 0 ,0 0 1 
Embellished_Boxy_Tee-img_00000009.jpg,18,0 0 0 0 0 1 0 ,0 0 1 0 0 0 ,0 0 1 
Abstract_Print_Cutout_Dress-img_00000015.jpg,41,1 0 0 0 0 0 0 ,0 1 0 0 0 0 ,0 0 1 
Heathered_Curved-Hem_Tank-img_00000013.jpg,17,0 0 0 0 0 1 0 ,0 0 1 0 0 0 ,0 0 1 
Hooded_Cotton_Canvas_Anorak-img_00000082.jpg,1,0 0 0 0 0 1 0 ,0 0 1 0 0 0 ,0 0 1 
Striped_Open-Front_Cardigan-img_00000055.jpg,6,0 0 1 0 0 0 0 ,0 0 1 0 0 0 ,0 0 1 
Embroidered_Self-Tie_Blouse-img_00000048.jpg,3,0 0 0 0 0 1 0 ,0 0 1 0 0 0 ,0 0 1 
Faux_Leather_Panel_Hoodie-img_00000004.jpg,10,1 0 0 0 0 0 0 ,0 0 1 0 0 0 ,0 0 1 
Belted_Utility_Romper-img_00000011.jpg,48,0 0 0 0 0 1 0 ,0 0 1 0 0 0 ,0 0 1 
High-Waisted_Denim_Shorts-img_00000017.jpg,32,0 0 0 0 0 1 0 ,1 0 0 0 0 0 ,0 0 1 
High-Waisted_Plaid_Shorts-img_00000088.jpg,32,0 0 1 0 0 0 0 ,0 0 1 0 0 0 ,0 0 1 
Boxy_Buttoned_Blazer-img_00000024.jpg,2,0 0 0 0 0 1 0 ,0 0 1 0 0 0 ,0 1 0 
Heathered_Babydoll_Dress-img_00000019.jpg,41,0 0 0 0 0 1 0 ,0 0 1 0 0 0 ,0 0 1 
Tribal_Print_Drawstring_Shorts-img_00000024.jpg,32,0 1 0 0 0 0 0 ,0 0 1 0 0 0 ,0 0 1 
Abstract_Print_French_Terry_Top-img_00000026.jpg,19,0 0 0 0 0 1 0 ,0 1 0 0 0 0 ,0 0 1 
Button_Front_Shirt_Dress-img_00000016.jpg,41,0 1 0 0 0 0 0 ,0 1 0 0 0 0 ,0 0 1 
Tiered_Peasant_Dress-img_00000010.jpg,41,1 0 0 0 0 0 0 ,0 0 1 0 0 0 ,0 0 1 
Cap-Sleeved_Shift_Dress-img_00000052.jpg,41,0 1 0 0 0 0 0 ,0 0 1 0 0 0 ,0 0 1 
Striped_V-Neck_Cotton_Tee-img_00000018.jpg,18,0 0 1 0 0 0 0 ,0 0 1 0 0 0 ,0 0 1 
Cutout_Layered_T-Shirt_Dress-img_00000007.jpg,41,0 0 0 0 0 1 0 ,0 0 1 0 0 0 ,0 0 1 
Tribal_Print_Fringe_Cami_Dress-img_00000023.jpg,41,0 1 0 0 0 0 0 ,0 0 1 0 0 0 ,0 0 1 
Longline_Ribbed_Knit_Dress-img_00000002.jpg,41,0 0 0 0 0 1 0 ,0 0 0 0 0 1 ,0 0 1 
Open-Knit_Fringe_Tank-img_00000007.jpg,17,0 0 0 0 0 1 0 ,0 0 0 0 0 1 ,0 0 1 
Classic_Crew_Neck_Sweater-img_00000020.jpg,16,0 0 0 0 0 1 0 ,0 0 1 0 0 0 ,0 0 1 
Mesh_Moment_Midi_Dress-img_00000024.jpg,41,0 0 0 0 0 1 0 ,0 0 1 0 0 0 ,1 0 0 
Quilted_Bomber_Jacket-img_00000029.jpg,11,0 0 0 0 0 1 0 ,0 0 1 0 0 0 ,0 0 1 
Belted_Peplum_Dress-img_00000044.jpg,41,0 0 0 0 0 1 0 ,0 1 0 0 0 0 ,1 0 0 
Crinkled_Crepe_Joggers-img_00000021.jpg,29,0 0 0 0 0 1 0 ,0 0 1 0 0 0 ,0 0 1 
Crossback_Knit_Tank-img_00000010.jpg,17,0 0 0 0 0 1 0 ,0 0 1 0 0 0 ,0 0 1 
Striped_Belted_Dress-img_00000054.jpg,41,0 0 1 0 0 0 0 ,0 0 1 0 0 0 ,1 0 0 
Lace-Trimmed_Halter_Dress-img_00000059.jpg,41,0 0 0 1 0 0 0 ,0 0 1 0 0 0 ,0 1 0 
Floral-Embroidered_Halter_Romper-img_00000023.jpg,48,1 0 0 0 0 0 0 ,0 1 0 0 0 0 ,0 0 1 
Abstract_Cutout-Back_Top-img_00000008.jpg,19,0 1 0 0 0 0 0 ,0 0 1 0 0 0 ,0 0 1 
Jersey_Trapeze_Dress-img_00000014.jpg,41,0 0 0 0 1 0 0 ,0 0 1 0 0 0 ,0 0 1 
Blah_Blah_Blah_Tee-img_00000033.jpg,18,0 1 0 0 0 0 0 ,0 0 1 0 0 0 ,0 1 0 
Tailored_Woven_Blazer-img_00000087.jpg,2,0 0 0 0 0 1 0 ,0 0 1 0 0 0 ,0 0 1 
Colorblock_Capri_Leggings-img_00000013.jpg,30,0 0 0 0 0 1 0 ,0 0 1 0 0 0 ,1 0 0 
Diamond_Cutout_Sheath_Dress-img_00000021.jpg,41,0 0 0 1 0 0 0 ,0 0 1 0 0 0 ,0 0 1 
Scalloped_Lace_Shorts-img_00000049.jpg,32,0 0 0 1 0 0 0 ,0 0 1 0 0 0 ,0 0 1 
Zippered_Faux_Leather_Mini_Skirt-img_00000026.jpg,33,0 0 0 0 0 1 0 ,0 0 1 0 0 0 ,0 0 1 
Ikat_Print_Chiffon_Blouse-img_00000092.jpg,3,0 1 0 0 0 0 0 ,0 1 0 0 0 0 ,0 0 1 
Crisscross_Back_Jumpsuit-img_00000034.jpg,42,0 0 0 0 0 1 0 ,0 0 1 0 0 0 ,1 0 0 
Boxy_Split-Neck_Blouse-img_00000042.jpg,3,0 0 0 0 1 0 0 ,0 0 1 0 0 0 ,0 0 1 
Striped_Pocket_Tee-img_00000054.jpg,18,0 0 1 0 0 0 0 ,0 0 1 0 0 0 ,0 0 1 
Daisy_Cutoff_Shorts-img_00000022.jpg,32,0 0 0 1 0 0 0 ,1 0 0 0 0 0 ,0 0 1 
Velveteen_Denim_Shorts-img_00000022.jpg,32,0 0 0 0 0 1 0 ,0 0 1 0 0 0 ,0 0 1 
Bell_Sleeve_Blouse-img_00000150.jpg,3,0 0 0 0 0 1 0 ,0 1 0 0 0 0 ,0 1 0 
Long_Crew_Neck_Tee-img_00000058.jpg,18,0 0 0 0 0 1 0 ,0 0 1 0 0 0 ,0 0 1 
Caged_V-Neck_Maxi_Dress-img_00000032.jpg,41,0 0 0 0 0 1 0 ,0 1 0 0 0 0 ,0 0 1 
Contrast-Trimmed_Heathered_Tank-img_00000002.jpg,17,0 0 0 0 0 1 0 ,0 0 1 0 0 0 ,0 0 1 
Beaded_Laser-Cut_Blouse-img_00000074.jpg,3,0 0 0 0 0 1 0 ,0 1 0 0 0 0 ,0 0 1 
Heathered_V-Neck_Tee-img_00000012.jpg,18,0 0 0 0 0 1 0 ,0 0 1 0 0 0 ,0 0 1 
Mid-Rise_-_Distressed_Boyfriend_Jeans-img_00000027.jpg,26,0 0 0 0 0 1 0 ,1 0 0 0 0 0 ,0 0 1 
Ornate_Crochet_Tunic_Dress-img_00000009.jpg,41,0 0 0 1 0 0 0 ,0 1 0 0 0 0 ,0 0 1 
Abstract_Floral_Strapless_Dress-img_00000016.jpg,41,1 0 0 0 0 0 0 ,0 0 1 0 0 0 ,0 0 1 
Chevron_Print_Halter_Top-img_00000017.jpg,19,0 1 0 0 0 0 0 ,0 0 1 0 0 0 ,1 0 0 
Reason_Heathered_NY_Baseball_Jersey-img_00000036.jpg,12,0 1 0 0 0 0 0 ,0 0 1 0 0 0 ,0 0 1 
Striped_Fringe-Trim_Shawl_Cardigan-img_00000021.jpg,6,0 1 0 0 0 0 0 ,0 0 0 0 0 1 ,0 0 1 
Metallic_Knit_Sweater-img_00000052.jpg,16,1 0 0 0 0 0 0 ,0 0 0 0 0 1 ,0 0 1 
Elephant_Print_Cami_Dress-img_00000035.jpg,41,0 1 0 0 0 0 0 ,0 0 1 0 0 0 ,0 0 1 
Longline_Faux_Fur_Jacket-img_00000038.jpg,11,0 0 1 0 0 0 0 ,0 0 0 0 1 0 ,0 0 1 
Abstract_Print_Jumpsuit-img_00000032.jpg,42,1 0 0 0 0 0 0 ,0 1 0 0 0 0 ,0 0 1 
Faded_Distressed_Jeans-img_00000033.jpg,26,0 0 0 0 0 1 0 ,1 0 0 0 0 0 ,1 0 0 
Sequined_Chiffon_Maxi_Dress-img_00000067.jpg,41,0 0 0 1 0 0 0 ,0 1 0 0 0 0 ,0 0 1 
Woven_Crossback_Dress-img_00000024.jpg,41,0 0 1 0 0 0 0 ,0 0 1 0 0 0 ,0 0 1 
Striped_Cami_Jumpsuit-img_00000004.jpg,42,0 0 0 0 0 1 0 ,0 0 1 0 0 0 ,0 0 1 
Eyelash_Lace-Paneled_Romper-img_00000004.jpg,48,0 0 0 1 0 0 0 ,0 0 1 0 0 0 ,1 0 0 
Basic_Tank-img_00000078.jpg,17,0 0 0 0 0 1 0 ,0 0 1 0 0 0 ,0 0 1 
TMNT_Graphic_Tee-img_00000072.jpg,18,0 1 0 0 0 0 0 ,0 0 1 0 0 0 ,0 0 1 
Textured_Cutout_Jumpsuit-img_00000063.jpg,42,1 0 0 0 0 0 0 ,0 0 1 0 0 0 ,0 0 1 
Distressed_For_the_Road_Tee-img_00000007.jpg,18,0 0 0 0 0 1 0 ,0 0 1 0 0 0 ,0 0 1 
Lace-Trimmed_Swiss_Dot_Dress-img_00000035.jpg,41,0 0 0 1 0 0 0 ,0 1 0 0 0 0 ,0 0 1 
Basic_V-Neck_Tee-img_00000039.jpg,18,0 0 0 0 0 1 0 ,0 0 1 0 0 0 ,0 0 1 
Classic_Self-Tie_Blouse-img_00000031.jpg,3,0 1 0 0 0 0 0 ,0 0 1 0 0 0 ,0 0 1 
Southwestern-Patterned_Cardigan-img_00000038.jpg,6,0 1 0 0 0 0 0 ,0 0 1 0 0 0 ,0 0 1 
Bleached_Low-Rise_Skinny_Jeans-img_00000017.jpg,26,1 0 0 0 0 0 0 ,1 0 0 0 0 0 ,1 0 0 
Striped_Sailor_Shorts-img_00000043.jpg,32,0 0 1 0 0 0 0 ,0 0 1 0 0 0 ,0 0 1 
Skinny_Ankle_Jeans-img_00000076.jpg,26,0 0 0 0 0 1 0 ,1 0 0 0 0 0 ,1 0 0 
Medium_Wash_-_Straight-Leg_Jeans-img_00000060.jpg,26,0 0 0 0 0 1 0 ,1 0 0 0 0 0 ,0 0 1 
Classic_Drawstring_Hoodie-img_00000042.jpg,10,0 0 0 0 0 1 0 ,0 0 1 0 0 0 ,0 0 1 
Floral_Print_Strapless_Dress-img_00000062.jpg,41,1 0 0 0 0 0 0 ,0 0 1 0 0 0 ,0 0 1 
Southwestern_Print_Racerback_Tank-img_00000001.jpg,17,0 1 0 0 0 0 0 ,0 0 1 0 0 0 ,1 0 0 
Flutter_Sleeve_Surplice_Dress-img_00000009.jpg,41,1 0 0 0 0 0 0 ,0 1 0 0 0 0 ,0 0 1 
Destroyed_Cropped_Jeans-img_00000046.jpg,26,0 0 0 0 0 1 0 ,1 0 0 0 0 0 ,0 0 1 
Low-Rise_Skinny_Jeans-img_00000048.jpg,26,0 0 0 0 0 1 0 ,1 0 0 0 0 0 ,1 0 0 
Crochet-Trimmed_Gauze_Maxi_Dress-img_00000031.jpg,41,0 0 0 0 0 1 0 ,0 0 1 0 0 0 ,0 0 1 
Floral-Embroidered_Strapless_Dress-img_00000059.jpg,41,0 0 0 1 0 0 0 ,0 0 0 1 0 0 ,0 0 1 
Slim_Cotton_Chinos-img_00000052.jpg,22,0 0 0 0 0 1 0 ,0 0 1 0 0 0 ,0 0 1 
Low-Rise_-_Distressed_Skinny_Jeans-img_00000013.jpg,26,0 0 0 0 0 1 0 ,1 0 0 0 0 0 ,1 0 0 
Abstract_Pattern_Knit_Sweater-img_00000029.jpg,16,0 1 0 0 0 0 0 ,0 0 0 0 0 1 ,0 1 0 
Layered_Crepe_Blouse-img_00000045.jpg,3,0 0 0 0 0 1 0 ,0 0 1 0 0 0 ,0 0 1 
Open-Front_Pocket_Kimono-img_00000035.jpg,44,0 0 0 1 0 0 0 ,0 0 1 0 0 0 ,0 1 0 
Joe_Cool_Cardigan-img_00000035.jpg,6,0 0 0 0 0 1 0 ,0 0 0 0 0 1 ,0 0 1 
Heathered_Knit_Tank-img_00000033.jpg,17,0 1 0 0 0 0 0 ,0 0 1 0 0 0 ,0 0 1 
Must-Have_Ruched_Blazer-img_00000047.jpg,2,0 0 0 0 0 1 0 ,0 0 1 0 0 0 ,1 0 0 
Floral-Embroidered_Lace-Up_Dress-img_00000033.jpg,41,0 1 0 0 0 0 0 ,0 1 0 0 0 0 ,0 0 1 
Mom_Fit_Jeans-img_00000023.jpg,26,0 0 0 0 0 1 0 ,1 0 0 0 0 0 ,0 0 1 
Embroidered_Mesh-Back_Tank-img_00000027.jpg,17,0 0 0 1 0 0 0 ,0 1 0 0 0 0 ,0 0 1 
Tribal_Print_Crepe_Shorts-img_00000006.jpg,32,0 1 0 0 0 0 0 ,0 1 0 0 0 0 ,0 0 1 
Heathered_Knit_Tank-img_00000028.jpg,17,0 0 0 0 0 1 0 ,0 0 1 0 0 0 ,1 0 0 
Ribbed_Crop_Tank-img_00000054.jpg,17,0 0 0 0 0 1 0 ,0 0 1 0 0 0 ,1 0 0 
Abstract_Geo_Crop_Top-img_00000031.jpg,19,0 0 0 0 0 1 0 ,0 0 1 0 0 0 ,1 0 0 
Heathered_Tropical_Print_Tee-img_00000009.jpg,18,1 0 0 0 0 0 0 ,0 0 1 0 0 0 ,0 0 1 
Knit_Combo_Dress-img_00000030.jpg,41,0 0 0 0 0 1 0 ,0 0 1 0 0 0 ,1 0 0 
Classic_Pullover_Hoodie-img_00000035.jpg,10,0 1 0 0 0 0 0 ,0 0 1 0 0 0 ,0 0 1 
Smocked_Tie-Dye_Skirt-img_00000019.jpg,33,0 0 0 0 0 1 0 ,1 0 0 0 0 0 ,1 0 0 
Abstract_Print_Tulip-Front_Shorts-img_00000009.jpg,32,1 0 0 0 0 0 0 ,0 1 0 0 0 0 ,0 1 0 
Button_Fly_Denim_Shorts-img_00000045.jpg,32,0 0 0 0 0 1 0 ,1 0 0 0 0 0 ,1 0 0 
Hooded_Varsity_Stripe_Jacket-img_00000015.jpg,11,0 1 0 0 0 0 0 ,0 0 1 0 0 0 ,0 0 1 
Hooded_Woven_Jacket-img_00000063.jpg,11,0 0 0 0 0 1 0 ,0 0 1 0 0 0 ,0 0 1 
Fox_Print_Tee-img_00000053.jpg,18,0 1 0 0 0 0 0 ,0 0 1 0 0 0 ,0 0 1 
Embroidered_Babydoll_Dress-img_00000080.jpg,41,0 0 0 0 0 1 0 ,0 1 0 0 0 0 ,0 0 1 
Rose_Crossback_Mini_Dress-img_00000044.jpg,41,0 0 0 0 0 1 0 ,0 0 1 0 0 0 ,1 0 0 
Crochet-Trimmed_Gauze_Maxi_Dress-img_00000020.jpg,41,0 0 0 0 0 1 0 ,0 0 1 0 0 0 ,0 0 1 
Heart_Print_Cardigan-img_00000066.jpg,6,0 1 0 0 0 0 0 ,0 0 0 0 0 1 ,0 0 1 
Crochet-Trimmed_Maxi_Dress-img_00000023.jpg,41,0 0 0 0 0 1 0 ,0 0 1 0 0 0 ,0 0 1 
Pointelle_Knit_Maxi_Dress-img_00000009.jpg,41,0 0 0 0 0 1 0 ,0 0 1 0 0 0 ,0 0 1 
Longline_Open-Front_Cardigan-img_00000017.jpg,6,0 1 0 0 0 0 0 ,0 0 0 0 0 1 ,0 0 1 
Floral_Lace_Strapless_Dress-img_00000032.jpg,41,0 0 0 1 0 0 0 ,0 1 0 0 0 0 ,0 0 1 
Mineral_Wash_Athletic-Ribbed_Joggers-img_00000007.jpg,29,1 0 0 0 0 0 0 ,0 0 1 0 0 0 ,0 0 1 
Knit_Skater_Dress-img_00000017.jpg,41,0 0 0 0 0 1 0 ,0 0 1 0 0 0 ,0 0 1 
Draped_Asymmetrical_Front_Jacket-img_00000018.jpg,11,0 0 0 0 0 1 0 ,0 0 0 1 0 0 ,0 0 1 
Amour_Peplum_Top-img_00000044.jpg,19,0 0 0 0 0 1 0 ,0 0 1 0 0 0 ,0 0 1 
Belted_Pleat-Front_Shorts-img_00000020.jpg,32,0 0 0 0 0 1 0 ,0 0 1 0 0 0 ,0 1 0 
High-Rise_Skinny_Jeans-img_00000045.jpg,26,0 0 0 0 0 1 0 ,1 0 0 0 0 0 ,1 0 0 
Classic_Double-Breasted_Trench_Coat-img_00000042.jpg,39,0 0 0 0 0 1 0 ,0 0 1 0 0 0 ,0 0 1 
Tribal_Print_Tee-img_00000052.jpg,18,0 1 0 0 0 0 0 ,0 0 1 0 0 0 ,0 0 1 
Ikat_Print_Chiffon_Blouse-img_00000070.jpg,3,0 1 0 0 0 0 0 ,0 1 0 0 0 0 ,0 0 1 
Lace_Overlay_Dress-img_00000069.jpg,41,0 0 0 1 0 0 0 ,0 1 0 0 0 0 ,0 0 1 
Ribbed_Knit_Dress-img_00000039.jpg,41,0 0 1 0 0 0 0 ,0 0 0 0 0 1 ,0 0 1 
Buttoned_Collarless_Blouse-img_00000035.jpg,3,0 0 0 0 0 1 0 ,0 0 1 0 0 0 ,0 0 1 
Circle_Crochet-Paneled_Tee-img_00000013.jpg,18,0 0 0 1 0 0 0 ,0 1 0 0 0 0 ,0 0 1 
Kitten_Graphic_Sweater-img_00000007.jpg,16,0 1 0 0 0 0 0 ,0 0 0 0 0 1 ,0 0 1 
Acid_Wash_Ankle_Jeans-img_00000015.jpg,26,1 0 0 0 0 0 0 ,1 0 0 0 0 0 ,1 0 0 
Drop-Sleeve_Sweater-img_00000031.jpg,16,0 0 0 0 0 1 0 ,0 0 0 0 0 1 ,0 0 1 
Embroidered_Southwestern_Pattern_Jacket-img_00000025.jpg,11,0 1 0 0 0 0 0 ,0 1 0 0 0 0 ,0 0 1 
Striped_Ringer_Pocket_Tee-img_00000031.jpg,18,0 0 0 0 0 1 0 ,0 0 1 0 0 0 ,1 0 0 
Sweetheart_High-Low_Dress-img_00000057.jpg,41,0 0 0 1 0 0 0 ,0 1 0 0 0 0 ,0 0 1 
Audrey_Hepburn_Graphic_Tank-img_00000023.jpg,17,0 1 0 0 0 0 0 ,0 0 1 0 0 0 ,1 0 0 
Longline_Crochet_Cardigan-img_00000037.jpg,6,0 0 0 1 0 0 0 ,0 0 0 0 0 1 ,0 0 1 
Faux_Fur_Jacket-img_00000073.jpg,11,1 0 0 0 0 0 0 ,0 0 0 0 1 0 ,0 0 1 
Maxi_Utility_Dress-img_00000024.jpg,41,1 0 0 0 0 0 0 ,0 1 0 0 0 0 ,0 0 1 
Metallic_Knit_Shorts-img_00000023.jpg,32,0 0 0 0 0 1 0 ,0 0 1 0 0 0 ,0 0 1 
Tonal_Check-Patterned_Blouse-img_00000080.jpg,3,0 0 0 0 0 1 0 ,0 0 0 0 1 0 ,0 0 1 
Cutout-Front_Textured_Bodycon_Dress-img_00000020.jpg,41,0 0 0 0 0 1 0 ,0 0 1 0 0 0 ,0 0 1 
Splatter_Print_Muscle_Tee-img_00000030.jpg,18,0 0 0 0 0 1 0 ,0 0 1 0 0 0 ,0 0 1 
Distressed_Crew_Neck_Tee-img_00000062.jpg,18,0 0 0 0 0 1 0 ,0 0 1 0 0 0 ,0 0 1 
Abstract_Print_Zipper_Blouse-img_00000013.jpg,3,1 0 0 0 0 0 0 ,0 1 0 0 0 0 ,0 0 1 
Loop_Knit_Jacket-img_00000049.jpg,11,0 0 0 0 0 1 0 ,0 0 0 0 1 0 ,0 0 1 
Draped_Open-Front_Cardigan-img_00000038.jpg,6,0 0 0 0 0 1 0 ,0 0 0 0 0 1 ,0 0 1 
Embroidered_Drawstring_Romper-img_00000017.jpg,48,0 0 0 0 0 1 0 ,0 0 1 0 0 0 ,0 0 1 
Distressed_Cropped_Jeans-img_00000073.jpg,26,0 0 0 0 0 1 0 ,1 0 0 0 0 0 ,1 0 0 
Gauze_Skater_Skirt-img_00000012.jpg,33,0 0 0 0 1 0 0 ,0 1 0 0 0 0 ,0 0 1 
Strapless_Metallic_Bandage_Dress-img_00000016.jpg,41,0 0 0 0 0 1 0 ,0 0 1 0 0 0 ,1 0 0 
Raw-Cut_Pocket_Tee-img_00000013.jpg,18,0 0 0 0 0 1 0 ,0 0 1 0 0 0 ,0 0 1 
Hooded_Varsity_Jacket-img_00000030.jpg,11,0 0 0 0 0 1 0 ,0 0 1 0 0 0 ,0 0 1 
Metallic_Slip_Dress-img_00000036.jpg,41,0 0 0 0 0 1 0 ,0 1 0 0 0 0 ,0 0 1 
Tie_Dye_Pencil_Skirt-img_00000032.jpg,33,1 0 0 0 0 0 0 ,0 0 1 0 0 0 ,1 0 0 
Stretch-Knit_Tee-img_00000040.jpg,18,0 0 1 0 0 0 0 ,0 0 1 0 0 0 ,0 0 1 
Colorblocked_Sleeveless_Hoodie-img_00000029.jpg,10,0 0 0 0 0 1 0 ,0 0 1 0 0 0 ,0 0 1 
Embroidered_Lace_Bodycon_Dress-img_00000029.jpg,41,0 0 0 1 0 0 0 ,0 0 1 0 0 0 ,1 0 0 
Loose-Knit_Zippered_Sweater-img_00000030.jpg,16,0 0 0 0 0 1 0 ,0 0 0 0 0 1 ,0 0 1 
Cinched-Side_Denim_Cutoffs-img_00000016.jpg,24,0 0 0 0 1 0 0 ,0 0 1 0 0 0 ,1 0 0 
Linen_Babydoll_Dress-img_00000018.jpg,41,0 0 0 0 0 1 0 ,0 0 1 0 0 0 ,0 0 1 
Shawl_Collar_Blazer-img_00000128.jpg,2,0 0 0 0 0 1 0 ,0 0 1 0 0 0 ,0 0 1 
Baroque-Sequined_Strapless_Dress-img_00000015.jpg,41,1 0 0 0 0 0 0 ,0 0 1 0 0 0 ,0 0 1 
Faux_Fur_Trimmed_A-Line_Coat-img_00000048.jpg,39,0 0 0 0 0 1 0 ,0 0 0 0 1 0 ,0 0 1 
Longline_Plaid_Shirt_Dress-img_00000037.jpg,41,0 0 0 0 0 0 1 ,0 0 1 0 0 0 ,0 0 1 
Heathered_Zip_Hoodie-img_00000037.jpg,10,0 0 0 0 0 1 0 ,0 0 1 0 0 0 ,0 0 1 
Abstract_Print_Bodycon_Dress-img_00000019.jpg,41,1 0 0 0 0 0 0 ,0 0 1 0 0 0 ,1 0 0 
Striped_Lace_Dress-img_00000053.jpg,41,0 0 1 0 0 0 0 ,0 0 1 0 0 0 ,0 0 1 
Embroidered_Faux_Leather_Pencil_Skirt-img_00000007.jpg,33,0 0 0 0 0 1 0 ,0 0 0 1 0 0 ,1 0 0 
Cloud_Print_Surplice-Back_Maxi_Dress-img_00000014.jpg,41,0 1 0 0 0 0 0 ,0 0 1 0 0 0 ,0 0 1 
Varsity-Striped_18_Tee-img_00000005.jpg,18,0 0 0 0 0 1 0 ,0 0 1 0 0 0 ,0 0 1 
Cropped_Open-Knit_Sweater-img_00000031.jpg,16,0 0 0 0 0 1 0 ,0 0 0 0 0 1 ,0 0 1 
Pinstriped_A-Line_Dress-img_00000037.jpg,41,0 1 0 0 0 0 0 ,0 0 1 0 0 0 ,0 0 1 
Toujours_Graphic_Tank-img_00000022.jpg,17,0 1 0 0 0 0 0 ,0 0 1 0 0 0 ,0 0 1 
Elephant_Print_Tee-img_00000036.jpg,18,0 1 0 0 0 0 0 ,0 0 1 0 0 0 ,0 0 1 
Performance_Workout_Shorts-img_00000014.jpg,32,0 0 0 0 0 1 0 ,0 0 1 0 0 0 ,1 0 0 
Floral_Cami_Dress-img_00000038.jpg,41,1 0 0 0 0 0 0 ,0 1 0 0 0 0 ,0 0 1 
Beaded_Chiffon_Maxi_Dress-img_00000023.jpg,41,0 0 0 0 0 1 0 ,0 1 0 0 0 0 ,0 0 1 
Knit_Shift_Dress-img_00000043.jpg,41,0 0 0 0 0 1 0 ,0 0 1 0 0 0 ,0 0 1 
Cropped_Striped_Hoodie-img_00000026.jpg,10,0 0 0 0 0 1 0 ,0 0 1 0 0 0 ,0 0 1 
Hooded_Drape_Cardigan-img_00000009.jpg,6,0 0 0 0 0 1 0 ,0 0 1 0 0 0 ,0 0 1 
Zippered_Knit_Dress-img_00000063.jpg,41,0 0 0 0 0 1 0 ,0 0 1 0 0 0 ,0 0 1 
V-Neck_Pocket_Tee-img_00000060.jpg,18,0 0 0 0 0 1 0 ,0 0 1 0 0 0 ,0 0 1 
Side_Pocket_Yoga_Shorts-img_00000037.jpg,32,0 0 0 0 0 1 0 ,0 0 1 0 0 0 ,1 0 0 
Striped_Fringe_Cardigan-img_00000038.jpg,6,0 0 1 0 0 0 0 ,0 0 0 0 0 1 ,0 1 0 
Floral_Crochet_Sweater-img_00000053.jpg,16,1 0 0 0 0 0 0 ,0 0 0 0 0 1 ,0 0 1 
Scuba_Knit_Pencil_Skirt-img_00000056.jpg,33,1 0 0 0 0 0 0 ,0 0 1 0 0 0 ,1 0 0 
Abstract_Print_Woven_Cardigan-img_00000003.jpg,6,0 0 0 0 0 1 0 ,0 0 0 0 0 1 ,0 0 1 
Tasmanian_Devil_Muscle_Tee-img_00000033.jpg,18,0 1 0 0 0 0 0 ,0 0 1 0 0 0 ,0 0 1 
Lace_Cami_Jumpsuit-img_00000046.jpg,42,0 0 0 0 0 1 0 ,0 0 1 0 0 0 ,0 0 1 
Watercolor_Plaid_Chiffon_Blouse-img_00000066.jpg,3,0 0 0 0 0 0 1 ,0 0 1 0 0 0 ,0 0 1 
Semi-Sheer_Linen_Tee-img_00000039.jpg,18,0 0 1 0 0 0 0 ,0 0 1 0 0 0 ,0 0 1 
Strappy-Back_Yoga_Romper-img_00000005.jpg,48,0 0 0 0 0 1 0 ,0 0 1 0 0 0 ,1 0 0 
Cami_Crochet_Romper-img_00000004.jpg,48,0 0 0 0 0 1 0 ,0 0 1 0 0 0 ,0 1 0 
Beaded_Ornate_Print_Jumpsuit-img_00000005.jpg,42,0 0 1 0 0 0 0 ,0 1 0 0 0 0 ,0 0 1 
Beautiful_Graphic_Drawstring_Hoodie-img_00000008.jpg,10,0 0 0 0 0 1 0 ,0 0 1 0 0 0 ,0 0 1 
Diamond-Cutout_Maxi_Dress-img_00000017.jpg,41,0 0 0 0 0 1 0 ,0 1 0 0 0 0 ,0 0 1 
Heathered_Zip_Hoodie-img_00000067.jpg,10,0 0 0 0 0 1 0 ,0 0 1 0 0 0 ,0 0 1 
Striped_Polo_Dress-img_00000066.jpg,41,0 0 1 0 0 0 0 ,0 0 1 0 0 0 ,1 0 0 
Abstract_Print_Tee-img_00000067.jpg,18,1 0 0 0 0 0 0 ,0 0 1 0 0 0 ,0 0 1 
West_East_Coast_Muscle_Tee-img_00000011.jpg,18,0 1 0 0 0 0 0 ,0 0 1 0 0 0 ,0 0 1 
Sequined_Geo_Pattern_Dress-img_00000038.jpg,41,0 1 0 0 0 0 0 ,0 0 1 0 0 0 ,0 0 1 
Tribal_Print_Peasant_Blouse-img_00000046.jpg,3,0 1 0 0 0 0 0 ,0 1 0 0 0 0 ,0 0 1 
Camo_Utility_Jacket-img_00000028.jpg,11,0 1 0 0 0 0 0 ,0 0 1 0 0 0 ,0 0 1 
Paneled_Grid_Print_Shorts-img_00000011.jpg,32,1 0 0 0 0 0 0 ,0 0 1 0 0 0 ,0 0 1 
Tribal_Print_Skater_Skirt-img_00000043.jpg,33,0 1 0 0 0 0 0 ,0 0 1 0 0 0 ,0 0 1 
Abstract_Print_Button-Shoulder_Dress-img_00000026.jpg,41,0 1 0 0 0 0 0 ,0 0 1 0 0 0 ,0 0 1 
Sequined_Geo-Embroidered_Mini_Skirt-img_00000001.jpg,33,0 0 0 0 0 1 0 ,0 0 1 0 0 0 ,0 0 1 
Waffle_Knit_Turtleneck_Sweater-img_00000020.jpg,16,0 0 0 0 0 1 0 ,0 0 0 0 0 1 ,0 0 1 
Striped_Mandarin_Collar_Blouse-img_00000036.jpg,3,0 1 0 0 0 0 0 ,0 0 1 0 0 0 ,0 0 1 
Life_in_Progress_Boxy_Denim_Jacket-img_00000006.jpg,11,0 1 0 0 0 0 0 ,1 0 0 0 0 0 ,0 0 1 
Keyhole_Babydoll_Dress-img_00000015.jpg,41,0 1 0 0 0 0 0 ,0 0 1 0 0 0 ,0 0 1 
Zippered_Woven_Joggers-img_00000004.jpg,29,1 0 0 0 0 0 0 ,0 0 1 0 0 0 ,0 0 1 
Open-Knit_Fisherman_Sweater-img_00000053.jpg,16,0 0 0 0 0 1 0 ,0 0 0 0 0 1 ,0 0 1 
Braided_Racerback_Athletic_Tank-img_00000001.jpg,17,0 0 0 0 0 1 0 ,0 0 1 0 0 0 ,1 0 0 
Ikat_Print_Chiffon_Blouse-img_00000105.jpg,3,0 1 0 0 0 0 0 ,0 0 1 0 0 0 ,0 0 1 
Ladder-Cutout_Crepe_Dress-img_00000005.jpg,41,0 0 0 0 0 1 0 ,0 0 1 0 0 0 ,1 0 0 
V-Neck_Button-Down_Cardigan-img_00000024.jpg,6,0 0 0 0 0 1 0 ,0 0 1 0 0 0 ,0 0 1 
Tie-Dye_Cami_Romper-img_00000003.jpg,48,0 0 0 0 0 1 0 ,0 0 1 0 0 0 ,0 0 1 
Belted_Plaid_Shirt_Dress-img_00000040.jpg,41,0 0 0 0 0 0 1 ,0 0 1 0 0 0 ,0 1 0 
Southwestern_Print_Blouse-img_00000064.jpg,3,0 1 0 0 0 0 0 ,0 0 1 0 0 0 ,1 0 0 
Flutter-Hem_Tee-img_00000048.jpg,18,0 0 0 0 0 1 0 ,0 0 1 0 0 0 ,0 0 1 
Retro_Cutout_Dress-img_00000041.jpg,41,0 0 0 0 0 1 0 ,0 0 1 0 0 0 ,0 0 1 
Floral_Print_Peasant_Blouse-img_00000002.jpg,3,1 0 0 0 0 0 0 ,0 1 0 0 0 0 ,0 0 1 
Striped_Mandarin_Collar_Blouse-img_00000037.jpg,3,0 0 0 0 0 1 0 ,0 0 1 0 0 0 ,0 0 1 
Structured_Quilted_Jacket-img_00000030.jpg,11,0 0 0 0 0 1 0 ,0 0 0 1 0 0 ,0 0 1 
Marled_Side-Slit_Maxi_Dress-img_00000003.jpg,41,0 0 1 0 0 0 0 ,0 0 0 0 0 1 ,0 0 1 
Contrast_Crew_Neck_Tee-img_00000032.jpg,18,0 0 0 0 0 1 0 ,0 0 0 0 0 1 ,0 0 1 
Striped_Box-Pleated_Skirt-img_00000033.jpg,33,0 0 0 0 1 0 0 ,0 0 1 0 0 0 ,0 0 1 
Botanical_Floral_Shift_Dress-img_00000077.jpg,41,1 0 0 0 0 0 0 ,0 0 1 0 0 0 ,0 1 0 
Boxy_Split-Neck_Blouse-img_00000085.jpg,3,0 0 0 0 0 1 0 ,0 1 0 0 0 0 ,0 0 1 
Crisscross_Bodycon_Dress-img_00000030.jpg,41,0 1 0 0 0 0 0 ,0 0 1 0 0 0 ,1 0 0 
Floral_Lace_Mini_Dress-img_00000043.jpg,41,0 0 0 1 0 0 0 ,0 1 0 0 0 0 ,0 0 1 
Daydreamer_Crocheted_Dress-img_00000017.jpg,41,0 0 0 1 0 0 0 ,0 0 0 0 0 1 ,0 0 1 
Embroidered-Mesh_Drop-Waist_Cami_Dress-img_00000010.jpg,41,0 0 0 0 0 1 0 ,0 0 1 0 0 0 ,0 0 1 
Stretch_Fit_Classic_Skinny_Jeans-img_00000051.jpg,26,0 0 0 0 0 1 0 ,1 0 0 0 0 0 ,0 0 1 
Raglan_Cable_Knit_Cardigan-img_00000050.jpg,6,0 0 0 0 0 1 0 ,0 0 0 0 0 1 ,0 0 1 
Striped_Faux_Leather_Shorts-img_00000047.jpg,32,0 0 0 0 0 1 0 ,0 0 0 1 0 0 ,1 0 0 
Betty_Boop_PJ_Shorts-img_00000038.jpg,32,0 1 0 0 0 0 0 ,0 0 1 0 0 0 ,0 0 1 
Lace_Love_Maxi_Dress-img_00000075.jpg,41,0 0 0 1 0 0 0 ,0 1 0 0 0 0 ,0 0 1 
Longline_Shift_Dress-img_00000032.jpg,41,0 0 0 0 0 1 0 ,0 0 1 0 0 0 ,0 0 1 
Abstract_Print_Halter_Jumpsuit-img_00000020.jpg,42,1 0 0 0 0 0 0 ,0 1 0 0 0 0 ,1 0 0 
Ditsy_Floral_Print_Blouse-img_00000011.jpg,3,1 0 0 0 0 0 0 ,0 0 1 0 0 0 ,0 0 1 
Floral_Print_Shirt_Dress-img_00000055.jpg,41,1 0 0 0 0 0 0 ,0 0 1 0 0 0 ,0 0 1 
Floral_Lace_Cami_Dress-img_00000006.jpg,41,1 0 0 0 0 0 0 ,0 1 0 0 0 0 ,0 0 1 
Asymmetrical_Loose_Knit_Top-img_00000017.jpg,19,0 0 0 0 0 1 0 ,0 0 0 0 0 1 ,0 1 0 
Daisy_Print_Shorts-img_00000033.jpg,32,1 0 0 0 0 0 0 ,0 0 1 0 0 0 ,0 0 1 
Beaded_Cutout_Top-img_00000047.jpg,19,1 0 0 0 0 0 0 ,0 1 0 0 0 0 ,1 0 0 
Open-Shoulder_Eyelash_Lace_Dress-img_00000012.jpg,41,0 0 0 1 0 0 0 ,0 0 1 0 0 0 ,0 0 1 
Caged_V-Cut_Dress-img_00000059.jpg,41,0 1 0 0 0 0 0 ,0 0 1 0 0 0 ,0 0 1 
Pleated_Woven_Dress-img_00000003.jpg,41,1 0 0 0 0 0 0 ,0 0 1 0 0 0 ,0 0 1 
Caged-Back_Chiffon_Jumpsuit-img_00000014.jpg,42,0 0 0 0 0 1 0 ,0 1 0 0 0 0 ,0 0 1 
Textured_Knit_Cardigan-img_00000017.jpg,6,0 1 0 0 0 0 0 ,0 0 1 0 0 0 ,0 0 1 
Waffle-Sleeve_Raglan_Sweater-img_00000021.jpg,16,0 0 0 0 0 1 0 ,0 0 1 0 0 0 ,0 0 1 
Floral_Tribal_Print_Babydoll_Dress-img_00000041.jpg,41,1 0 0 0 0 0 0 ,0 0 1 0 0 0 ,0 0 1 
Cutout-Back_Floral_Print_Dress-img_00000006.jpg,41,1 0 0 0 0 0 0 ,0 0 1 0 0 0 ,0 0 1 
Textured_Maxi_Cardigan-img_00000023.jpg,6,0 0 0 0 0 1 0 ,0 0 0 0 0 1 ,0 0 1 
Colorblocked_Bomber_Jacket-img_00000001.jpg,11,0 0 0 0 0 1 0 ,0 0 1 0 0 0 ,0 0 1 
Colorblock_Cutout_Jumpsuit-img_00000027.jpg,42,0 0 0 0 0 1 0 ,0 1 0 0 0 0 ,0 0 1 
Ruffled_Lace-Up_Blouse-img_00000006.jpg,3,0 0 0 1 0 0 0 ,0 1 0 0 0 0 ,0 0 1 
Embroidered_Daisy_Dress-img_00000014.jpg,41,1 0 0 0 0 0 0 ,0 0 1 0 0 0 ,0 0 1 
Rhinestone_Beaded_Sweater-img_00000034.jpg,16,0 0 0 0 0 1 0 ,0 0 0 0 0 1 ,0 0 1 
Stripe_V-Neck_Tee-img_00000066.jpg,18,0 0 1 0 0 0 0 ,0 0 1 0 0 0 ,0 0 1 
Spotted_Rose_Bodycon_Dress-img_00000031.jpg,41,0 0 0 0 0 1 0 ,0 0 1 0 0 0 ,1 0 0 
Mesh-Paneled_Romper-img_00000014.jpg,48,0 0 0 0 0 1 0 ,0 0 1 0 0 0 ,1 0 0 
Layered_Halter_Jumpsuit-img_00000025.jpg,42,1 0 0 0 0 0 0 ,0 0 1 0 0 0 ,0 0 1 
Damask_Mesh_Bodycon_Dress-img_00000031.jpg,41,0 1 0 0 0 0 0 ,0 0 1 0 0 0 ,0 0 1 
Ruched_Knit_Sheath_Dress-img_00000029.jpg,41,0 0 0 0 0 1 0 ,0 0 1 0 0 0 ,1 0 0 
Distressed_Boyfriend_Jeans-img_00000087.jpg,26,0 0 0 0 0 1 0 ,1 0 0 0 0 0 ,0 0 1 
Star_Wars_Graphic_Boxy_Tee-img_00000032.jpg,18,0 0 0 0 0 1 0 ,0 0 1 0 0 0 ,0 0 1 
High-Slit_Longline_Jacket-img_00000024.jpg,11,0 0 0 1 0 0 0 ,0 0 1 0 0 0 ,0 0 1 
Peter_Pan_Collar_Dress-img_00000067.jpg,41,0 0 0 0 0 1 0 ,0 0 1 0 0 0 ,0 0 1 
Twisted_Open-Back_Tee-img_00000024.jpg,18,0 0 0 0 0 1 0 ,0 0 1 0 0 0 ,0 0 1 
Floral_Print_Peasant_Blouse-img_00000008.jpg,3,1 0 0 0 0 0 0 ,0 0 1 0 0 0 ,0 0 1 
Burnout_Knit_Shredded-Back_Tee-img_00000007.jpg,18,0 0 1 0 0 0 0 ,0 1 0 0 0 0 ,0 0 1 
Speckled_Pencil_Skirt-img_00000009.jpg,33,0 0 0 0 0 1 0 ,0 0 1 0 0 0 ,1 0 0 
Tasseled_Open-Knit_Cardigan-img_00000020.jpg,6,0 1 0 0 0 0 0 ,0 0 0 0 0 1 ,0 0 1 
Buttoned_Rose_Print_Skirt-img_00000006.jpg,33,0 0 0 0 0 1 0 ,0 1 0 0 0 0 ,0 0 1 
Classic_Long_Sleeve_Top-img_00000024.jpg,19,0 0 0 0 0 1 0 ,0 0 1 0 0 0 ,0 0 1 
Floral_Printed_Side-Tie_Blouse-img_00000019.jpg,3,1 0 0 0 0 0 0 ,0 0 1 0 0 0 ,0 0 1 
Cami_Peplum_Top-img_00000002.jpg,19,0 0 0 0 0 0 1 ,0 0 1 0 0 0 ,0 0 1 
Embroidered_Pintucked_Blouse-img_00000076.jpg,3,0 0 0 0 0 1 0 ,0 0 1 0 0 0 ,0 0 1 
Eyelash_Lace_Trim_Blouse-img_00000083.jpg,3,0 0 0 0 0 1 0 ,0 0 1 0 0 0 ,1 0 0 
Quilted_Faux_Leather_Skirt-img_00000022.jpg,33,0 0 0 0 0 1 0 ,0 0 0 1 0 0 ,0 0 1 
Faux_Leather_Hooded_Jacket-img_00000026.jpg,11,0 0 0 0 0 1 0 ,0 0 0 1 0 0 ,0 0 1 
Dotted_Bow_Blouse-img_00000054.jpg,3,0 1 0 0 0 0 0 ,0 1 0 0 0 0 ,0 0 1 
Marled_Dolman-Sleeve_Hoodie-img_00000017.jpg,10,0 0 0 0 0 1 0 ,0 0 0 0 0 1 ,0 0 1 
Strapless_Wide-Leg_Jumpsuit-img_00000003.jpg,42,0 0 0 0 1 0 0 ,0 0 1 0 0 0 ,0 0 1 
Two-Tone_Loose-Knit_Sweater-img_00000013.jpg,16,0 0 0 0 0 1 0 ,0 0 0 0 0 1 ,0 0 1 
Everyday_Fold-Over_Leggings-img_00000019.jpg,30,0 0 0 0 0 1 0 ,0 0 1 0 0 0 ,1 0 0 
Cuffed_Herringbone_Shorts-img_00000020.jpg,32,0 0 0 0 0 1 0 ,0 0 1 0 0 0 ,0 0 1 
Geo_Print_Romper-img_00000015.jpg,48,0 1 0 0 0 0 0 ,0 0 1 0 0 0 ,0 0 1 
Belted_Chino_Shorts-img_00000001.jpg,32,0 0 0 0 0 1 0 ,0 0 1 0 0 0 ,0 0 1 
Varsity-Striped_Trim_Sweater-img_00000013.jpg,16,0 0 0 0 0 1 0 ,0 0 1 0 0 0 ,0 1 0 
Strapless_Floral_Print_Dress-img_00000013.jpg,41,1 0 0 0 0 0 0 ,0 0 1 0 0 0 ,0 0 1 
Tribal_Print_Maxi_Dress-img_00000041.jpg,41,1 0 0 0 0 0 0 ,0 0 1 0 0 0 ,0 0 1 
Utility_Pocket_Shorts-img_00000046.jpg,32,0 0 0 0 0 1 0 ,0 0 1 0 0 0 ,0 0 1 
Striped_Longline_Baseball_Tee-img_00000003.jpg,18,0 0 0 0 0 1 0 ,0 0 1 0 0 0 ,0 0 1 
Chiffon_Shift_Dress-img_00000055.jpg,41,0 0 0 1 0 0 0 ,0 1 0 0 0 0 ,0 0 1 
Colorblocked_Workout_Shorts-img_00000003.jpg,32,0 0 0 0 0 1 0 ,0 0 1 0 0 0 ,1 0 0 
Dotted_Chiffon_Blouse-img_00000089.jpg,3,0 1 0 0 0 0 0 ,0 1 0 0 0 0 ,0 0 1 
Cargo_Joggers-img_00000074.jpg,29,0 0 0 0 0 1 0 ,0 0 1 0 0 0 ,0 0 1 
Heathered_Muscle_Tee-img_00000005.jpg,18,0 0 0 0 0 1 0 ,0 0 0 0 0 1 ,0 0 1 
Mixed_Ornate_Print_Blouse-img_00000030.jpg,3,0 0 0 0 0 1 0 ,1 0 0 0 0 0 ,0 0 1 
Utility_Pocket_Shorts-img_00000013.jpg,32,0 0 0 0 0 1 0 ,0 0 1 0 0 0 ,0 0 1 
Heathered_Pocket_Babydoll_Dress-img_00000020.jpg,41,0 0 0 1 0 0 0 ,0 0 1 0 0 0 ,0 0 1 
Cloud_Wash_Skinny_Jeans-img_00000029.jpg,26,0 0 0 0 0 1 0 ,1 0 0 0 0 0 ,1 0 0 
The_Rolling_Stones_Graphic_Tee-img_00000023.jpg,18,0 1 0 0 0 0 0 ,0 0 1 0 0 0 ,0 0 1 
Abstract_Zig_Zag_Sweatpants-img_00000013.jpg,34,0 0 0 0 0 1 0 ,0 0 1 0 0 0 ,0 0 1 
Abstract_Print_Maxi_Skirt-img_00000006.jpg,33,1 0 0 0 0 0 0 ,0 1 0 0 0 0 ,0 0 1 
Off-The-Shoulder_Blouse-img_00000021.jpg,3,0 0 0 1 0 0 0 ,0 0 1 0 0 0 ,0 0 1 
Mandarin_Collar_Blouse-img_00000097.jpg,3,0 0 0 0 0 1 0 ,0 0 1 0 0 0 ,0 0 1 
Daisy_Cutoff_Shorts-img_00000028.jpg,32,0 0 0 0 0 1 0 ,1 0 0 0 0 0 ,0 0 1 
Striped_Colorblock_Tank-img_00000012.jpg,17,0 0 1 0 0 0 0 ,0 1 0 0 0 0 ,0 0 1 
Striped_Lace_Dress-img_00000080.jpg,41,0 0 0 1 0 0 0 ,0 0 1 0 0 0 ,1 0 0 
Slim_Fit_Moto_Jeans-img_00000047.jpg,26,0 1 0 0 0 0 0 ,1 0 0 0 0 0 ,1 0 0 
Origami_Crepe_Dress-img_00000045.jpg,41,0 0 0 0 0 1 0 ,0 1 0 0 0 0 ,0 0 1 
Chiffon_Button-Front_Top-img_00000014.jpg,19,0 0 0 1 0 0 0 ,0 1 0 0 0 0 ,0 0 1 
Pleated_Overall_Skirt-img_00000007.jpg,33,0 0 0 0 1 0 0 ,0 0 1 0 0 0 ,0 0 1 
Floral_Keyhole-Back_Dress-img_00000052.jpg,41,1 0 0 0 0 0 0 ,0 1 0 0 0 0 ,0 0 1 
Sleeveless_Hoodie-img_00000039.jpg,10,0 0 0 0 0 1 0 ,0 0 1 0 0 0 ,0 0 1 
Embroidered_Crepe_Shorts-img_00000002.jpg,32,0 0 0 0 0 1 0 ,1 0 0 0 0 0 ,0 0 1 
Floral_Mosaic_Print_Jumpsuit-img_00000041.jpg,42,0 0 0 0 0 1 0 ,0 0 1 0 0 0 ,0 0 1 
High-Waisted_Capri_Leggings-img_00000048.jpg,30,0 0 0 0 0 1 0 ,0 0 1 0 0 0 ,1 0 0 
Mixed_Geo_Print_Tee-img_00000009.jpg,18,0 1 0 0 0 0 0 ,0 0 1 0 0 0 ,0 0 1 
Faux_Leather_Cami_Dress-img_00000038.jpg,41,0 0 0 0 0 1 0 ,0 0 0 1 0 0 ,0 0 1 
Split-Neck_Chiffon_Blouse-img_00000001.jpg,3,0 1 0 0 0 0 0 ,0 0 1 0 0 0 ,0 0 1 
Polka_Dot_Matelot_Shorts-img_00000005.jpg,32,0 1 0 0 0 0 0 ,0 0 1 0 0 0 ,0 0 1 
Chiffon_Plaid_Blouse-img_00000017.jpg,3,0 0 0 0 0 0 1 ,0 1 0 0 0 0 ,0 0 1 
Rope-Drawstring_Swim_Trunks-img_00000017.jpg,36,0 0 0 0 0 1 0 ,0 0 1 0 0 0 ,0 0 1 
Chic_95_Tee-img_00000040.jpg,18,0 1 0 0 0 0 0 ,0 0 1 0 0 0 ,0 0 1 
Free_to_Be_Draped_Jumpsuit-img_00000008.jpg,42,0 0 0 0 1 0 0 ,0 0 1 0 0 0 ,0 0 1 
Classic_Knit_Tee-img_00000025.jpg,18,0 0 0 0 0 1 0 ,0 0 1 0 0 0 ,0 0 1 
The_Beatles_Muscle_Tee-img_00000063.jpg,18,0 1 0 0 0 0 0 ,0 0 1 0 0 0 ,0 0 1 
Sweetheart_High-Low_Dress-img_00000007.jpg,41,0 0 0 0 0 1 0 ,0 1 0 0 0 0 ,0 0 1 
Fold-Over_Yoga_Shorts-img_00000036.jpg,32,0 0 0 0 0 1 0 ,0 0 1 0 0 0 ,0 0 1 
Velveteen_Denim_Shorts-img_00000012.jpg,32,0 0 0 0 0 1 0 ,0 0 1 0 0 0 ,0 0 1 
Textured_Open_Front_Blazer-img_00000132.jpg,2,0 0 0 0 0 0 1 ,0 0 1 0 0 0 ,0 0 1 
Ribbed_Turtleneck_Sweater_Dress-img_00000009.jpg,41,0 0 0 0 0 1 0 ,0 0 0 0 0 1 ,1 0 0 
Collared_Surplice_Blouse-img_00000077.jpg,3,0 0 0 0 0 1 0 ,0 1 0 0 0 0 ,0 0 1 
Crocheted_Peter_Pan_Collar_Dress-img_00000037.jpg,41,0 0 0 0 0 1 0 ,0 0 1 0 0 0 ,0 0 1 
Colorblock_Trapeze_Dress-img_00000026.jpg,41,0 0 1 0 0 0 0 ,0 0 1 0 0 0 ,0 0 1 
Cap-Sleeved_Lace_Blouse-img_00000086.jpg,3,0 0 0 1 0 0 0 ,0 0 1 0 0 0 ,0 0 1 
Distressed_Acid_Wash_Cutoffs-img_00000001.jpg,24,0 0 0 0 0 1 0 ,1 0 0 0 0 0 ,0 0 1 
Morning_Allergy_Graphic_Tee-img_00000006.jpg,18,0 1 0 0 0 0 0 ,0 0 1 0 0 0 ,0 0 1 
Braided-Back_Abstract_Maxi_Dress-img_00000012.jpg,41,0 0 0 0 0 1 0 ,0 0 1 0 0 0 ,0 0 1 
Strapless_Romper-img_00000062.jpg,48,0 1 0 0 0 0 0 ,0 0 1 0 0 0 ,0 0 1 
Brushstroke_Print_Shirt_Dress-img_00000056.jpg,41,0 1 0 0 0 0 0 ,0 0 1 0 0 0 ,0 0 1 
Beaded_Lace_Top-img_00000042.jpg,19,0 0 0 0 0 1 0 ,0 0 0 0 0 1 ,0 0 1 
Abstract_Print_Zipper_Blouse-img_00000079.jpg,3,1 0 0 0 0 0 0 ,0 1 0 0 0 0 ,0 0 1 
Plaid_Trim_Pocket_Tee-img_00000018.jpg,18,0 0 0 0 0 0 1 ,0 0 1 0 0 0 ,0 0 1 
Barbie_Perfect_Tee-img_00000057.jpg,18,0 1 0 0 0 0 0 ,0 0 1 0 0 0 ,0 1 0 
Sequined_Geo_Pattern_Dress-img_00000012.jpg,41,1 0 0 0 0 0 0 ,0 0 1 0 0 0 ,0 0 1 
Seamless_Athletic_Tank-img_00000050.jpg,17,0 0 0 0 0 1 0 ,0 0 1 0 0 0 ,1 0 0 
Lace-Paneled_Maxi_Dress-img_00000040.jpg,41,0 0 0 0 0 1 0 ,0 0 1 0 0 0 ,0 0 1 
Open-Front_Multi-Stripe_Cardigan-img_00000008.jpg,6,0 0 1 0 0 0 0 ,0 0 1 0 0 0 ,0 0 1 
Floral_Lace-Paneled_Romper-img_00000019.jpg,48,0 0 0 0 0 1 0 ,0 0 1 0 0 0 ,0 0 1 
Scalloped_Crochet_Skirt-img_00000013.jpg,33,0 0 0 1 0 0 0 ,0 0 0 0 0 1 ,0 0 1 
Local_Heroes_Last_Clean_T-Shirt_Tee-img_00000018.jpg,18,0 0 0 0 0 1 0 ,0 0 1 0 0 0 ,0 0 1 
Textured_Open-Knit_Sweater-img_00000045.jpg,16,0 0 0 1 0 0 0 ,0 0 0 0 0 1 ,0 0 1 
Collarless_Draped-Front_Blazer-img_00000055.jpg,2,0 0 0 0 0 1 0 ,0 0 1 0 0 0 ,0 0 1 
High-Slit_Maxi_Dress-img_00000034.jpg,41,0 0 0 0 1 0 0 ,0 0 1 0 0 0 ,0 0 1 
Flat-Front_Chinos-img_00000034.jpg,22,0 0 0 0 0 1 0 ,0 0 1 0 0 0 ,0 0 1 
Abstract_Patterned_Bodycon_Dress-img_00000005.jpg,41,1 0 0 0 0 0 0 ,0 0 1 0 0 0 ,1 0 0 
Chevron_Surplice_Jumpsuit-img_00000011.jpg,42,0 1 0 0 0 0 0 ,0 0 1 0 0 0 ,0 0 1 
Textured_Geo-Striped_Cuffed_Sweatshorts-img_00000001.jpg,35,0 0 0 0 0 1 0 ,1 0 0 0 0 0 ,1 0 0 
Slim_Cotton_Chinos-img_00000049.jpg,22,0 0 0 0 0 1 0 ,0 0 1 0 0 0 ,0 0 1 
High-Collar_Faux_Fur_Jacket-img_00000038.jpg,11,0 0 0 0 0 1 0 ,0 0 0 0 1 0 ,0 0 1 
Ikat_Print_Chiffon_Blouse-img_00000019.jpg,3,0 1 0 0 0 0 0 ,0 0 1 0 0 0 ,0 0 1 
Heathered_Zip_Hoodie-img_00000003.jpg,10,0 0 0 0 0 1 0 ,0 0 1 0 0 0 ,0 0 1 
Sandstone_Ikat_Joggers-img_00000014.jpg,29,0 1 0 0 0 0 0 ,0 0 1 0 0 0 ,0 0 1 
Mixed_Knit_Sweater-img_00000014.jpg,16,0 1 0 0 0 0 0 ,0 0 0 0 0 1 ,0 0 1 
Striped_Linen_Ringer_Tee-img_00000009.jpg,18,0 0 1 0 0 0 0 ,0 0 1 0 0 0 ,0 0 1 
Cutout_T-Shirt_Dress-img_00000036.jpg,41,0 0 0 0 0 1 0 ,0 0 1 0 0 0 ,0 0 1 
V-Neck_Pocket_Tee-img_00000077.jpg,18,0 0 0 0 0 1 0 ,0 0 1 0 0 0 ,0 0 1 
Textured_Knit_Dress-img_00000023.jpg,41,0 0 0 0 0 1 0 ,0 0 1 0 0 0 ,0 0 1 
Striped_Statue_Graphic_Tee-img_00000011.jpg,18,0 0 1 0 0 0 0 ,0 0 1 0 0 0 ,0 0 1 
Mirrored_Palm_Print_Tee-img_00000022.jpg,18,0 1 0 0 0 0 0 ,0 0 1 0 0 0 ,0 0 1 
Button_Front_Shirt_Dress-img_00000063.jpg,41,0 1 0 0 0 0 0 ,0 0 1 0 0 0 ,0 0 1 
Front_Row_Graphic_Tee-img_00000013.jpg,18,0 1 0 0 0 0 0 ,0 0 1 0 0 0 ,1 0 0 
Mesh-Back_Tank-img_00000019.jpg,17,0 0 0 0 0 1 0 ,0 0 1 0 0 0 ,0 0 1 
Crochet-Embroidered_Midi_Dress-img_00000034.jpg,41,0 1 0 0 0 0 0 ,0 0 1 0 0 0 ,0 0 1 
Boxy_Pintucked_Top-img_00000025.jpg,19,0 0 0 0 1 0 0 ,0 0 1 0 0 0 ,0 1 0 
Hooded_Striped_Sweater-img_00000008.jpg,16,0 0 1 0 0 0 0 ,0 0 0 0 0 1 ,0 0 1 
Beaded_Sleeveless_Shift_Dress-img_00000027.jpg,41,0 0 0 0 0 1 0 ,0 1 0 0 0 0 ,0 1 0 
Pom_Trim_Cutout_Dress-img_00000036.jpg,41,0 0 0 0 0 1 0 ,0 0 1 0 0 0 ,1 0 0 
Marble_Print_V-Back_Dress-img_00000007.jpg,41,1 0 0 0 0 0 0 ,0 1 0 0 0 0 ,0 1 0 
Mineral_Wash_Ribbed_Tank-img_00000022.jpg,17,0 0 0 1 0 0 0 ,0 0 1 0 0 0 ,1 0 0 
Boxy_Open_Mesh_Top-img_00000038.jpg,19,0 0 0 0 0 1 0 ,0 1 0 0 0 0 ,0 0 1 
Drawstring_Tribal_Print_Jumpsuit-img_00000015.jpg,42,0 1 0 0 0 0 0 ,0 1 0 0 0 0 ,0 0 1 
Faded_Stretch-Fit_Skinny_Jeans-img_00000028.jpg,26,0 0 0 0 0 1 0 ,1 0 0 0 0 0 ,1 0 0 
Longline_Batwing_Cardigan-img_00000008.jpg,6,0 0 0 0 0 1 0 ,0 0 0 0 0 1 ,0 0 1 
Moto_Babe_Tank-img_00000010.jpg,17,0 0 0 0 0 1 0 ,1 0 0 0 0 0 ,0 0 1 
Boxy_Striped_Knit_Top-img_00000043.jpg,19,0 0 0 0 0 1 0 ,0 0 1 0 0 0 ,1 0 0 
Floral_Chiffon_Maxi_Dress-img_00000001.jpg,41,1 0 0 0 0 0 0 ,0 1 0 0 0 0 ,0 0 1 
Embroidered_Self-Tie_Blouse-img_00000027.jpg,3,0 1 0 0 0 0 0 ,0 0 1 0 0 0 ,0 0 1 
Speckled_Slub_Knit_Blouse-img_00000056.jpg,3,0 0 0 0 0 1 0 ,0 0 1 0 0 0 ,0 0 1 
Floral_Print_Halter_Dress-img_00000037.jpg,41,1 0 0 0 0 0 0 ,0 1 0 0 0 0 ,0 0 1 
Pocket_Shirt_Jacket-img_00000046.jpg,11,0 0 0 0 0 1 0 ,0 0 1 0 0 0 ,0 0 1 
Contrast_Mesh_Pencil_Skirt-img_00000002.jpg,33,0 0 0 0 0 1 0 ,0 1 0 0 0 0 ,0 0 1 
Square_Neck_Cutout_Dress-img_00000053.jpg,41,0 0 0 1 0 0 0 ,0 0 1 0 0 0 ,1 0 0 
Floral_Keyhole-Back_Dress-img_00000012.jpg,41,0 0 0 1 0 0 0 ,0 0 0 0 0 1 ,0 0 1 
Cable_Knit_Mock-Neck_Sweater-img_00000042.jpg,16,0 0 0 0 0 1 0 ,0 0 1 0 0 0 ,0 0 1 
Mesh-Trimmed_Bib_Blouse-img_00000038.jpg,3,0 0 0 0 0 1 0 ,0 0 1 0 0 0 ,0 0 1 
Low-Rise_-_Distressed_Skinny_Jeans-img_00000032.jpg,26,0 0 0 0 0 1 0 ,1 0 0 0 0 0 ,1 0 0 
Longline_Crinkled_Blouse-img_00000014.jpg,3,0 0 0 0 0 1 0 ,0 0 1 0 0 0 ,0 0 1 
Heathered_Yoga_Shorts-img_00000024.jpg,32,0 0 0 0 0 1 0 ,0 0 1 0 0 0 ,0 0 1 
Fringed_Lace_Kimono-img_00000009.jpg,44,0 0 0 1 0 0 0 ,0 0 0 0 0 1 ,0 1 0 
Cotton_Twill_Trench_Coat-img_00000058.jpg,39,0 0 0 0 0 1 0 ,0 0 1 0 0 0 ,0 0 1 
Classic_Cuffed_Blazer-img_00000117.jpg,2,0 0 0 0 0 1 0 ,0 0 1 0 0 0 ,1 0 0 
Chunky_Longline_Cardigan-img_00000001.jpg,6,0 0 0 0 0 1 0 ,0 0 0 0 0 1 ,0 0 1 
Tartan_Plaid_Cuffed-Sleeve_Tee-img_00000020.jpg,18,0 0 0 0 0 0 1 ,0 0 1 0 0 0 ,0 0 1 
Longline_Open-Front_Cardigan-img_00000009.jpg,6,0 0 0 0 0 1 0 ,0 0 0 0 0 1 ,0 0 1 
Lace-Trimmed_Floral_Shorts-img_00000024.jpg,32,1 0 0 0 0 0 0 ,0 0 1 0 0 0 ,0 0 1 
Pinstriped_A-Line_Dress-img_00000014.jpg,41,0 0 1 0 0 0 0 ,0 0 1 0 0 0 ,0 0 1 
Lace_Paneled_Blouse-img_00000037.jpg,3,0 0 0 0 0 1 0 ,0 0 1 0 0 0 ,0 0 1 
Favorite_Mini_Skirt-img_00000005.jpg,33,0 0 0 0 0 1 0 ,1 0 0 0 0 0 ,0 0 1 
Buttoned_Lace_Panel_Top-img_00000040.jpg,19,0 0 0 1 0 0 0 ,0 1 0 0 0 0 ,0 0 1 
Mock_Neck_Tee-img_00000030.jpg,18,0 0 0 0 0 1 0 ,0 0 1 0 0 0 ,0 0 1 
Tropical_Floral_Print_Dress-img_00000013.jpg,41,1 0 0 0 0 0 0 ,0 0 1 0 0 0 ,1 0 0 
Southwestern_Print_Blouse-img_00000009.jpg,3,0 1 0 0 0 0 0 ,0 0 1 0 0 0 ,0 0 1 
The_Lion_King_Muscle_Tee-img_00000038.jpg,18,0 1 0 0 0 0 0 ,0 0 1 0 0 0 ,0 0 1 
Abstract_V-Cut_Maxi_Dress-img_00000002.jpg,41,1 0 0 0 0 0 0 ,0 1 0 0 0 0 ,0 0 1 
Layered_Cutout_Midi_Dress-img_00000013.jpg,41,1 0 0 0 0 0 0 ,0 0 1 0 0 0 ,0 0 1 
West_Coast_Jersey-img_00000051.jpg,12,0 1 0 0 0 0 0 ,0 0 1 0 0 0 ,0 0 1 
Drop-Sleeve_V-Neck_Sweater-img_00000041.jpg,16,0 0 0 0 0 1 0 ,0 0 0 0 0 1 ,0 0 1 
Bead-Embellished_Top-img_00000014.jpg,19,0 1 0 0 0 0 0 ,0 0 1 0 0 0 ,0 0 1 
Crepe_Drawstring_Joggers-img_00000045.jpg,29,0 0 0 0 0 1 0 ,0 0 1 0 0 0 ,0 0 1 
Brushstroke_Stripe_Deep-V_Jumpsuit-img_00000015.jpg,42,0 0 1 0 0 0 0 ,0 0 1 0 0 0 ,1 0 0 
Sleeveless_Zip-Front_Hoodie-img_00000017.jpg,10,0 0 0 0 0 1 0 ,0 0 1 0 0 0 ,0 0 1 
Dainty_A-Line_Dress-img_00000027.jpg,41,0 0 0 1 0 0 0 ,0 0 0 1 0 0 ,1 0 0 
Striped_Athletic_Jacket-img_00000011.jpg,11,0 0 0 0 0 1 0 ,0 0 1 0 0 0 ,0 0 1 
Romantic_Rose_Dress-img_00000005.jpg,41,0 0 0 0 1 0 0 ,0 1 0 0 0 0 ,0 0 1 
Quilted_Open-Front_Blazer-img_00000063.jpg,2,0 0 0 0 0 1 0 ,0 0 0 1 0 0 ,0 0 1 
Striped_Waffle_Knit_Sweater-img_00000006.jpg,16,0 0 1 0 0 0 0 ,0 0 0 0 0 1 ,0 0 1 
Floral-Embroidered_Mesh_Dress-img_00000020.jpg,41,0 0 0 1 0 0 0 ,0 0 1 0 0 0 ,0 0 1 
Crepe_Shawl_Collar_Blazer-img_00000010.jpg,2,0 0 0 0 0 1 0 ,0 0 1 0 0 0 ,0 0 1 
Varsity_Dreamer_Graphic_Tee-img_00000018.jpg,18,0 1 0 0 0 0 0 ,0 0 1 0 0 0 ,0 0 1 
Faux_Suede_Shift_Dress-img_00000004.jpg,41,0 0 0 0 0 1 0 ,0 0 1 0 0 0 ,0 0 1 
Ruched-Sleeve_Blazer-img_00000074.jpg,2,0 0 0 0 0 1 0 ,0 0 1 0 0 0 ,1 0 0 
Daisy_Print_Shift_Dress-img_00000056.jpg,41,1 0 0 0 0 0 0 ,0 0 1 0 0 0 ,0 0 1 
Embroidered_Organza_Skirt-img_00000007.jpg,33,1 0 0 0 0 0 0 ,0 0 1 0 0 0 ,0 0 1 
Colorblock_Trapeze_Dress-img_00000062.jpg,41,0 0 0 0 0 0 1 ,0 0 0 1 0 0 ,0 0 1 
Scuba_Knit_Peplum_Jacket-img_00000040.jpg,11,0 0 0 0 0 1 0 ,0 0 1 0 0 0 ,0 0 1 
Woven_Colorblock_Romper-img_00000018.jpg,48,1 0 0 0 0 0 0 ,0 0 1 0 0 0 ,0 0 1 
Tile_Print_Blouse-img_00000064.jpg,3,1 0 0 0 0 0 0 ,0 0 1 0 0 0 ,0 0 1 
Chic_High-Waisted_Jeggings-img_00000034.jpg,27,0 0 0 0 0 1 0 ,0 0 1 0 0 0 ,0 0 1 
Dynamite_Lace_Bodycon_Dress-img_00000021.jpg,41,0 0 0 1 0 0 0 ,0 1 0 0 0 0 ,1 0 0 
Fishnet-Paneled_Dress-img_00000010.jpg,41,0 0 0 0 0 1 0 ,0 0 0 0 0 1 ,0 0 1 
Dainty_A-Line_Dress-img_00000035.jpg,41,1 0 0 0 0 0 0 ,0 0 1 0 0 0 ,0 1 0 
Tiered_Maxi_Cami_Dress-img_00000003.jpg,41,0 0 0 0 0 1 0 ,0 0 1 0 0 0 ,0 0 1 
Sweet_Crochet_Blouse-img_00000060.jpg,3,0 0 0 1 0 0 0 ,0 1 0 0 0 0 ,0 0 1 
Zippered_Shawl_Collar_Blazer-img_00000097.jpg,2,0 0 0 0 0 1 0 ,0 0 1 0 0 0 ,1 0 0 
Abstract_Print_Surplice_Romper-img_00000001.jpg,48,1 0 0 0 0 0 0 ,0 0 1 0 0 0 ,0 0 1 
Classic_Knit_Sweater-img_00000038.jpg,16,0 0 0 0 0 1 0 ,0 0 0 0 0 1 ,0 0 1 
Buttoned_Rose_Print_Skirt-img_00000008.jpg,33,1 0 0 0 0 0 0 ,0 0 1 0 0 0 ,0 0 1 
Mom_Fit_Jeans-img_00000033.jpg,26,0 0 0 0 0 1 0 ,1 0 0 0 0 0 ,0 0 1 
Draped_Tie-Back_Midi_Dress-img_00000029.jpg,41,0 0 0 0 0 1 0 ,0 0 1 0 0 0 ,0 0 1 
Paneled_A-Line_Dress-img_00000009.jpg,41,0 0 0 0 0 1 0 ,0 0 1 0 0 0 ,0 0 1 
Textured_Midi_Skirt-img_00000042.jpg,33,0 0 0 0 0 1 0 ,0 0 1 0 0 0 ,1 0 0 
Lace_Collar_Shift_Dress-img_00000008.jpg,41,0 0 0 0 0 1 0 ,0 0 1 0 0 0 ,0 0 1 
Zip-Up_Puffer_Jacket-img_00000037.jpg,11,0 0 0 0 0 1 0 ,0 0 1 0 0 0 ,0 0 1 
Longline_Boyfriend_Blazer-img_00000099.jpg,2,0 0 0 0 0 1 0 ,0 0 1 0 0 0 ,0 0 1 
Paisley_Print_Romper-img_00000033.jpg,48,0 1 0 0 0 0 0 ,0 0 1 0 0 0 ,0 0 1 
Layered_A-Line_Dress-img_00000036.jpg,41,0 0 0 0 0 1 0 ,0 1 0 0 0 0 ,0 0 1 
Plaid_Pocket_Tee-img_00000057.jpg,18,0 0 0 0 0 1 0 ,0 0 1 0 0 0 ,0 0 1 
Crocheted_Southwestern_Print_Tank-img_00000002.jpg,17,0 0 0 0 0 1 0 ,0 1 0 0 0 0 ,0 1 0 
Zip_Pocket_Sweatpants-img_00000051.jpg,34,0 0 0 0 0 1 0 ,0 0 1 0 0 0 ,0 0 1 
Striped_A-Line_Skirt-img_00000034.jpg,33,0 0 0 0 0 1 0 ,0 0 1 0 0 0 ,0 0 1 
Ethereal_Draped_Front_Blouse-img_00000056.jpg,3,0 0 0 0 0 1 0 ,0 1 0 0 0 0 ,0 0 1 
Strapless_Pleated_Chiffon_Dress-img_00000025.jpg,41,0 0 0 0 1 0 0 ,0 1 0 0 0 0 ,1 0 0 
Chevron_Print_Cami_Maxi_Dress-img_00000042.jpg,41,0 0 0 0 0 1 0 ,0 1 0 0 0 0 ,0 0 1 
Surplice_Back_Printed_Maxi_Dress-img_00000044.jpg,41,1 0 0 0 0 0 0 ,0 0 1 0 0 0 ,0 0 1 
Lace_Overlay_Dress-img_00000045.jpg,41,0 0 0 1 0 0 0 ,0 0 1 0 0 0 ,0 0 1 
Embroidered_Lace_Dress-img_00000005.jpg,41,0 0 0 1 0 0 0 ,0 1 0 0 0 0 ,0 0 1 
Be_True_Graphic_Tunic_Tank-img_00000015.jpg,17,1 0 0 0 0 0 0 ,0 0 0 0 0 1 ,0 0 1 
Ornate_Stripe_Cami_Dress-img_00000005.jpg,41,0 0 1 0 0 0 0 ,0 0 1 0 0 0 ,0 0 1 
Faded_Denim_Cutoffs-img_00000046.jpg,24,0 0 0 0 0 1 0 ,1 0 0 0 0 0 ,1 0 0 
Heathered_Slit-Back_Tee-img_00000037.jpg,18,0 0 0 0 0 1 0 ,0 0 1 0 0 0 ,0 0 1 
Drop-Sleeve_Sweater-img_00000045.jpg,16,0 0 0 0 0 1 0 ,0 0 1 0 0 0 ,0 0 1 
Strapless_Tribal_Print_Maxi_Dress-img_00000022.jpg,41,0 1 0 0 0 0 0 ,0 1 0 0 0 0 ,0 0 1 
Faux_Leather_Skater_Dress-img_00000071.jpg,41,0 0 0 0 0 1 0 ,0 0 0 1 0 0 ,0 0 1 
Floral_Cami_Dress-img_00000042.jpg,41,1 0 0 0 0 0 0 ,0 0 1 0 0 0 ,0 0 1 
Pleated_Combo_Dress-img_00000024.jpg,41,1 0 0 0 0 0 0 ,0 0 1 0 0 0 ,0 0 1 
Bleach-Splatter_Oversized_Tee-img_00000005.jpg,18,1 0 0 0 0 0 0 ,0 0 1 0 0 0 ,0 1 0 
Fringed_Open-Knit_Poncho-img_00000016.jpg,15,0 0 0 1 0 0 0 ,0 0 0 0 0 1 ,0 1 0 
Baroque-Sequined_Strapless_Dress-img_00000031.jpg,41,1 0 0 0 0 0 0 ,0 1 0 0 0 0 ,0 0 1 
Crochet_Yoke_Embroidered_Dress-img_00000063.jpg,41,0 0 1 0 0 0 0 ,0 0 1 0 0 0 ,0 0 1 
Drapey_Trench_Jacket-img_00000072.jpg,11,0 0 0 0 0 1 0 ,0 0 1 0 0 0 ,0 0 1 
Crocheted_Shift_Dress-img_00000025.jpg,41,0 0 0 1 0 0 0 ,0 0 0 0 0 1 ,0 0 1 
Bandage_Bodycon_Dress-img_00000062.jpg,41,0 0 0 0 0 1 0 ,0 0 1 0 0 0 ,1 0 0 
Side-Slit_Striped_Blouse-img_00000086.jpg,3,0 0 0 0 0 1 0 ,0 0 1 0 0 0 ,0 0 1 
Paisley_Print_Kimono-img_00000005.jpg,44,1 0 0 0 0 0 0 ,0 1 0 0 0 0 ,0 0 1 
Draped_Chiffon_Jacket-img_00000061.jpg,11,0 0 0 0 0 1 0 ,0 1 0 0 0 0 ,0 0 1 
Open-Knit_Cowl_Neck_Sweater-img_00000046.jpg,16,0 0 0 0 0 1 0 ,0 0 1 0 0 0 ,0 0 1 
Lace-Paneled_Georgette_Blouse-img_00000001.jpg,3,0 0 0 0 0 1 0 ,0 0 1 0 0 0 ,0 0 1 
Collared_Plaid_Blouse-img_00000092.jpg,3,0 0 0 0 0 0 1 ,0 0 1 0 0 0 ,0 0 1 
Boxy_Split-Neck_Blouse-img_00000082.jpg,3,0 0 0 0 0 1 0 ,0 0 1 0 0 0 ,0 0 1 
Self-Tie_Neck_Blouse-img_00000029.jpg,3,0 0 0 0 0 1 0 ,0 0 1 0 0 0 ,0 0 1 
Tile_Print_Halter_Maxi_Dress-img_00000041.jpg,41,1 0 0 0 0 0 0 ,0 0 1 0 0 0 ,0 0 1 
Dancing_Darling_Skater_Dress-img_00000035.jpg,41,0 0 0 0 0 0 1 ,0 0 1 0 0 0 ,0 0 1 
Chic_95_Tee-img_00000014.jpg,18,0 1 0 0 0 0 0 ,0 0 1 0 0 0 ,0 0 1 
Twisted_Open-Back_Tee-img_00000052.jpg,18,0 0 0 0 0 1 0 ,0 0 1 0 0 0 ,0 0 1 
Striped_Waist_Leggings-img_00000063.jpg,30,0 0 0 0 0 1 0 ,0 0 1 0 0 0 ,1 0 0 
Favorite_Capri_Leggings-img_00000047.jpg,30,0 0 0 0 0 1 0 ,0 0 1 0 0 0 ,1 0 0 
Southwestern_Print_Blouse-img_00000086.jpg,3,0 1 0 0 0 0 0 ,0 0 1 0 0 0 ,0 0 1 
Mid_Rise-_Destroyed_Straight_Leg_Ankle_Jeans-img_00000021.jpg,26,0 0 0 0 0 1 0 ,1 0 0 0 0 0 ,0 0 1 
Chiffon_Halter_Maxi_Dress-img_00000066.jpg,41,0 0 0 0 1 0 0 ,0 1 0 0 0 0 ,1 0 0 
Leopard_Print_Knit_Sweatpants-img_00000045.jpg,34,0 1 0 0 0 0 0 ,0 0 1 0 0 0 ,0 0 1 
Floral_and_Bird_Print_Tee-img_00000007.jpg,18,1 0 0 0 0 0 0 ,0 0 1 0 0 0 ,0 0 1 
Striped_Cap-Sleeve_Tee-img_00000004.jpg,18,0 0 1 0 0 0 0 ,0 0 1 0 0 0 ,0 0 1 
Striped_Boxy_Sweater-img_00000008.jpg,16,0 0 1 0 0 0 0 ,0 0 1 0 0 0 ,0 0 1 
Crochet-Paneled_Shift_Dress-img_00000011.jpg,41,0 0 0 0 0 1 0 ,0 0 1 0 0 0 ,0 1 0 
Heathered_Dolman_Tee-img_00000040.jpg,18,0 0 0 0 0 1 0 ,0 0 1 0 0 0 ,0 0 1 
Off-the-Shoulder_Maxi_Dress-img_00000038.jpg,41,0 0 0 0 0 1 0 ,0 0 1 0 0 0 ,0 0 1 
Classic_Knit_Tee-img_00000004.jpg,18,0 0 0 0 0 1 0 ,0 0 1 0 0 0 ,0 0 1 
Abstract-Plaid_Ruffled_Bell_Sleeve_Top-img_00000009.jpg,19,0 0 0 0 0 1 0 ,0 0 1 0 0 0 ,0 0 1 
Angel-Sleeved_Top-img_00000066.jpg,19,1 0 0 0 0 0 0 ,0 1 0 0 0 0 ,0 1 0 
Lace_Overlay_Maxi_Dress-img_00000067.jpg,41,0 0 0 1 0 0 0 ,0 0 1 0 0 0 ,0 0 1 
Geo_Striped_Maxi_Dress-img_00000048.jpg,41,0 0 0 0 0 0 1 ,0 0 1 0 0 0 ,0 0 1 
Must-Have_Maxi_Dress-img_00000074.jpg,41,0 0 0 0 0 1 0 ,0 1 0 0 0 0 ,0 0 1 
Striped_Knit_Tee-img_00000026.jpg,18,0 0 1 0 0 0 0 ,0 0 1 0 0 0 ,0 0 1 
Burnout_Baseball_Tee-img_00000029.jpg,18,0 0 0 0 0 1 0 ,0 0 1 0 0 0 ,0 0 1 
Bird_Print_Sateen_Dress-img_00000012.jpg,41,0 1 0 0 0 0 0 ,0 1 0 0 0 0 ,0 0 1 
Distressed_For_the_Road_Tee-img_00000018.jpg,18,0 1 0 0 0 0 0 ,0 0 1 0 0 0 ,0 0 1 
Diamond-Knit_Sweater-img_00000011.jpg,16,1 0 0 0 0 0 0 ,0 0 0 0 0 1 ,0 0 1 
Crisscross_Cutout-Back_Maxi_Dress-img_00000038.jpg,41,0 0 0 1 0 0 0 ,0 0 1 0 0 0 ,1 0 0 
Touch_Of_Glam_Cardigan-img_00000038.jpg,6,0 0 0 1 0 0 0 ,0 0 1 0 0 0 ,0 0 1 
Classic_Faded_Jeggings-img_00000004.jpg,27,0 0 0 0 0 1 0 ,1 0 0 0 0 0 ,1 0 0 
Distressed_Acid_Wash_Cutoffs-img_00000011.jpg,24,0 0 0 0 0 1 0 ,1 0 0 0 0 0 ,0 0 1 
Lace-Paneled_Off-the-Shoulder_Dress-img_00000031.jpg,41,0 0 0 1 0 0 0 ,0 0 1 0 0 0 ,0 0 1 
Crochet_Lace_Shift_Dress-img_00000026.jpg,41,0 0 0 1 0 0 0 ,0 0 0 0 0 1 ,0 0 1 
Pleated_Geo_Tea_Dress-img_00000003.jpg,41,1 0 0 0 0 0 0 ,0 1 0 0 0 0 ,0 0 1 
Mid-Rise_-_Acid_Wash_Skinny_Jeans-img_00000044.jpg,26,0 0 0 0 0 1 0 ,1 0 0 0 0 0 ,1 0 0 
Textured_Faux_Fur_Coat-img_00000069.jpg,39,0 0 0 0 0 1 0 ,0 0 0 0 1 0 ,0 0 1 
Free_Spirit_Kimono_Cardigan-img_00000003.jpg,6,0 0 0 0 0 1 0 ,0 0 1 0 0 0 ,0 0 1 
Abstract_Print_Joggers-img_00000009.jpg,29,0 1 0 0 0 0 0 ,0 0 1 0 0 0 ,0 1 0 
Basic_Heathered_Tee-img_00000010.jpg,18,0 1 0 0 0 0 0 ,0 0 1 0 0 0 ,0 0 1 
Basic_Striped_Mini_Skirt-img_00000079.jpg,33,0 0 1 0 0 0 0 ,0 0 0 0 0 1 ,1 0 0 
Heathered_Paisley_Print_Sweatpants-img_00000020.jpg,34,0 0 0 0 0 1 0 ,0 0 1 0 0 0 ,0 0 1 
Mineral_Wash_Mini_Skirt-img_00000027.jpg,33,0 1 0 0 0 0 0 ,0 0 1 0 0 0 ,0 0 1 
Lace_Patterned_Sweater-img_00000044.jpg,16,0 0 0 1 0 0 0 ,0 0 0 0 0 1 ,0 1 0 
Textured_Baroque_Floral_Shorts-img_00000005.jpg,32,0 0 0 0 0 1 0 ,0 0 1 0 0 0 ,0 1 0 
Chiffon_Twist-Front_Top-img_00000006.jpg,19,0 0 0 0 0 1 0 ,0 0 1 0 0 0 ,0 0 1 
Crepe_Midi_Skirt-img_00000083.jpg,33,0 0 0 0 1 0 0 ,0 0 1 0 0 0 ,0 0 1 
Tribal_Print_Surplice_Jumpsuit-img_00000009.jpg,42,0 1 0 0 0 0 0 ,0 0 1 0 0 0 ,0 0 1 
Boxy_Turtleneck_Sweater-img_00000002.jpg,16,0 0 0 0 0 1 0 ,0 0 1 0 0 0 ,0 0 1 
Botanical_Print_Shift_Dress-img_00000033.jpg,41,0 1 0 0 0 0 0 ,0 0 1 0 0 0 ,0 0 1 
Ditsy_Floral_Print_Blouse-img_00000004.jpg,3,1 0 0 0 0 0 0 ,0 0 1 0 0 0 ,0 0 1 
Belted_Utility_Romper-img_00000028.jpg,48,0 0 0 0 0 1 0 ,0 0 1 0 0 0 ,0 0 1 
Floral_Print_Halter_Dress-img_00000052.jpg,41,1 0 0 0 0 0 0 ,0 1 0 0 0 0 ,0 0 1 
Desert_Trim_Bomber_Jacket-img_00000036.jpg,11,0 0 0 0 0 1 0 ,0 0 1 0 0 0 ,0 0 1 
Sunburst_Crochet_Fringe_Tank-img_00000024.jpg,17,0 0 0 1 0 0 0 ,0 0 1 0 0 0 ,0 0 1 
Leaf_Print_Tee-img_00000008.jpg,18,1 0 0 0 0 0 0 ,0 0 1 0 0 0 ,0 0 1 
Heathered_Open-Front_Cardigan-img_00000026.jpg,6,0 0 0 0 0 1 0 ,0 0 0 0 0 1 ,0 0 1 
Tie-Dye_Cami_Romper-img_00000004.jpg,48,0 1 0 0 0 0 0 ,0 1 0 0 0 0 ,0 0 1 
Floral_Print_Raglan_Tee-img_00000056.jpg,18,0 1 0 0 0 0 0 ,0 0 1 0 0 0 ,0 0 1 
Paneled_Stripe_Tee-img_00000002.jpg,18,0 0 1 0 0 0 0 ,0 0 1 0 0 0 ,0 0 1 
Beaded_Cross-Back_Maxi_Dress-img_00000013.jpg,41,0 0 0 0 1 0 0 ,0 1 0 0 0 0 ,0 0 1 
Classic_Racerback_Tank-img_00000014.jpg,17,0 1 0 0 0 0 0 ,0 0 1 0 0 0 ,0 0 1 
Power_Mesh_Performance_Jacket-img_00000017.jpg,11,0 0 0 0 0 1 0 ,0 0 1 0 0 0 ,0 0 1 
Abstract_Print_Crop_Top-img_00000008.jpg,19,0 1 0 0 0 0 0 ,0 1 0 0 0 0 ,0 0 1 
Drawstring_Waist_Dress-img_00000056.jpg,41,0 0 0 0 0 1 0 ,1 0 0 0 0 0 ,0 0 1 
Los_Angeles_Pocket_Tee-img_00000002.jpg,18,0 0 0 0 0 1 0 ,0 0 1 0 0 0 ,0 0 1 
Textured_Open_Front_Blazer-img_00000066.jpg,2,0 0 0 0 0 0 1 ,0 0 1 0 0 0 ,0 0 1 
Cutout-Front_Textured_Bodycon_Dress-img_00000049.jpg,41,0 0 0 0 0 1 0 ,0 0 1 0 0 0 ,0 0 1 
Boxy_Wide_Neck_Tee-img_00000037.jpg,18,0 0 0 0 0 1 0 ,0 0 1 0 0 0 ,0 0 1 
Rolled_V-Neck_Sweater-img_00000040.jpg,16,0 0 0 0 0 1 0 ,0 0 0 0 0 1 ,0 0 1 
French_Terry_Hoodie-img_00000011.jpg,10,0 0 0 0 0 1 0 ,0 0 1 0 0 0 ,0 0 1 
Two-Button_Chino_Suit_Jacket-img_00000043.jpg,11,0 0 0 0 0 1 0 ,0 0 1 0 0 0 ,1 0 0 
High-Low_Zigzag_Dress-img_00000069.jpg,41,0 1 0 0 0 0 0 ,0 0 1 0 0 0 ,0 0 1 
Flounced_Knit_Dress-img_00000013.jpg,41,0 0 0 0 0 1 0 ,0 0 1 0 0 0 ,0 0 1 
Boxy_Plaid_Flannel-img_00000065.jpg,7,0 0 0 0 0 0 1 ,0 0 1 0 0 0 ,0 0 1 
Cutout-Back_Trapeze_Dress-img_00000037.jpg,41,0 0 1 0 0 0 0 ,0 0 1 0 0 0 ,0 0 1 
Splatter_Print_Muscle_Tee-img_00000005.jpg,18,0 1 0 0 0 0 0 ,0 0 1 0 0 0 ,0 0 1 
Knit_Open-Front_Blazer-img_00000061.jpg,2,0 0 0 0 0 1 0 ,0 0 1 0 0 0 ,0 0 1 
Pleated_Floral_Print_Shorts-img_00000031.jpg,32,1 0 0 0 0 0 0 ,0 0 1 0 0 0 ,0 0 1 
Marled_Knit_Pencil_Skirt-img_00000042.jpg,33,0 0 0 0 0 1 0 ,0 0 1 0 0 0 ,1 0 0 
Cutout_Sheath_Dress-img_00000033.jpg,41,0 0 0 0 0 1 0 ,0 0 1 0 0 0 ,1 0 0 
Heathered_Knit_Hoodie-img_00000011.jpg,10,0 0 0 0 0 1 0 ,0 0 1 0 0 0 ,0 0 1 
Chunky_Knit_Longline_Cardigan-img_00000016.jpg,6,0 0 0 0 0 1 0 ,0 0 0 0 0 1 ,0 0 1 
Micro-Striped_Suit_Jacket-img_00000015.jpg,11,0 0 0 0 0 1 0 ,0 0 1 0 0 0 ,0 0 1 
Open-Front_Shawl_Cardigan-img_00000053.jpg,6,0 0 0 0 0 1 0 ,0 0 0 0 0 1 ,0 0 1 
Faded_Muscle_Tee-img_00000033.jpg,18,0 1 0 0 0 0 0 ,0 0 1 0 0 0 ,0 0 1 
Crochet-Trimmed_Batwing_Cardigan-img_00000040.jpg,6,1 0 0 0 0 0 0 ,0 0 1 0 0 0 ,0 0 1 
Boxy_V-Neck_Top-img_00000061.jpg,19,0 0 0 0 0 1 0 ,0 0 1 0 0 0 ,0 0 1 
Double-Breasted_Peacoat-img_00000019.jpg,14,0 0 0 0 0 0 1 ,0 0 1 0 0 0 ,0 0 1 
Longline_Ribbed_Cardigan-img_00000040.jpg,6,0 0 0 0 0 1 0 ,0 0 0 0 0 1 ,0 0 1 
Eyelash_Lace_Trim_Blouse-img_00000032.jpg,3,0 0 0 1 0 0 0 ,0 0 1 0 0 0 ,0 0 1 
Loose-Knit_Sweater-img_00000073.jpg,16,0 0 0 0 0 1 0 ,0 0 0 0 0 1 ,0 0 1 
Marled_Drop-Sleeved_Cardigan-img_00000002.jpg,6,0 0 0 0 0 1 0 ,0 0 0 0 0 1 ,0 0 1 
Mineral_Wash_Drawstring_Joggers-img_00000018.jpg,29,0 0 0 0 0 1 0 ,1 0 0 0 0 0 ,0 0 1 
Floral_Print_Surplice_Romper-img_00000007.jpg,48,1 0 0 0 0 0 0 ,0 0 1 0 0 0 ,0 0 1 
Bold_Moves_Bodycon_Dress-img_00000003.jpg,41,0 0 0 0 0 1 0 ,0 0 1 0 0 0 ,1 0 0 
Loose-Knit_Longline_Tee-img_00000010.jpg,18,0 0 0 0 0 1 0 ,0 0 1 0 0 0 ,0 0 1 
Watercolor_Abstract-Sleeved_Tee-img_00000014.jpg,18,0 0 1 0 0 0 0 ,0 0 1 0 0 0 ,0 0 1 
Neon_Pocket_Tee-img_00000027.jpg,18,0 1 0 0 0 0 0 ,0 0 1 0 0 0 ,0 0 1 
Cutout-Side_Shift_Dress-img_00000040.jpg,41,1 0 0 0 0 0 0 ,0 0 1 0 0 0 ,0 0 1 
Floral_Print_Slit_Maxi_Dress-img_00000055.jpg,41,1 0 0 0 0 0 0 ,0 0 1 0 0 0 ,0 0 1 
Classic_Pleated_Shorts-img_00000047.jpg,32,0 0 0 0 1 0 0 ,0 0 1 0 0 0 ,0 0 1 
Mock_Neck_Tee-img_00000063.jpg,18,0 0 0 0 0 1 0 ,0 0 1 0 0 0 ,0 0 1 
Structured_A-Line_Dress-img_00000020.jpg,41,1 0 0 0 0 0 0 ,0 0 1 0 0 0 ,0 0 1 
Crepe_Buttoned_Pocket_Dress-img_00000036.jpg,41,0 0 0 0 0 1 0 ,0 0 1 0 0 0 ,0 0 1 
Southwestern-Patterned_Bodycon_Dress-img_00000036.jpg,41,0 0 0 0 0 1 0 ,0 0 1 0 0 0 ,1 0 0 
Lace-Paneled_Lattice-Back_Blouse-img_00000051.jpg,3,0 0 0 0 0 1 0 ,0 0 1 0 0 0 ,1 0 0 
Tailored_Woven_Blazer-img_00000104.jpg,2,0 0 0 0 0 1 0 ,0 0 1 0 0 0 ,0 0 1 
Boxy_Lace_Top-img_00000002.jpg,19,0 0 0 0 0 1 0 ,0 1 0 0 0 0 ,1 0 0 
Boxy_Mixed_Stripe_Blouse-img_00000008.jpg,3,0 0 0 0 0 1 0 ,0 0 0 0 0 1 ,0 0 1 
Textured_Stripe_Smocked_Dress-img_00000052.jpg,41,0 0 0 1 0 0 0 ,0 1 0 0 0 0 ,0 0 1 
Floral_Cami_Maxi_Dress-img_00000036.jpg,41,1 0 0 0 0 0 0 ,0 1 0 0 0 0 ,0 0 1 
Double-Breasted_Blazer-img_00000102.jpg,2,0 0 0 0 0 1 0 ,0 0 1 0 0 0 ,0 0 1 
Tribal_Print_Joggers-img_00000069.jpg,29,0 1 0 0 0 0 0 ,0 0 1 0 0 0 ,0 0 1 
Marled_Knit_Drawstring_Joggers-img_00000019.jpg,29,0 0 0 0 0 1 0 ,0 0 1 0 0 0 ,0 0 1 
Scuba_Knit_Peplum_Jacket-img_00000013.jpg,11,0 0 0 0 0 1 0 ,0 0 1 0 0 0 ,0 0 1 
Sequined_Paisley_Shift_Dress-img_00000001.jpg,41,1 0 0 0 0 0 0 ,0 1 0 0 0 0 ,0 0 1 
Arrow_Printed_Romper-img_00000036.jpg,48,1 0 0 0 0 0 0 ,0 0 1 0 0 0 ,0 0 1 
Faux_Leather-Trim_Blouse-img_00000073.jpg,3,0 0 0 0 0 1 0 ,0 0 1 0 0 0 ,0 0 1 
Pleated_Dolman_Tee-img_00000006.jpg,18,0 0 0 0 0 1 0 ,0 0 1 0 0 0 ,0 0 1 
Boxy_Striped_Knit_Top-img_00000001.jpg,19,0 0 1 0 0 0 0 ,0 0 1 0 0 0 ,0 0 1 
Cutout_Halter_Maxi_Dress-img_00000082.jpg,41,0 0 0 0 0 1 0 ,0 0 1 0 0 0 ,0 0 1 
Longline_Collared_Crepe_Jacket-img_00000017.jpg,11,0 0 0 0 0 1 0 ,0 0 0 0 1 0 ,0 0 1 
Faux_Leather_Jersey-img_00000023.jpg,12,0 0 0 0 0 1 0 ,0 0 1 0 0 0 ,0 0 1 
Striped_Sweater-img_00000015.jpg,16,0 0 1 0 0 0 0 ,0 0 0 0 0 1 ,0 0 1 
Embroidered_Peasant_Blouse-img_00000055.jpg,3,0 0 0 1 0 0 0 ,0 0 1 0 0 0 ,0 0 1 
Heathered_Cutout_Leggings-img_00000020.jpg,30,0 0 0 0 0 1 0 ,0 0 1 0 0 0 ,1 0 0 
Squiggle_Print_Tee-img_00000035.jpg,18,0 1 0 0 0 0 0 ,0 0 1 0 0 0 ,0 0 1 
Metallic_Wrap_Skirt-img_00000004.jpg,33,0 0 0 0 0 1 0 ,0 0 0 1 0 0 ,0 0 1 
Open-Front_Multi-Stripe_Cardigan-img_00000030.jpg,6,0 1 0 0 0 0 0 ,0 0 1 0 0 0 ,0 0 1 
Textured_Marled_Knit_Sweater-img_00000026.jpg,16,0 0 1 0 0 0 0 ,0 0 0 0 0 1 ,0 0 1 
Watercolor_Print_Layered_Dress-img_00000061.jpg,41,0 0 0 0 0 1 0 ,0 0 1 0 0 0 ,0 0 1 
Rose_Print_Chiffon_Dress-img_00000009.jpg,41,1 0 0 0 0 0 0 ,0 1 0 0 0 0 ,0 0 1 
Ornate_Surplice_Maxi_Dress-img_00000030.jpg,41,0 0 0 0 0 1 0 ,0 0 1 0 0 0 ,0 0 1 
Polka_Dot_Print_Blouse-img_00000053.jpg,3,0 1 0 0 0 0 0 ,0 0 1 0 0 0 ,0 0 1 
Scalloped_Halter_Dress-img_00000023.jpg,41,0 0 0 1 0 0 0 ,0 1 0 0 0 0 ,1 0 0 
Paisley_Dolman_Cardigan-img_00000039.jpg,6,1 0 0 0 0 0 0 ,0 0 1 0 0 0 ,0 0 1 
Lemon_Print_Shorts-img_00000063.jpg,32,1 0 0 0 0 0 0 ,0 0 1 0 0 0 ,0 0 1 
Textured_Flat-Front_Shorts-img_00000025.jpg,32,0 1 0 0 0 0 0 ,0 0 1 0 0 0 ,0 0 1 
Floral_Print_A-Line_Skirt-img_00000043.jpg,33,1 0 0 0 0 0 0 ,0 0 1 0 0 0 ,0 0 1 
Pleated_Midi_Skirt-img_00000068.jpg,33,0 0 0 0 1 0 0 ,0 0 1 0 0 0 ,0 0 1 
Favorite_Ankle-Length_Skinny_Jeans-img_00000061.jpg,26,0 0 0 0 0 1 0 ,1 0 0 0 0 0 ,1 0 0 
Longline_Hooded_Tank-img_00000008.jpg,17,0 1 0 0 0 0 0 ,0 0 1 0 0 0 ,0 0 1 
Ruffled-Sleeve_Layered_Blouse-img_00000060.jpg,3,0 0 0 0 0 1 0 ,0 1 0 0 0 0 ,0 0 1 
V-Neck_Tie-Dye_Dress-img_00000034.jpg,41,1 0 0 0 0 0 0 ,0 0 1 0 0 0 ,0 1 0 
Mesh-Trimmed_Bodycon_Dress-img_00000039.jpg,41,0 0 0 0 0 1 0 ,0 0 1 0 0 0 ,1 0 0 
Floral_Eyelet_Tank-img_00000027.jpg,17,0 0 0 0 0 1 0 ,0 0 1 0 0 0 ,0 0 1 
High-Waisted_Capri_Leggings-img_00000035.jpg,30,0 0 0 0 0 1 0 ,0 0 1 0 0 0 ,1 0 0 
Pleated_Chiffon_Romper-img_00000015.jpg,48,0 0 0 0 0 1 0 ,0 0 1 0 0 0 ,0 0 1 
Layered_Crepe_Blouse-img_00000013.jpg,3,0 0 0 0 0 1 0 ,0 1 0 0 0 0 ,0 1 0 
Chambray_Joggers-img_00000044.jpg,29,0 0 0 0 0 1 0 ,1 0 0 0 0 0 ,0 0 1 
Floral_Maxi_Dress-img_00000063.jpg,41,1 0 0 0 0 0 0 ,0 0 1 0 0 0 ,0 0 1 
Tasseled_Crochet_Shift_Dress-img_00000013.jpg,41,0 0 0 0 0 1 0 ,0 0 1 0 0 0 ,0 0 1 
Crepe_Popover_Blouse-img_00000048.jpg,3,0 0 0 0 0 1 0 ,0 0 1 0 0 0 ,0 0 1 
Lattice_Knit_Sweater-img_00000032.jpg,16,0 0 0 0 0 1 0 ,0 0 0 0 0 1 ,0 0 1 
Belted_Crepe_Trench_Coat-img_00000042.jpg,39,0 0 0 0 0 1 0 ,0 0 1 0 0 0 ,0 0 1 
Embroidered_Woven_Dress-img_00000065.jpg,41,1 0 0 0 0 0 0 ,0 0 1 0 0 0 ,0 0 1 
Embroidered_Gauze_Dress-img_00000027.jpg,41,1 0 0 0 0 0 0 ,0 0 1 0 0 0 ,0 0 1 
Fair_Isle_Crew_Neck_Sweater-img_00000041.jpg,16,0 1 0 0 0 0 0 ,0 0 0 0 0 1 ,0 0 1 
Southwestern_Burnout_Tee-img_00000035.jpg,18,0 1 0 0 0 0 0 ,0 0 1 0 0 0 ,1 0 0 
Draped_Open-Front_Cardigan-img_00000050.jpg,6,0 0 0 0 0 1 0 ,0 0 1 0 0 0 ,0 0 1 
Geo_Tribal_Print_A-Line_Skirt-img_00000046.jpg,33,1 0 0 0 0 0 0 ,0 0 1 0 0 0 ,0 0 1 
Striped_Loose-Knit_Sweater-img_00000010.jpg,16,0 1 0 0 0 0 0 ,0 0 0 0 0 1 ,0 0 1 
Hooded_Woven_Jacket-img_00000004.jpg,11,0 1 0 0 0 0 0 ,0 0 1 0 0 0 ,0 0 1 
Faux_Leather_Mini_Skirt-img_00000058.jpg,33,0 0 0 0 0 1 0 ,0 0 0 1 0 0 ,0 0 1 
Acid_Wash_Jeans-img_00000038.jpg,26,1 0 0 0 0 0 0 ,1 0 0 0 0 0 ,1 0 0 
Gingham_Print_Skater_Dress-img_00000007.jpg,41,0 0 0 0 0 0 1 ,0 0 1 0 0 0 ,0 0 1 
Chiffon_Curved_Hem_Blouse-img_00000082.jpg,3,0 0 0 0 0 1 0 ,0 1 0 0 0 0 ,0 1 0 
Triangle_Print_Tank_Dress-img_00000031.jpg,41,1 0 0 0 0 0 0 ,0 0 1 0 0 0 ,0 0 1 
Button-Front_Drawstring_Romper-img_00000047.jpg,48,0 0 0 0 0 1 0 ,0 0 1 0 0 0 ,0 0 1 
Embroidered_Lace-Paneled_Longline_Cardigan-img_00000017.jpg,6,0 0 0 1 0 0 0 ,0 1 0 0 0 0 ,0 0 1 
Zippered_Shawl_Collar_Blazer-img_00000076.jpg,2,0 0 0 0 0 1 0 ,0 0 1 0 0 0 ,0 0 1 
Bandana_Print_Layered_Tee-img_00000003.jpg,18,1 0 0 0 0 0 0 ,0 0 1 0 0 0 ,0 1 0 
Cutout_Back_Tank-img_00000030.jpg,17,0 0 0 0 0 1 0 ,0 1 0 0 0 0 ,0 0 1 
Striped_Lace_Dress-img_00000051.jpg,41,0 0 1 0 0 0 0 ,0 0 1 0 0 0 ,0 0 1 
Textured_Pencil_Skirt-img_00000022.jpg,33,0 0 0 0 0 1 0 ,0 0 1 0 0 0 ,0 0 1 
Floral_Crochet_Shorts-img_00000044.jpg,32,0 0 0 1 0 0 0 ,0 0 0 0 0 1 ,0 0 1 
Self-Tie_Peasant_Blouse-img_00000027.jpg,3,0 0 0 0 0 1 0 ,0 0 1 0 0 0 ,0 0 1 
Side-Slit_Collared_Blouse-img_00000077.jpg,3,0 0 0 0 0 1 0 ,0 0 1 0 0 0 ,0 0 1 
Side-Slit_Maxi_Dress-img_00000004.jpg,41,0 0 0 0 0 1 0 ,0 0 1 0 0 0 ,0 0 1 
Embroidered_Illusion_Neckline_Dress-img_00000010.jpg,41,0 0 0 1 0 0 0 ,0 1 0 0 0 0 ,0 0 1 
Faux_Fur_Collar_Waffle_Knit_Cardigan-img_00000038.jpg,6,0 0 0 0 0 1 0 ,0 0 0 0 0 1 ,0 0 1 
Paneled_Stripe_Tank-img_00000011.jpg,17,0 0 1 0 0 0 0 ,0 0 1 0 0 0 ,0 0 1 
Colorblocked_Cable_Knit_Sweater-img_00000006.jpg,16,0 0 0 0 0 1 0 ,0 0 0 0 0 1 ,0 0 1 
Buttoned_Daisy_Print_Skirt-img_00000037.jpg,33,0 0 0 0 0 0 1 ,0 0 1 0 0 0 ,0 1 0 
Open-Front_Zippered_Blazer-img_00000062.jpg,2,0 0 0 0 0 1 0 ,0 0 1 0 0 0 ,0 0 1 
Stripe_Cutout-Back_Maxi_Dress-img_00000024.jpg,41,0 0 1 0 0 0 0 ,0 0 1 0 0 0 ,1 0 0 
Hooded_Stripe_Pattern_Dress-img_00000037.jpg,41,0 1 0 0 0 0 0 ,0 0 1 0 0 0 ,0 0 1 
Hooded_Utility_Jacket-img_00000011.jpg,11,0 0 0 0 0 1 0 ,0 0 0 0 1 0 ,0 0 1 
Abstract_Print_Dolman_Top-img_00000011.jpg,19,0 1 0 0 0 0 0 ,0 0 1 0 0 0 ,0 0 1 
Tupac_Baroque_Print_Jersey_Tank-img_00000029.jpg,17,0 1 0 0 0 0 0 ,0 0 1 0 0 0 ,0 0 1 
Always_Be_Chic_Top-img_00000021.jpg,19,0 0 1 0 0 0 0 ,0 0 0 0 0 1 ,0 0 1 
High_Slit_Midi_Skirt-img_00000037.jpg,33,0 0 0 0 0 1 0 ,0 0 1 0 0 0 ,0 0 1 
Buttoned_Cami_Crop_Top-img_00000031.jpg,19,0 0 0 0 0 1 0 ,0 0 1 0 0 0 ,0 0 1 
Belted_Open-Knit_Cardigan-img_00000024.jpg,6,0 0 0 0 0 1 0 ,0 1 0 0 0 0 ,0 1 0 
Slub_Knit_Hoodie-img_00000003.jpg,10,1 0 0 0 0 0 0 ,0 0 1 0 0 0 ,0 0 1 
Utility_Jumpsuit-img_00000031.jpg,42,0 1 0 0 0 0 0 ,0 0 1 0 0 0 ,0 0 1 
Chambray_Cami_Romper-img_00000006.jpg,48,0 0 0 0 0 1 0 ,1 0 0 0 0 0 ,1 0 0 
Belted_Wrap_Coat-img_00000008.jpg,39,0 0 0 0 0 1 0 ,0 0 1 0 0 0 ,0 0 1 
Perforated_Yoke_Shirt_Dress-img_00000010.jpg,41,0 0 0 0 0 1 0 ,0 0 1 0 0 0 ,1 0 0 
Acid_Wash_Denim_Cutoffs-img_00000009.jpg,24,1 0 0 0 0 0 0 ,1 0 0 0 0 0 ,0 0 1 
Colorblock_Trapeze_Dress-img_00000063.jpg,41,0 0 0 0 0 1 0 ,0 0 1 0 0 0 ,1 0 0 
Floral_Print_Shirt_Dress-img_00000013.jpg,41,1 0 0 0 0 0 0 ,0 0 1 0 0 0 ,0 0 1 
Get_Cray_Muscle_Tee-img_00000029.jpg,18,0 1 0 0 0 0 0 ,0 0 1 0 0 0 ,0 0 1 
Contrast-Piped_Blouse-img_00000100.jpg,3,0 0 0 0 0 1 0 ,0 0 1 0 0 0 ,0 0 1 
Tribal_Print_Pleated_Dress-img_00000015.jpg,41,1 0 0 0 0 0 0 ,0 0 1 0 0 0 ,0 0 1 
Classic_Chino_Shorts-img_00000063.jpg,32,0 0 0 0 0 1 0 ,0 0 1 0 0 0 ,0 0 1 
Homies_Graphic_Tee-img_00000025.jpg,18,0 1 0 0 0 0 0 ,0 0 1 0 0 0 ,0 0 1 
Bell_Sleeve_Georgette_Blouse-img_00000038.jpg,3,0 0 0 0 0 1 0 ,0 1 0 0 0 0 ,0 0 1 
Butterfly_Print_Blouse-img_00000024.jpg,3,0 1 0 0 0 0 0 ,0 1 0 0 0 0 ,1 0 0 
Striped_Polo_Dress-img_00000020.jpg,41,0 0 1 0 0 0 0 ,0 0 1 0 0 0 ,0 0 1 
Classic_Thermal_Top-img_00000022.jpg,19,0 0 0 0 0 1 0 ,0 0 0 0 0 1 ,0 0 1 
Crochet_Sheath_Dress-img_00000076.jpg,41,0 0 1 0 0 0 0 ,0 1 0 0 0 0 ,0 0 1 
Open-Knit_Batwing_Cardigan-img_00000002.jpg,6,0 0 0 0 0 1 0 ,0 0 0 0 0 1 ,0 0 1 
Easy_Open-Knit_Cardigan-img_00000028.jpg,6,0 0 0 0 0 1 0 ,0 0 1 0 0 0 ,0 1 0 
Rose_Print_Shift_Dress-img_00000007.jpg,41,1 0 0 0 0 0 0 ,0 0 1 0 0 0 ,0 0 1 
Tie-Dye_Lace-Up_Maxi_Dress-img_00000002.jpg,41,1 0 0 0 0 0 0 ,0 1 0 0 0 0 ,0 1 0 
Crinkled_Satin_Halter_Dress-img_00000001.jpg,41,0 0 0 0 0 1 0 ,0 0 1 0 0 0 ,0 0 1 
Button-Front_Drawstring_Romper-img_00000010.jpg,48,0 1 0 0 0 0 0 ,0 1 0 0 0 0 ,0 0 1 
Zippered_Shawl_Collar_Blazer-img_00000031.jpg,2,0 0 0 0 0 1 0 ,0 0 0 0 1 0 ,0 1 0 
Belted_Chino_Shorts-img_00000055.jpg,32,0 0 0 0 0 1 0 ,0 0 1 0 0 0 ,0 0 1 
Belted_Skater_Dress-img_00000007.jpg,41,0 0 0 0 0 1 0 ,0 1 0 0 0 0 ,0 0 1 
Classic_Woven_Blazer-img_00000011.jpg,2,0 0 0 0 0 1 0 ,0 0 1 0 0 0 ,0 0 1 
Denim_Skater_Skirt-img_00000023.jpg,33,0 0 0 0 1 0 0 ,0 0 1 0 0 0 ,0 0 1 
Cutout_Sheath_Dress-img_00000024.jpg,41,0 0 0 0 0 1 0 ,0 0 1 0 0 0 ,0 0 1 
Burnout_Pocket_Tee-img_00000061.jpg,18,0 0 1 0 0 0 0 ,0 0 1 0 0 0 ,0 0 1 
Life_in_Progress_Drawstring_Chambray_Shorts-img_00000003.jpg,32,0 0 1 0 0 0 0 ,0 0 1 0 0 0 ,0 0 1 
Pizza_Party_Tee-img_00000024.jpg,18,0 1 0 0 0 0 0 ,0 0 1 0 0 0 ,0 0 1 
Distressed_Mineral_Wash_Jeans-img_00000008.jpg,26,0 0 0 0 0 1 0 ,1 0 0 0 0 0 ,0 0 1 
Bleached_Skinny_Jeans-img_00000070.jpg,26,0 0 0 0 0 1 0 ,1 0 0 0 0 0 ,0 0 1 
Collarless_Faux_Leather-Sleeve_Blazer-img_00000131.jpg,2,0 0 0 0 0 1 0 ,0 0 0 0 1 0 ,0 0 1 
Everyday_Fold-Over_Leggings-img_00000034.jpg,30,0 0 0 0 0 1 0 ,0 0 1 0 0 0 ,1 0 0 
Belted_Crocheted_Chiffon_Dress-img_00000049.jpg,41,0 0 0 0 0 1 0 ,0 1 0 0 0 0 ,0 1 0 
NYC_Tee-img_00000056.jpg,18,0 1 0 0 0 0 0 ,0 0 1 0 0 0 ,0 0 1 
Boxy_Crepe_Romper-img_00000008.jpg,48,0 0 0 0 0 1 0 ,0 0 1 0 0 0 ,0 0 1 
Vegan_Leather-Sleeved_Bomber_Jacket-img_00000036.jpg,11,0 1 0 0 0 0 0 ,0 0 1 0 0 0 ,0 0 1 
Striped_Shaggy_Knit_Sweater-img_00000007.jpg,16,0 0 1 0 0 0 0 ,0 0 0 0 0 1 ,0 0 1 
Cable_Knit_Sweater-img_00000026.jpg,16,0 0 0 0 0 1 0 ,0 0 0 0 0 1 ,0 0 1 
Paint_It_Red_Strapless_Romper-img_00000031.jpg,48,0 0 0 0 0 1 0 ,0 0 1 0 0 0 ,1 0 0 
Abstract_Skort_Romper-img_00000015.jpg,48,1 0 0 0 0 0 0 ,0 0 1 0 0 0 ,0 0 1 
Mickey_Mouse_Ringer_Tee-img_00000001.jpg,18,0 1 0 0 0 0 0 ,0 0 1 0 0 0 ,0 0 1 
Open-Front_Duster_Coat-img_00000001.jpg,39,0 0 0 0 0 1 0 ,0 0 1 0 0 0 ,0 0 1 
Eyelash_Lace_Skirt-img_00000041.jpg,33,0 0 0 0 0 0 1 ,0 0 1 0 0 0 ,0 0 1 
Textured_Skater_Dress-img_00000014.jpg,41,0 0 0 0 0 1 0 ,0 0 1 0 0 0 ,0 0 1 
Tie-Dye_Paradise_Tank-img_00000036.jpg,17,1 0 0 0 0 0 0 ,0 0 1 0 0 0 ,0 0 1 
Lace_Cami_Jumpsuit-img_00000039.jpg,42,0 0 0 0 0 1 0 ,0 0 1 0 0 0 ,0 0 1 
Abstract_Pattern_Bodycon_Dress-img_00000019.jpg,41,0 1 0 0 0 0 0 ,0 0 1 0 0 0 ,1 0 0 
French_Terry_Shorts-img_00000008.jpg,32,0 0 0 0 0 1 0 ,0 0 1 0 0 0 ,0 0 1 
The_Lion_King_Muscle_Tee-img_00000010.jpg,18,0 1 0 0 0 0 0 ,0 0 1 0 0 0 ,0 0 1 
Cap-Sleeved_Midi_Dress-img_00000052.jpg,41,0 0 0 0 0 1 0 ,0 0 1 0 0 0 ,1 0 0 
Faux_Leather_Skater_Skirt-img_00000004.jpg,33,0 0 0 0 0 1 0 ,0 0 0 1 0 0 ,0 0 1 
Collarless_Scuba_Knit_Coat-img_00000016.jpg,39,0 0 0 0 0 1 0 ,0 0 1 0 0 0 ,0 0 1 
Mid_Rise_-_Skinny_Jeans-img_00000001.jpg,26,0 0 0 0 0 1 0 ,1 0 0 0 0 0 ,1 0 0 
Longline_Batwing_Cardigan-img_00000044.jpg,6,0 0 0 0 0 1 0 ,0 0 0 0 0 1 ,0 0 1 
Harry_Potter_Muscle_Tee-img_00000002.jpg,18,0 1 0 0 0 0 0 ,0 0 1 0 0 0 ,0 0 1 
Self-Tie_Neck_Blouse-img_00000018.jpg,3,0 0 0 0 0 1 0 ,0 0 1 0 0 0 ,0 1 0 
Crochet_Lace_Shift_Dress-img_00000001.jpg,41,0 0 0 0 0 1 0 ,0 0 1 0 0 0 ,0 0 1 
Floral-Embroidered_Halter_Romper-img_00000014.jpg,48,0 0 0 1 0 0 0 ,0 0 1 0 0 0 ,0 0 1 
Pleated_Floral_Lace_Dress-img_00000036.jpg,41,0 0 0 0 0 1 0 ,0 1 0 0 0 0 ,0 0 1 
Mesh_Pullover_Hoodie-img_00000046.jpg,10,0 0 0 0 0 1 0 ,0 0 1 0 0 0 ,0 0 1 
Medallion_Print_Halter_Dress-img_00000020.jpg,41,1 0 0 0 0 0 0 ,0 1 0 0 0 0 ,0 0 1 
Smocked_Ruffle-Trim_Shorts-img_00000011.jpg,32,0 0 0 0 0 1 0 ,0 1 0 0 0 0 ,0 0 1 
V-Back_Tee-img_00000030.jpg,18,0 0 0 0 0 1 0 ,0 0 1 0 0 0 ,0 0 1 
Turtleneck_Bodycon_Dress-img_00000051.jpg,41,0 0 0 0 0 1 0 ,0 0 1 0 0 0 ,1 0 0 
Ribbed_Racer_Tank-img_00000052.jpg,17,0 0 0 0 0 1 0 ,0 0 1 0 0 0 ,1 0 0 
Textured_Houndstooth_Skirt-img_00000033.jpg,33,0 1 0 0 0 0 0 ,0 0 1 0 0 0 ,0 0 1 
Heathered_Knit_Dress-img_00000028.jpg,41,0 0 0 0 0 1 0 ,0 0 1 0 0 0 ,1 0 0 
Rock_N_Roll_Tee-img_00000051.jpg,18,0 1 0 0 0 0 0 ,0 0 1 0 0 0 ,0 0 1 
Lace_Halter_Dress-img_00000088.jpg,41,0 0 0 1 0 0 0 ,0 1 0 0 0 0 ,0 0 1 
Homies_Graphic_Tee-img_00000006.jpg,18,0 1 0 0 0 0 0 ,0 0 1 0 0 0 ,0 0 1 
Faux_Leather_Trimmed_Joggers-img_00000036.jpg,29,0 0 0 0 0 1 0 ,0 0 1 0 0 0 ,0 0 1 
Tribal_Print_A-Line_Dress-img_00000020.jpg,41,1 0 0 0 0 0 0 ,0 1 0 0 0 0 ,0 0 1 
Classic_Crew_Neck_Sweater-img_00000014.jpg,16,0 0 0 0 0 1 0 ,0 0 0 0 0 1 ,0 0 1 
Braided_Strap_Maxi_Dress-img_00000017.jpg,41,1 0 0 0 0 0 0 ,0 0 1 0 0 0 ,0 0 1 
Floral_Lace_Strapless_Dress-img_00000020.jpg,41,0 0 0 1 0 0 0 ,0 1 0 0 0 0 ,0 0 1 
Mirrored_Palm_Print_Tee-img_00000003.jpg,18,1 0 0 0 0 0 0 ,0 1 0 0 0 0 ,0 0 1 
Heathered_Seamless_Workout_Leggings-img_00000011.jpg,30,0 1 0 0 0 0 0 ,0 0 1 0 0 0 ,1 0 0 
Chiffon_Twist-Front_Top-img_00000015.jpg,19,0 1 0 0 0 0 0 ,0 1 0 0 0 0 ,0 0 1 
Hooded_Cotton_Canvas_Anorak-img_00000106.jpg,1,0 0 0 0 0 1 0 ,0 0 0 1 0 0 ,0 0 1 
Abstract_Sequined_Skirt-img_00000038.jpg,33,0 0 0 1 0 0 0 ,0 1 0 0 0 0 ,1 0 0 
Buttoned_High-Waisted_Skinny_Jeans-img_00000055.jpg,26,0 0 0 0 0 1 0 ,1 0 0 0 0 0 ,1 0 0 
Contrast-Front_Knit_Sweater-img_00000037.jpg,16,0 0 0 0 0 1 0 ,0 0 1 0 0 0 ,0 0 1 
Denim_A-Line_Skirt-img_00000024.jpg,33,0 0 0 0 0 1 0 ,1 0 0 0 0 0 ,0 0 1 
Slim_Cotton_Chinos-img_00000068.jpg,22,0 0 0 0 0 1 0 ,0 0 1 0 0 0 ,0 0 1 
Scalloped_Crochet_Skirt-img_00000011.jpg,33,0 0 0 1 0 0 0 ,0 0 1 0 0 0 ,0 0 1 
Embroidered_Self-Tie_Blouse-img_00000070.jpg,3,0 0 0 1 0 0 0 ,0 0 1 0 0 0 ,0 0 1 
Colorblocked_Raglan_Sweater-img_00000034.jpg,16,0 0 0 0 0 1 0 ,0 0 1 0 0 0 ,1 0 0 
Y-Back_Halter_Dress-img_00000018.jpg,41,1 0 0 0 0 0 0 ,0 0 1 0 0 0 ,0 0 1 
Crew_Neck_Tee-img_00000011.jpg,18,0 0 0 0 0 1 0 ,0 0 1 0 0 0 ,0 0 1 
Longline_Boyfriend_Blazer-img_00000119.jpg,2,0 0 0 0 0 1 0 ,0 0 1 0 0 0 ,0 0 1 
ACDC_Graphic_Tee-img_00000024.jpg,18,0 1 0 0 0 0 0 ,0 0 1 0 0 0 ,0 0 1 
Side-Slit_Maxi_Dress-img_00000022.jpg,41,0 0 1 0 0 0 0 ,0 0 1 0 0 0 ,1 0 0 
Linen_Colorblock_Tee-img_00000035.jpg,18,0 0 0 0 0 1 0 ,0 0 1 0 0 0 ,0 0 1 
Palm_Tree_Muscle_Tee-img_00000028.jpg,18,0 1 0 0 0 0 0 ,0 0 1 0 0 0 ,0 0 1 
Beaded-Trim_Mandala_Print_Blouse-img_00000025.jpg,3,0 0 0 0 0 1 0 ,0 0 1 0 0 0 ,0 0 1 
Longline_Crochet_Cardigan-img_00000004.jpg,6,0 0 0 1 0 0 0 ,0 0 0 0 0 1 ,0 0 1 
Ribbed_Button-Down_Tank-img_00000043.jpg,17,0 0 0 0 0 1 0 ,0 0 1 0 0 0 ,0 0 1 
Mid-Rise_-_Distressed_Boyfriend_Jeans-img_00000030.jpg,26,0 0 0 0 0 1 0 ,1 0 0 0 0 0 ,0 0 1 
Diamond_Print_Halter_Cami_Dress-img_00000032.jpg,41,1 0 0 0 0 0 0 ,0 0 1 0 0 0 ,0 0 1 
Open-Front_Duster_Coat-img_00000024.jpg,39,0 0 0 0 0 1 0 ,0 0 1 0 0 0 ,0 0 1 
Clean_Wash_Jeggings-img_00000031.jpg,27,0 0 0 0 0 1 0 ,1 0 0 0 0 0 ,1 0 0 
Cap-Sleeved_Midi_Dress-img_00000033.jpg,41,0 0 0 0 0 1 0 ,0 0 1 0 0 0 ,1 0 0 
Faux_Leather_Skater_Skirt-img_00000044.jpg,33,0 0 0 0 1 0 0 ,0 0 0 1 0 0 ,0 0 1 
Basic_Heathered_Tee-img_00000009.jpg,18,0 0 0 0 0 1 0 ,0 0 1 0 0 0 ,0 0 1 
Lace_Paneled_Shift_Dress-img_00000002.jpg,41,1 0 0 0 0 0 0 ,0 0 1 0 0 0 ,0 0 1 
Worldly_Girl_Cutout_Dress-img_00000002.jpg,41,0 1 0 0 0 0 0 ,0 0 1 0 0 0 ,1 0 0 
Lace_Love_Maxi_Dress-img_00000078.jpg,41,0 0 0 0 0 1 0 ,0 0 1 0 0 0 ,0 0 1 
Chiffon_Surplice_Top-img_00000010.jpg,19,0 1 0 0 0 0 0 ,0 1 0 0 0 0 ,0 0 1 
Ikat_Print_Mini_Skirt-img_00000056.jpg,33,0 0 1 0 0 0 0 ,0 0 1 0 0 0 ,0 0 1 
Geo_Print_Dolman_Tee-img_00000013.jpg,18,0 1 0 0 0 0 0 ,0 0 1 0 0 0 ,0 0 1 
Ladder_Cutout_Jumpsuit-img_00000041.jpg,42,0 0 0 0 0 1 0 ,0 0 1 0 0 0 ,1 0 0 
Abstract_Print_Dolman_Top-img_00000017.jpg,19,0 0 0 0 0 1 0 ,0 0 1 0 0 0 ,0 0 1 
Chiffon_Button-Down_Shirt_Dress-img_00000039.jpg,41,0 0 0 0 0 1 0 ,0 1 0 0 0 0 ,1 0 0 
Sun_Graphic_Racerback_Tank-img_00000007.jpg,17,0 1 0 0 0 0 0 ,0 0 1 0 0 0 ,0 0 1 
Lacy_Pintucked_Cami_Romper-img_00000021.jpg,48,0 0 0 0 0 1 0 ,0 0 1 0 0 0 ,0 0 1 
Collared_Drawstring_Jacket-img_00000034.jpg,11,0 0 0 0 0 1 0 ,0 0 1 0 0 0 ,0 0 1 
Marled_T-Shirt_Dress-img_00000036.jpg,41,0 0 0 0 0 1 0 ,0 0 1 0 0 0 ,1 0 0 
Keyhole_Babydoll_Dress-img_00000041.jpg,41,0 0 0 0 0 1 0 ,0 0 1 0 0 0 ,0 0 1 
Mixed_Knit_Cardigan-img_00000012.jpg,6,1 0 0 0 0 0 0 ,0 0 0 0 0 1 ,0 0 1 
Barbie_Tank_Top-img_00000032.jpg,19,0 1 0 0 0 0 0 ,0 0 1 0 0 0 ,0 0 1 
Daring_Mesh_Panel_Skater_Dress-img_00000023.jpg,41,0 0 0 0 0 1 0 ,0 0 1 0 0 0 ,0 0 1 
Classic_Shift_Dress-img_00000012.jpg,41,0 0 0 0 0 1 0 ,0 0 1 0 0 0 ,0 0 1 
Lace-Trimmed_Shift_Dress-img_00000014.jpg,41,0 0 0 0 0 1 0 ,0 0 1 0 0 0 ,0 0 1 
Strappy_Chiffon_Maxi_Dress-img_00000041.jpg,41,0 0 0 0 0 1 0 ,0 0 1 0 0 0 ,0 0 1 
Charlie_Brown_Print_Tank-img_00000019.jpg,17,0 1 0 0 0 0 0 ,0 0 1 0 0 0 ,0 0 1 
Buttoned_Front_Tank-img_00000058.jpg,17,0 0 0 0 0 1 0 ,0 0 1 0 0 0 ,0 0 1 
Floral_Foliage_Cami_Dress-img_00000009.jpg,41,1 0 0 0 0 0 0 ,0 1 0 0 0 0 ,0 0 1 
Duo-Stripe_Tee-img_00000005.jpg,18,0 0 1 0 0 0 0 ,0 0 1 0 0 0 ,0 0 1 
Zippered_Shawl_Collar_Blazer-img_00000117.jpg,2,0 0 0 0 0 1 0 ,0 0 1 0 0 0 ,0 0 1 
Heathered_Knit_Skater_Skirt-img_00000025.jpg,33,0 0 0 0 0 1 0 ,0 0 1 0 0 0 ,0 0 1 
Paisley_Print_Jumpsuit-img_00000058.jpg,42,1 0 0 0 0 0 0 ,0 0 1 0 0 0 ,0 1 0 
Paneled_Drawstring_Chinos-img_00000022.jpg,22,0 0 0 0 0 1 0 ,0 0 1 0 0 0 ,0 0 1 
Chiffon_Maxi_Dress-img_00000057.jpg,41,0 0 0 0 1 0 0 ,0 1 0 0 0 0 ,0 0 1 
Floral_Lace_Faux_Leather_Skirt-img_00000018.jpg,33,0 0 0 0 0 1 0 ,0 0 0 1 0 0 ,0 0 1 
Tupac_Graphic_Tee-img_00000028.jpg,18,0 1 0 0 0 0 0 ,0 0 1 0 0 0 ,0 0 1 
Abstract_Stripe_Print_Jumpsuit-img_00000018.jpg,42,0 0 1 0 0 0 0 ,0 0 1 0 0 0 ,1 0 0 
Pleated_Maxi_Skirt-img_00000056.jpg,33,0 0 0 0 1 0 0 ,0 1 0 0 0 0 ,0 1 0 
Classic_French_Terry_Sweatpants-img_00000018.jpg,34,0 0 0 0 0 1 0 ,0 0 0 0 0 1 ,0 0 1 
V-Neck_Crop_Tee-img_00000030.jpg,18,0 0 0 0 0 1 0 ,0 0 1 0 0 0 ,1 0 0 
Contrast-Trimmed_Peasant_Blouse-img_00000053.jpg,3,0 0 0 0 0 1 0 ,0 1 0 0 0 0 ,0 0 1 
Faux_Leather_Peplum_Jacket-img_00000042.jpg,11,0 0 0 0 0 1 0 ,0 0 0 1 0 0 ,0 0 1 
Clean_Wash_Jeggings-img_00000004.jpg,27,0 0 0 0 0 1 0 ,1 0 0 0 0 0 ,1 0 0 
Chiffon_Longline_Halter_Top-img_00000003.jpg,19,0 0 0 0 1 0 0 ,0 1 0 0 0 0 ,0 0 1 
Romantic_Rose_Dress-img_00000051.jpg,41,1 0 0 0 0 0 0 ,0 1 0 0 0 0 ,0 0 1 
Heathered_Split-Neck_Tee-img_00000009.jpg,18,0 0 0 0 0 1 0 ,0 0 1 0 0 0 ,0 0 1 
Longline_Batwing_Cardigan-img_00000003.jpg,6,0 0 0 0 0 1 0 ,0 0 0 0 0 1 ,0 0 1 
Distressed_Denim_Bermuda_Shorts-img_00000004.jpg,32,0 0 0 0 0 1 0 ,1 0 0 0 0 0 ,0 0 1 
Tropical_Print_Chino_Shorts-img_00000055.jpg,32,1 0 0 0 0 0 0 ,0 0 1 0 0 0 ,0 0 1 
Striped_Pocket_Tee-img_00000037.jpg,18,0 0 1 0 0 0 0 ,0 0 1 0 0 0 ,0 0 1 
Double-Breasted_Blazer-img_00000014.jpg,2,0 0 0 0 0 0 1 ,0 0 1 0 0 0 ,1 0 0 
Strappy_Chiffon_Maxi_Dress-img_00000043.jpg,41,0 0 0 0 1 0 0 ,0 1 0 0 0 0 ,0 0 1 
Layered_Sleeveless_Dress-img_00000080.jpg,41,0 0 0 0 0 1 0 ,0 0 1 0 0 0 ,0 0 1 
Marled_Drop-Sleeved_Cardigan-img_00000003.jpg,6,0 1 0 0 0 0 0 ,0 0 0 0 0 1 ,0 0 1 
Lace_V-Back_Dress-img_00000062.jpg,41,0 0 0 1 0 0 0 ,0 1 0 0 0 0 ,1 0 0 
Baroque-Patterned_Lace_Top-img_00000013.jpg,19,1 0 0 0 0 0 0 ,0 0 1 0 0 0 ,0 0 1 
Clean_Wash_-_Ripped_Slim-Leg_Jeans-img_00000037.jpg,26,0 0 0 0 0 1 0 ,1 0 0 0 0 0 ,1 0 0 
Bull_Graphic_Muscle_Tee-img_00000031.jpg,18,0 1 0 0 0 0 0 ,0 0 1 0 0 0 ,0 0 1 
Striped_Raglan_Sweater-img_00000007.jpg,16,0 0 1 0 0 0 0 ,0 0 0 0 0 1 ,0 0 1 
Cutout_Knit_Bodycon_Dress-img_00000037.jpg,41,0 0 0 0 0 1 0 ,0 0 1 0 0 0 ,1 0 0 
Marled_Knit_Sweatpants-img_00000024.jpg,34,1 0 0 0 0 0 0 ,0 0 0 0 0 1 ,1 0 0 
Floral_Eyelet_Dress-img_00000052.jpg,41,1 0 0 0 0 0 0 ,0 0 1 0 0 0 ,0 0 1 
Chambray_Joggers-img_00000020.jpg,29,0 0 0 0 0 1 0 ,1 0 0 0 0 0 ,0 0 1 
Paisley_Tunic_Dress-img_00000003.jpg,41,1 0 0 0 0 0 0 ,0 0 1 0 0 0 ,0 0 1 
Scoop_Neck_Maxi_Dress-img_00000077.jpg,41,0 0 0 0 0 1 0 ,0 0 1 0 0 0 ,0 0 1 
Floral_Print_Tie-Front_Blouse-img_00000093.jpg,3,1 0 0 0 0 0 0 ,0 1 0 0 0 0 ,0 0 1 
Abstract_Geo_Crop_Top-img_00000028.jpg,19,1 0 0 0 0 0 0 ,0 0 1 0 0 0 ,0 0 1 
Leopard_Print_Bodycon_Dress-img_00000069.jpg,41,0 1 0 0 0 0 0 ,0 0 1 0 0 0 ,1 0 0 
Floral_Print_Halter_Maxi_Dress-img_00000011.jpg,41,1 0 0 0 0 0 0 ,0 0 1 0 0 0 ,0 0 1 
Striped_Tribal_Print_Leggings-img_00000042.jpg,30,0 1 0 0 0 0 0 ,0 0 1 0 0 0 ,1 0 0 
Night_Moves_Surplice_Dress-img_00000023.jpg,41,0 0 0 0 0 1 0 ,0 0 1 0 0 0 ,0 0 1 
Palm_Print_Bodycon_Dress-img_00000040.jpg,41,1 0 0 0 0 0 0 ,0 0 1 0 0 0 ,1 0 0 
Rose_Print_Skater_Skirt-img_00000016.jpg,33,0 1 0 0 0 0 0 ,0 0 1 0 0 0 ,0 0 1 
Faux_Leather_Biker_Jacket-img_00000075.jpg,11,0 0 0 0 0 1 0 ,0 0 0 1 0 0 ,0 0 1 
Flat-Front_Shorts-img_00000013.jpg,32,0 0 0 0 0 1 0 ,0 0 1 0 0 0 ,0 0 1 
Woven_Pleated_Shorts-img_00000032.jpg,32,0 0 0 0 0 1 0 ,0 0 1 0 0 0 ,0 0 1 
Stretch-Knit_Shift_Dress-img_00000021.jpg,41,1 0 0 0 0 0 0 ,0 0 0 0 0 1 ,1 0 0 
Seamless_Workout_Tank-img_00000018.jpg,17,0 0 0 0 0 1 0 ,0 0 1 0 0 0 ,1 0 0 
Abstract_Chevron_Draped_Dress-img_00000035.jpg,41,0 0 0 0 1 0 0 ,0 0 1 0 0 0 ,0 0 1 
Sleeveless_Hoodie-img_00000071.jpg,10,0 1 0 0 0 0 0 ,0 0 1 0 0 0 ,0 0 1 
Bleach-Splatter_Oversized_Tee-img_00000017.jpg,18,1 0 0 0 0 0 0 ,0 1 0 0 0 0 ,0 1 0 
Faded_Drawstring_Sweatpants-img_00000008.jpg,34,0 0 0 0 0 1 0 ,1 0 0 0 0 0 ,0 0 1 
Cuffed_Chino_Shorts-img_00000010.jpg,32,0 0 0 0 0 1 0 ,0 0 1 0 0 0 ,0 0 1 
Open-Front_Jersey_Cardigan-img_00000002.jpg,6,0 0 0 0 0 1 0 ,0 0 1 0 0 0 ,0 0 1 
Abstract_Stripe_Joggers-img_00000016.jpg,29,1 0 0 0 0 0 0 ,0 0 1 0 0 0 ,0 0 1 
Longline_Slit_Blazer-img_00000047.jpg,2,0 0 0 0 0 1 0 ,0 1 0 0 0 0 ,0 0 1 
Hooded_Asymmetrical_Longline_Jacket-img_00000033.jpg,11,0 0 0 0 0 1 0 ,0 0 1 0 0 0 ,0 0 1 
Floral_Lace_Peplum_Dress-img_00000029.jpg,41,0 0 0 1 0 0 0 ,0 0 1 0 0 0 ,1 0 0 
Pizza_Print_Tank-img_00000012.jpg,17,0 1 0 0 0 0 0 ,0 0 1 0 0 0 ,0 0 1 
Floral_Scuba_Knit_Skirt-img_00000018.jpg,33,1 0 0 0 0 0 0 ,0 0 1 0 0 0 ,1 0 0 
Boxy_Beaded_Crepe_Top-img_00000004.jpg,19,0 0 0 0 0 1 0 ,0 0 1 0 0 0 ,0 1 0 
Ruched_Knit_Sheath_Dress-img_00000034.jpg,41,0 0 0 0 0 1 0 ,0 0 1 0 0 0 ,1 0 0 
Floral_A-Line_Dress-img_00000052.jpg,41,1 0 0 0 0 0 0 ,0 1 0 0 0 0 ,0 0 1 
Split-Neck_Dolman_Blouse-img_00000070.jpg,3,0 0 0 0 0 0 1 ,0 1 0 0 0 0 ,0 0 1 
V-Neck_Burnout_Tee-img_00000022.jpg,18,1 0 0 0 0 0 0 ,0 0 1 0 0 0 ,0 0 1 
Nylon_Raglan_Bomber_Jacket-img_00000028.jpg,11,0 0 0 0 0 1 0 ,0 0 1 0 0 0 ,0 0 1 
Ribbed_Side_Slit_Dress-img_00000032.jpg,41,0 0 0 0 0 1 0 ,0 0 0 0 0 1 ,1 0 0 
Tartan_Plaid_Blouse-img_00000025.jpg,3,0 0 0 0 0 0 1 ,0 0 1 0 0 0 ,0 0 1 
Sophisticated_Jersey_Knit_Dress-img_00000044.jpg,41,0 0 0 0 0 1 0 ,0 0 1 0 0 0 ,1 0 0 
Ikat_Print_Chiffon_Dress-img_00000026.jpg,41,1 0 0 0 0 0 0 ,0 0 1 0 0 0 ,0 0 1 
Waffle_Knit_Sweater-img_00000027.jpg,16,0 0 0 0 0 1 0 ,0 0 0 0 0 1 ,0 0 1 
Floral_Print_Pocket_Tee-img_00000028.jpg,18,0 0 0 0 0 1 0 ,0 0 1 0 0 0 ,0 0 1 
French_Terry_Drawstring_Shorts-img_00000013.jpg,32,0 0 0 0 0 1 0 ,0 0 1 0 0 0 ,0 0 1 
Eyelash_Lace-Paneled_Romper-img_00000014.jpg,48,0 0 0 1 0 0 0 ,0 0 1 0 0 0 ,0 0 1 
Denim_Shirt_Dress-img_00000054.jpg,41,0 0 0 0 0 1 0 ,1 0 0 0 0 0 ,0 0 1 
Crochet-Paneled_Cardigan-img_00000025.jpg,6,0 0 0 0 0 1 0 ,0 0 0 0 0 1 ,0 0 1 
Serious_Graphic_Muscle_Tee-img_00000018.jpg,18,0 1 0 0 0 0 0 ,0 0 1 0 0 0 ,0 0 1 
Ruched_Heathered_Muscle_Tee-img_00000004.jpg,18,0 0 0 0 1 0 0 ,0 0 1 0 0 0 ,1 0 0 
Clean_Wash_Jeggings-img_00000020.jpg,27,0 0 0 0 0 1 0 ,1 0 0 0 0 0 ,1 0 0 
Tribal_Print_Maxi_Dress-img_00000043.jpg,41,0 1 0 0 0 0 0 ,0 1 0 0 0 0 ,0 0 1 
High-Neck_Striped_Tee-img_00000033.jpg,18,0 0 1 0 0 0 0 ,0 0 1 0 0 0 ,0 0 1 
Semi-Sheer_Racerback_Tank-img_00000009.jpg,17,0 0 0 0 0 1 0 ,0 0 1 0 0 0 ,1 0 0 
Metallic_Knit_Tee-img_00000041.jpg,18,0 0 0 0 0 1 0 ,0 0 0 0 1 0 ,0 0 1 
Abstract_Print_Pleated_Dress-img_00000033.jpg,41,1 0 0 0 0 0 0 ,0 1 0 0 0 0 ,0 0 1 
Perfomance_Leggings-img_00000015.jpg,30,0 0 0 0 0 1 0 ,0 0 1 0 0 0 ,1 0 0 
Pintucked_Stained_Glass_Print_Dress-img_00000017.jpg,41,1 0 0 0 0 0 0 ,0 0 1 0 0 0 ,1 0 0 
Floral_Print_Skater_Dress-img_00000053.jpg,41,1 0 0 0 0 0 0 ,0 0 1 0 0 0 ,0 0 1 
Faux_Leather_Sheath_Dress-img_00000043.jpg,41,0 0 0 0 0 1 0 ,0 0 1 0 0 0 ,0 0 1 
T-Back_High-Slit_Dress-img_00000039.jpg,41,0 0 0 0 0 1 0 ,0 0 0 0 0 1 ,0 1 0 
Oversized_Open-Front_Blazer-img_00000049.jpg,2,0 0 0 0 0 1 0 ,0 0 1 0 0 0 ,0 0 1 
Boxy_Floral_Pocket_Tee-img_00000002.jpg,18,0 0 0 0 0 1 0 ,0 1 0 0 0 0 ,0 0 1 
Classic_Slub_Jersey_Tank-img_00000043.jpg,17,0 0 0 0 0 1 0 ,0 0 1 0 0 0 ,0 0 1 
French_Graphic_Hoodie-img_00000041.jpg,10,1 0 0 0 0 0 0 ,0 0 1 0 0 0 ,0 0 1 
Basic_Athletic_Racerback_Tank-img_00000028.jpg,17,0 1 0 0 0 0 0 ,0 0 1 0 0 0 ,0 0 1 
Boxy_Tank_Top-img_00000023.jpg,19,0 0 0 0 0 1 0 ,0 0 1 0 0 0 ,0 0 1 
Favorite_Short-Sleeve_Dress-img_00000015.jpg,41,0 0 0 0 0 1 0 ,0 0 1 0 0 0 ,1 0 0 
French_Terry_Drawstring_Shorts-img_00000010.jpg,32,0 0 0 0 0 1 0 ,0 0 1 0 0 0 ,0 0 1 
Floral_Print_Trapeze_Romper-img_00000028.jpg,48,1 0 0 0 0 0 0 ,0 0 1 0 0 0 ,0 0 1 
Floral_Wide-Leg_Cami_Jumpsuit-img_00000020.jpg,42,1 0 0 0 0 0 0 ,0 0 1 0 0 0 ,0 0 1 
Striped_Racerback_Tank-img_00000009.jpg,17,0 0 1 0 0 0 0 ,0 0 1 0 0 0 ,0 0 1 
Striped_Heathered_Tee-img_00000035.jpg,18,0 0 1 0 0 0 0 ,0 0 1 0 0 0 ,0 0 1 
Embroidered_Drawstring_Romper-img_00000014.jpg,48,0 0 0 0 0 1 0 ,0 1 0 0 0 0 ,0 0 1 
Striped_Turtle_Neck_Dress-img_00000001.jpg,41,0 0 0 0 0 1 0 ,0 0 1 0 0 0 ,1 0 0 
Textured_V-Neck_Dress-img_00000058.jpg,41,0 0 0 0 0 1 0 ,0 0 1 0 0 0 ,0 0 1 
Faux_Leather_Mini_Skirt-img_00000056.jpg,33,0 0 0 0 0 1 0 ,0 0 0 1 0 0 ,1 0 0 
Faux_Leather_Mini_Skirt-img_00000068.jpg,33,0 0 0 0 0 1 0 ,0 0 0 1 0 0 ,0 0 1 
Nautical_Stripe_Jersey_Tee-img_00000035.jpg,18,0 0 1 0 0 0 0 ,0 0 1 0 0 0 ,0 0 1 
Toucan_Print_Tee-img_00000041.jpg,18,1 0 0 0 0 0 0 ,0 0 1 0 0 0 ,0 0 1 
Crochet_Cami_Dress-img_00000008.jpg,41,0 0 0 1 0 0 0 ,0 1 0 0 0 0 ,0 0 1 
Polka_Dot_Skater_Dress-img_00000017.jpg,41,0 1 0 0 0 0 0 ,0 0 1 0 0 0 ,0 0 1 
Beaded_Mini_Skirt-img_00000042.jpg,33,1 0 0 0 0 0 0 ,0 0 1 0 0 0 ,0 0 1 
Must-Have_Scuba_Skater_Dress-img_00000029.jpg,41,0 0 0 0 0 1 0 ,0 0 1 0 0 0 ,0 0 1 
Layered-Panel_Chiffon_Blouse-img_00000099.jpg,3,0 1 0 0 0 0 0 ,0 0 1 0 0 0 ,0 0 1 
Tribal_Print_Cutout_Dress-img_00000001.jpg,41,0 1 0 0 0 0 0 ,0 0 1 0 0 0 ,0 0 1 
Lily_Print_Dress-img_00000073.jpg,41,1 0 0 0 0 0 0 ,0 0 1 0 0 0 ,0 0 1 
Boxy_Chambray_Tank_Top-img_00000033.jpg,19,0 0 0 0 0 1 0 ,1 0 0 0 0 0 ,0 0 1 
Stretch-Knit_Bodycon_Dress-img_00000018.jpg,41,1 0 0 0 0 0 0 ,0 0 1 0 0 0 ,1 0 0 
Corn_Crop_Ringer_Tee-img_00000011.jpg,18,0 0 1 0 0 0 0 ,0 0 1 0 0 0 ,0 0 1 
Belted_Paisley_Print_Dress-img_00000016.jpg,41,1 0 0 0 0 0 0 ,0 1 0 0 0 0 ,0 0 1 
Abstract_Floral_Tie-Waist_Dress-img_00000029.jpg,41,1 0 0 0 0 0 0 ,0 0 1 0 0 0 ,1 0 0 
Crochet-Trimmed_Crepe_Maxi_Dress-img_00000046.jpg,41,0 0 0 0 0 1 0 ,0 0 1 0 0 0 ,0 0 1 
Tribal_Pattern_Sequin_Shorts-img_00000049.jpg,32,0 1 0 0 0 0 0 ,0 0 0 0 0 1 ,0 0 1 
Textured_Open-Front_Cardigan-img_00000010.jpg,6,0 0 0 1 0 0 0 ,0 1 0 0 0 0 ,0 0 1 
White_Distressed_Skinny_Jeans-img_00000042.jpg,26,0 0 0 0 0 1 0 ,1 0 0 0 0 0 ,1 0 0 
Colorblocked_French_Terry_Hoodie-img_00000015.jpg,10,0 1 0 0 0 0 0 ,0 0 1 0 0 0 ,0 0 1 
Fringed_Lace_Cardigan-img_00000025.jpg,6,0 0 0 1 0 0 0 ,0 1 0 0 0 0 ,0 0 1 
Striped_Geo_Print_Tee-img_00000019.jpg,18,0 0 1 0 0 0 0 ,0 0 1 0 0 0 ,0 0 1 
Floral_Lace_Mini_Skirt-img_00000002.jpg,33,0 0 0 1 0 0 0 ,0 0 1 0 0 0 ,0 0 1 
Striped_Henley-img_00000032.jpg,9,0 0 1 0 0 0 0 ,0 0 1 0 0 0 ,0 0 1 
Abstract_Print_Joggers-img_00000018.jpg,29,1 0 0 0 0 0 0 ,0 1 0 0 0 0 ,0 0 1 
Lace-Trimmed_Shift_Dress-img_00000016.jpg,41,0 0 0 1 0 0 0 ,0 0 1 0 0 0 ,0 0 1 
Textured_Bodycon_Dress-img_00000056.jpg,41,0 0 0 0 0 1 0 ,0 0 1 0 0 0 ,1 0 0 
Abstract-Patterned_Blouse-img_00000082.jpg,3,1 0 0 0 0 0 0 ,0 0 1 0 0 0 ,0 0 1 
Floral_Print_Racerback_Tank-img_00000042.jpg,17,1 0 0 0 0 0 0 ,0 0 1 0 0 0 ,0 0 1 
Sleeveless_Hoodie-img_00000074.jpg,10,0 0 0 0 0 1 0 ,0 0 1 0 0 0 ,0 0 1 
Bandage_Bodycon_Dress-img_00000074.jpg,41,0 0 0 0 0 1 0 ,0 0 1 0 0 0 ,1 0 0 
Mesh-Back_Tank-img_00000046.jpg,17,0 0 0 0 0 1 0 ,0 0 1 0 0 0 ,0 0 1 
Love_Hate_Tee-img_00000054.jpg,18,0 1 0 0 0 0 0 ,0 0 1 0 0 0 ,0 0 1 
Classic_Babydoll_Dress-img_00000035.jpg,41,0 0 0 0 0 1 0 ,0 1 0 0 0 0 ,0 0 1 
Strapless_Sweetheart_Dress-img_00000067.jpg,41,0 0 0 0 0 1 0 ,0 0 1 0 0 0 ,1 0 0 
Always_Be_Chic_Top-img_00000071.jpg,19,0 0 0 0 0 1 0 ,0 0 1 0 0 0 ,0 1 0 
Tasseled_Crochet_Shift_Dress-img_00000008.jpg,41,0 0 0 1 0 0 0 ,0 0 0 0 0 1 ,0 0 1 
Lace-Paneled_Lattice-Back_Blouse-img_00000055.jpg,3,0 0 0 0 0 1 0 ,0 0 0 1 0 0 ,1 0 0 
V-Neck_Pocket_Tee-img_00000057.jpg,18,0 0 0 0 0 1 0 ,0 0 1 0 0 0 ,0 0 1 
Faux_Leather-Sleeve_Marled_Jacket-img_00000012.jpg,11,0 0 0 0 0 1 0 ,0 0 0 0 1 0 ,0 0 1 
Married_To_The_Mob_Feminist_Tank-img_00000013.jpg,17,0 1 0 0 0 0 0 ,0 0 1 0 0 0 ,0 0 1 
Layered_Halter_Jumpsuit-img_00000048.jpg,42,0 1 0 0 0 0 0 ,0 0 1 0 0 0 ,0 0 1 
Scuba_Mesh_Athletic_Jacket-img_00000017.jpg,11,0 0 0 0 0 1 0 ,0 0 1 0 0 0 ,0 0 1 
Floral_Print_Bodycon_Dress-img_00000015.jpg,41,1 0 0 0 0 0 0 ,0 0 1 0 0 0 ,1 0 0 
Longline_Open-Knit_Cardigan-img_00000006.jpg,6,0 0 0 0 0 1 0 ,0 0 0 0 0 1 ,0 0 1 
Two-Tone_Knit_Cardigan-img_00000054.jpg,6,0 0 1 0 0 0 0 ,0 0 0 0 0 1 ,0 0 1 
Floral_Print_Chambray_Kimono-img_00000011.jpg,44,1 0 0 0 0 0 0 ,0 0 1 0 0 0 ,0 0 1 
Lace_Trimmed_Blouse-img_00000039.jpg,3,0 0 0 1 0 0 0 ,0 0 1 0 0 0 ,0 1 0 
Loop_Knit_Open-Front_Cardigan-img_00000013.jpg,6,0 0 0 0 0 1 0 ,0 0 0 0 1 0 ,0 0 1 
Boxy_Floral_Print_Top-img_00000042.jpg,19,1 0 0 0 0 0 0 ,0 1 0 0 0 0 ,0 0 1 
Knife-Pleated_Floral_Skirt-img_00000033.jpg,33,1 0 0 0 0 0 0 ,0 1 0 0 0 0 ,0 0 1 
Embroidered_Self-Tie_Blouse-img_00000064.jpg,3,0 0 0 0 0 1 0 ,0 1 0 0 0 0 ,0 0 1 
Crochet-Trimmed_Abstract_Print_Shorts-img_00000005.jpg,32,0 1 0 0 0 0 0 ,0 0 1 0 0 0 ,0 0 1 
Abstract_Floral_Fringe_Crop_Top-img_00000039.jpg,19,0 0 0 0 0 1 0 ,0 0 1 0 0 0 ,1 0 0 
V-Neck_Button-Down_Cardigan-img_00000016.jpg,6,0 0 0 0 0 1 0 ,0 0 0 0 0 1 ,0 0 1 
Southwestern-Inspired_Poncho-img_00000005.jpg,15,0 0 1 0 0 0 0 ,0 0 1 0 0 0 ,0 0 1 
Distressed_For_the_Road_Tee-img_00000009.jpg,18,0 1 0 0 0 0 0 ,0 0 1 0 0 0 ,0 0 1 
Abstract_Zigzag_Maxi_Dress-img_00000042.jpg,41,1 0 0 0 0 0 0 ,0 1 0 0 0 0 ,0 0 1 
Heathered_Crew_Neck_Tee-img_00000010.jpg,18,0 0 0 0 0 1 0 ,0 0 1 0 0 0 ,0 0 1 
Curved-Hem_Tank-img_00000002.jpg,17,0 1 0 0 0 0 0 ,0 0 1 0 0 0 ,0 0 1 
Abstract_Print_Embroidered_Kimono-img_00000032.jpg,44,1 0 0 0 0 0 0 ,0 1 0 0 0 0 ,0 1 0 
Striped_Swim_Trunks-img_00000088.jpg,36,0 0 1 0 0 0 0 ,0 0 1 0 0 0 ,0 0 1 
Chiffon-Paneled_Abstract_Top-img_00000010.jpg,19,0 1 0 0 0 0 0 ,0 1 0 0 0 0 ,0 0 1 
Floral_Eyelet_Tank-img_00000022.jpg,17,0 0 0 1 0 0 0 ,0 0 1 0 0 0 ,0 0 1 
Denim_Drawstring_Jumpsuit-img_00000043.jpg,42,0 0 0 0 0 1 0 ,0 0 1 0 0 0 ,0 0 1 
L.A.T.H.C._Abstract_Print_Tee-img_00000022.jpg,18,0 1 0 0 0 0 0 ,0 0 1 0 0 0 ,0 0 1 
Watercolor_Floral_Drawstring_Blouse-img_00000042.jpg,3,0 0 0 1 0 0 0 ,0 1 0 0 0 0 ,0 0 1 
Floral_Print_Skater_Skirt-img_00000004.jpg,33,1 0 0 0 0 0 0 ,0 0 1 0 0 0 ,0 0 1 
Ribbed_Mini_Skirt-img_00000015.jpg,33,0 0 0 0 0 1 0 ,0 0 0 0 0 1 ,1 0 0 
Floral_Lace_Maxi_Dress-img_00000003.jpg,41,0 0 0 1 0 0 0 ,0 1 0 0 0 0 ,1 0 0 
Classic_Wash_-_Skinny_Jeans-img_00000047.jpg,26,0 0 0 0 0 1 0 ,1 0 0 0 0 0 ,1 0 0 
Asymmetrical_Pencil_Skirt-img_00000045.jpg,33,0 0 0 0 0 1 0 ,0 0 1 0 0 0 ,1 0 0 
Lace_Print_Dress-img_00000011.jpg,41,0 0 0 1 0 0 0 ,0 0 1 0 0 0 ,1 0 0 
Fuzzy_Plaid_Sweater-img_00000029.jpg,16,0 0 0 0 0 0 1 ,0 0 0 0 0 1 ,0 1 0 
Plunging_V-Neckline_Dress-img_00000001.jpg,41,0 0 0 0 0 1 0 ,0 0 1 0 0 0 ,1 0 0 
Striped_Shirt_Dress-img_00000001.jpg,41,0 0 1 0 0 0 0 ,0 0 1 0 0 0 ,0 0 1 
LA_Clippers_Graphic_Tank-img_00000016.jpg,17,0 1 0 0 0 0 0 ,0 0 1 0 0 0 ,0 0 1 
Striped_Waffle_Knit_Dress-img_00000030.jpg,41,0 0 0 1 0 0 0 ,0 0 1 0 0 0 ,0 0 1 
Vegan_Leather-Sleeved_Bomber_Jacket-img_00000060.jpg,11,0 0 0 0 0 1 0 ,0 0 1 0 0 0 ,0 0 1 
Slub_Knit_Maxi_Cardigan-img_00000041.jpg,6,0 0 0 0 0 1 0 ,0 0 0 0 0 1 ,0 1 0 
V-Neck_Shift_Dress-img_00000045.jpg,41,0 0 0 0 0 1 0 ,0 0 1 0 0 0 ,0 1 0 
Crossback_Woven_Maxi_Dress-img_00000036.jpg,41,0 1 0 0 0 0 0 ,0 0 1 0 0 0 ,0 0 1 
Cutout-Back_Lace_Dress-img_00000045.jpg,41,0 0 0 1 0 0 0 ,0 0 0 0 0 1 ,1 0 0 
Dreamcatcher_Muscle_Tee-img_00000026.jpg,18,0 1 0 0 0 0 0 ,0 0 1 0 0 0 ,0 0 1 
Colorblock_Tie-Dye_Tank-img_00000037.jpg,17,0 1 0 0 0 0 0 ,0 0 1 0 0 0 ,0 0 1 
Distressed_Ghostbusters_Muscle_Tank-img_00000023.jpg,17,0 1 0 0 0 0 0 ,0 0 1 0 0 0 ,0 0 1 
Boxy_Floral_Crochet_Top-img_00000017.jpg,19,0 0 0 1 0 0 0 ,0 0 0 0 0 1 ,0 0 1 
Belted_Paisley_Print_Dress-img_00000029.jpg,41,0 1 0 0 0 0 0 ,0 0 1 0 0 0 ,0 0 1 
Marled_Knit_Combo_Jacket-img_00000003.jpg,11,0 0 1 0 0 0 0 ,0 0 1 0 0 0 ,0 0 1 
Leaf_Print_Halter_Dress-img_00000043.jpg,41,0 1 0 0 0 0 0 ,0 0 1 0 0 0 ,1 0 0 
Geometric_Button-Down_Blouse-img_00000091.jpg,3,0 1 0 0 0 0 0 ,0 0 1 0 0 0 ,0 0 1 
Floral_Print_A-Line_Skirt-img_00000004.jpg,33,1 0 0 0 0 0 0 ,0 0 1 0 0 0 ,0 0 1 
Windowpane_Floral_Crochet_Blouse-img_00000024.jpg,3,0 0 0 0 0 0 1 ,0 0 0 0 0 1 ,0 0 1 
Baroque_Print_Drawstring_Shorts-img_00000026.jpg,32,0 0 1 0 0 0 0 ,0 0 1 0 0 0 ,0 0 1 
Abstract_Skort_Romper-img_00000028.jpg,48,1 0 0 0 0 0 0 ,0 0 1 0 0 0 ,0 0 1 
Dropped_Hem_T-Shirt_Dress-img_00000082.jpg,41,0 0 0 0 0 1 0 ,0 0 1 0 0 0 ,0 0 1 
French_Terry_Open-Front_Cardigan-img_00000053.jpg,6,0 0 1 0 0 0 0 ,0 0 1 0 0 0 ,0 0 1 
Layered_Running_Shorts-img_00000045.jpg,32,0 0 0 0 0 1 0 ,0 0 1 0 0 0 ,1 0 0 
Boxy_Ribbed_Knit_Tank-img_00000044.jpg,17,0 0 1 0 0 0 0 ,0 0 0 0 0 1 ,0 0 1 
Ditsy_Floral_Jersey_Dress-img_00000029.jpg,41,1 0 0 0 0 0 0 ,0 0 1 0 0 0 ,0 0 1 
Textured_Crepe_Maxi_Dress-img_00000007.jpg,41,0 0 0 0 0 1 0 ,0 1 0 0 0 0 ,0 0 1 
Ruffled_Floral_Blouse-img_00000014.jpg,3,1 0 0 0 0 0 0 ,0 1 0 0 0 0 ,0 0 1 
Classic_Knit_Cardigan-img_00000001.jpg,6,0 0 0 0 0 1 0 ,0 0 0 0 0 1 ,0 0 1 
Faux_Fur_Collar_Cardigan-img_00000049.jpg,6,0 0 0 0 0 1 0 ,0 0 1 0 0 0 ,0 0 1 
Collarless_Multi-Knit_Jacket-img_00000014.jpg,11,0 0 0 0 0 1 0 ,0 0 0 0 1 0 ,0 0 1 
Lace_Swing_Tank-img_00000058.jpg,17,0 0 0 1 0 0 0 ,0 0 1 0 0 0 ,0 1 0 
Chiffon_Surplice_Top-img_00000037.jpg,19,0 0 1 0 0 0 0 ,0 1 0 0 0 0 ,0 0 1 
Sequined_Mini_Skirt-img_00000081.jpg,33,0 0 0 0 0 1 0 ,0 0 1 0 0 0 ,0 0 1 
Textured_Pencil_Skirt-img_00000045.jpg,33,0 1 0 0 0 0 0 ,0 0 1 0 0 0 ,0 0 1 
Eyelash_Lace_Maxi_Cardigan-img_00000007.jpg,6,0 0 0 1 0 0 0 ,0 0 0 0 0 1 ,0 0 1 
Striped_Twist-Front_Blouse-img_00000049.jpg,3,0 0 0 0 0 1 0 ,0 0 1 0 0 0 ,0 1 0 
Cuffed-Sleeve_Striped_Tee-img_00000019.jpg,18,0 0 1 0 0 0 0 ,0 0 1 0 0 0 ,0 0 1 
Heathered_Zip-Up_Hoodie-img_00000042.jpg,10,0 0 0 0 0 1 0 ,0 0 1 0 0 0 ,0 0 1 
Acid_Wash_Distressed_Jeans-img_00000034.jpg,26,1 0 0 0 0 0 0 ,1 0 0 0 0 0 ,1 0 0 
Rugby_Stripe_Shift_Dress-img_00000023.jpg,41,0 0 1 0 0 0 0 ,0 0 1 0 0 0 ,0 0 1 
Crepe_Midi_Skirt-img_00000029.jpg,33,0 0 0 0 0 1 0 ,0 0 1 0 0 0 ,0 0 1 
Hooded_Longline_Cardigan-img_00000026.jpg,6,0 0 0 0 0 1 0 ,0 0 1 0 0 0 ,0 0 1 
Southwestern_Print_Cami_Romper-img_00000007.jpg,48,1 0 0 0 0 0 0 ,0 0 1 0 0 0 ,0 0 1 
Ruffled_Crepe_Woven_Blouse-img_00000028.jpg,3,0 0 0 0 0 1 0 ,0 0 1 0 0 0 ,0 0 1 
Textured_A-Line_Dress-img_00000021.jpg,41,0 0 0 0 0 1 0 ,0 0 1 0 0 0 ,0 0 1 
Dopest_Tropical_Graphic_Tank-img_00000016.jpg,17,0 1 0 0 0 0 0 ,0 0 1 0 0 0 ,0 0 1 
Classic_Pullover_Hoodie-img_00000053.jpg,10,0 1 0 0 0 0 0 ,0 0 1 0 0 0 ,0 0 1 
Folk_Print_Linen_Skirt-img_00000046.jpg,33,1 0 0 0 0 0 0 ,0 0 1 0 0 0 ,1 0 0 
Striped_Crew_Neck_Sweater-img_00000068.jpg,16,0 0 1 0 0 0 0 ,0 0 0 0 0 1 ,0 0 1 
Mesh_Patch-Pocket_Sweatpants-img_00000033.jpg,34,0 0 0 0 0 1 0 ,0 0 1 0 0 0 ,0 0 1 
Cable_Knit_Striped_Sweater-img_00000013.jpg,16,0 0 1 0 0 0 0 ,0 0 0 0 0 1 ,0 0 1 
Layered_Chiffon_Blouse-img_00000090.jpg,3,0 0 0 0 0 1 0 ,0 0 1 0 0 0 ,0 0 1 
Tribal-Inspired_Crochet_Dress-img_00000018.jpg,41,0 0 0 1 0 0 0 ,0 0 1 0 0 0 ,0 0 1 
Paisley_Print_Maxi_Skirt-img_00000001.jpg,33,1 0 0 0 0 0 0 ,0 0 1 0 0 0 ,0 0 1 
Bleached_Skinny_Jeans-img_00000037.jpg,26,1 0 0 0 0 0 0 ,1 0 0 0 0 0 ,1 0 0 
Dopest_Tropical_Graphic_Tank-img_00000002.jpg,17,0 0 0 0 0 1 0 ,0 0 1 0 0 0 ,0 0 1 
Ribbed_Knit_Tank-img_00000007.jpg,17,0 0 0 0 0 1 0 ,0 0 1 0 0 0 ,0 0 1 
Striped_Open-Knit_Blouse-img_00000101.jpg,3,0 0 1 0 0 0 0 ,0 0 0 0 0 1 ,0 0 1 
Animals_and_Coffee_Graphic_Tee-img_00000001.jpg,18,0 1 0 0 0 0 0 ,0 0 1 0 0 0 ,0 0 1 
Oh_Graphic_Tank-img_00000017.jpg,17,1 0 0 0 0 0 0 ,0 0 1 0 0 0 ,0 0 1 
Slub_Knit_Sweatshorts-img_00000023.jpg,35,0 0 0 0 0 1 0 ,0 0 1 0 0 0 ,0 0 1 
Low-Rise_Denim_Cutoffs-img_00000064.jpg,24,0 0 0 0 0 1 0 ,1 0 0 0 0 0 ,0 0 1 
Marled_Knit_Chino_Joggers-img_00000007.jpg,29,0 0 0 0 0 1 0 ,0 0 1 0 0 0 ,1 0 0 
Abstract_Print_Top-img_00000005.jpg,19,0 1 0 0 0 0 0 ,0 0 1 0 0 0 ,0 0 1 
Semi-Sheer_Racerback_Tank-img_00000015.jpg,17,0 0 0 0 0 1 0 ,0 0 1 0 0 0 ,0 0 1 
Pintucked_Shirt_Dress-img_00000058.jpg,41,0 0 0 0 0 1 0 ,0 0 1 0 0 0 ,0 0 1 
Flirty_Floral_Smock_Dress-img_00000001.jpg,41,1 0 0 0 0 0 0 ,0 1 0 0 0 0 ,0 0 1 
Baroque_Print_Drawstring_Shorts-img_00000024.jpg,32,1 0 0 0 0 0 0 ,0 0 1 0 0 0 ,0 0 1 
Cutout_Bandage_Dress-img_00000014.jpg,41,0 0 0 0 0 1 0 ,0 0 1 0 0 0 ,0 0 1 
Tie-Dyed_Tank-img_00000082.jpg,17,1 0 0 0 0 0 0 ,0 0 1 0 0 0 ,0 0 1 
Embroidered_Crepe_Shorts-img_00000014.jpg,32,0 1 0 0 0 0 0 ,0 0 1 0 0 0 ,0 0 1 
Favorite_Scoop_Neck_Tank-img_00000074.jpg,17,0 1 0 0 0 0 0 ,0 0 1 0 0 0 ,0 0 1 
Knit_Shawl_Collar_Cardigan-img_00000008.jpg,6,0 0 0 0 0 1 0 ,0 0 0 0 0 1 ,0 0 1 
Crinkled_Stretch_Knit_Blouse-img_00000031.jpg,3,0 0 0 0 0 1 0 ,0 0 1 0 0 0 ,0 0 1 
Cap-Sleeved_Crepe_Blouse-img_00000092.jpg,3,0 1 0 0 0 0 0 ,0 0 1 0 0 0 ,0 0 1 
Life_in_Progress_Hooded_Utility_Jacket-img_00000022.jpg,11,0 0 0 0 0 1 0 ,0 0 1 0 0 0 ,0 0 1 
Crochet-Trimmed_Sweater-img_00000009.jpg,16,0 0 0 0 0 1 0 ,0 0 0 0 0 1 ,0 1 0 
Palm_Leaf_Print_Bodycon_Dress-img_00000026.jpg,41,1 0 0 0 0 0 0 ,0 0 1 0 0 0 ,1 0 0 
Embroidered_Lace_Sheath_Dress-img_00000045.jpg,41,0 0 0 1 0 0 0 ,0 1 0 0 0 0 ,1 0 0 
Classic_Turtleneck_Sweater-img_00000027.jpg,16,0 0 0 0 0 1 0 ,0 0 0 0 0 1 ,0 0 1 
Favorite_V-Neck_Tee-img_00000057.jpg,18,0 0 0 0 0 1 0 ,0 0 1 0 0 0 ,0 0 1 
Time_To_Shine_Tee-img_00000022.jpg,18,0 1 0 0 0 0 0 ,0 0 1 0 0 0 ,0 0 1 
Striped_Linen_Ringer_Tee-img_00000006.jpg,18,0 0 1 0 0 0 0 ,0 0 1 0 0 0 ,0 0 1 
Colorblock-Paneled_Tee-img_00000039.jpg,18,0 1 0 0 0 0 0 ,0 0 1 0 0 0 ,0 0 1 
Shirred_Gauze_Midi_Dress-img_00000059.jpg,41,0 0 0 0 0 1 0 ,0 1 0 0 0 0 ,0 0 1 
Strapless_Maxi_Dress-img_00000027.jpg,41,0 0 0 0 0 1 0 ,0 0 1 0 0 0 ,0 0 1 
Plaid_Skater_Skirt-img_00000063.jpg,33,0 0 0 0 0 0 1 ,0 0 1 0 0 0 ,0 0 1 
Waffle-Sleeve_Raglan_Sweater-img_00000043.jpg,16,0 0 1 0 0 0 0 ,0 0 0 0 0 1 ,0 0 1 
Classic_Skinny_Jeans-img_00000036.jpg,26,0 0 0 0 0 1 0 ,1 0 0 0 0 0 ,0 0 1 
Brushstroke_Print_Sweatpants-img_00000013.jpg,34,0 1 0 0 0 0 0 ,0 0 1 0 0 0 ,0 0 1 
Ditsy_Floral_Jersey_Dress-img_00000002.jpg,41,1 0 0 0 0 0 0 ,0 0 1 0 0 0 ,0 0 1 
Cuffed_Low-Rise_Denim_Shorts-img_00000031.jpg,32,0 0 0 0 0 1 0 ,1 0 0 0 0 0 ,0 0 1 
Perforated_Knit_Dress-img_00000010.jpg,41,0 0 0 0 0 1 0 ,0 0 1 0 0 0 ,0 0 1 
Paris_France_Sleeveless_Hoodie-img_00000031.jpg,10,0 1 0 0 0 0 0 ,0 0 1 0 0 0 ,0 0 1 
Buttoned_Denim_Skirt-img_00000044.jpg,33,0 0 0 0 0 1 0 ,1 0 0 0 0 0 ,0 0 1 
Dip-Dyed_Sweater_Tank-img_00000018.jpg,17,0 0 0 0 0 1 0 ,0 0 0 0 0 1 ,0 0 1 
Lace-Paneled_Sweater-img_00000014.jpg,16,0 0 0 0 0 1 0 ,0 0 1 0 0 0 ,0 0 1 
Mandala_Print_Knit_Jumpsuit-img_00000017.jpg,42,1 0 0 0 0 0 0 ,0 0 1 0 0 0 ,0 0 1 
Bleach-Splatter_Oversized_Tee-img_00000016.jpg,18,0 1 0 0 0 0 0 ,0 0 1 0 0 0 ,0 1 0 
Mineral_Wash_Drawstring_Joggers-img_00000033.jpg,29,0 0 0 0 0 1 0 ,1 0 0 0 0 0 ,1 0 0 
Mesh-Paneled_Sweater-img_00000044.jpg,16,0 0 0 0 0 1 0 ,0 0 1 0 0 0 ,0 0 1 
Floral_Print_Strapless_Dress-img_00000069.jpg,41,1 0 0 0 0 0 0 ,0 1 0 0 0 0 ,0 0 1 
Trust_Nobody_Muscle_Tee-img_00000019.jpg,18,0 1 0 0 0 0 0 ,0 0 1 0 0 0 ,0 0 1 
Classic_Fold-Over_Maxi_Skirt-img_00000027.jpg,33,0 0 0 0 0 1 0 ,0 0 1 0 0 0 ,0 0 1 
Abstract_Brushstroke_Sweater-img_00000033.jpg,16,0 0 0 0 0 1 0 ,0 0 0 1 0 0 ,1 0 0 
Side-Slit_Textured_Shift_Dress-img_00000005.jpg,41,0 0 0 0 0 1 0 ,0 0 1 0 0 0 ,0 0 1 
LEEF_PARIS_Lightning_Graphic_Logo_Tee-img_00000007.jpg,18,0 1 0 0 0 0 0 ,0 0 1 0 0 0 ,0 0 1 
Cap-Sleeved_Crepe_Blouse-img_00000048.jpg,3,0 1 0 0 0 0 0 ,0 0 1 0 0 0 ,0 0 1 
Life_in_Progress_Tuxedo-Striped_Joggers-img_00000011.jpg,29,0 0 0 0 0 1 0 ,1 0 0 0 0 0 ,0 0 1 
Geo_Elephant_Print_Tee-img_00000010.jpg,18,0 1 0 0 0 0 0 ,0 0 1 0 0 0 ,0 0 1 
Paisley_Print_Denim_Jumpsuit-img_00000025.jpg,42,1 0 0 0 0 0 0 ,0 0 1 0 0 0 ,0 0 1 
Boxy_Striped_Crop_Top-img_00000008.jpg,19,0 0 1 0 0 0 0 ,0 0 1 0 0 0 ,0 0 1 
Quilted_Faux_Leather_Skirt-img_00000045.jpg,33,0 0 0 0 0 1 0 ,0 0 0 1 0 0 ,0 1 0 
Racerback_Mini_Dress-img_00000004.jpg,41,0 0 0 0 0 1 0 ,0 0 1 0 0 0 ,1 0 0 
French_Terry_Hoodie-img_00000035.jpg,10,0 0 0 0 0 1 0 ,0 0 1 0 0 0 ,0 0 1 
Drawstring_Utility_Jacket-img_00000037.jpg,11,0 0 0 0 0 1 0 ,0 0 1 0 0 0 ,0 0 1 
Bow-Front_Woven_Top-img_00000013.jpg,19,0 0 0 0 0 1 0 ,0 0 1 0 0 0 ,0 1 0 
Abstract_Palm_Print_Drawstring_Shorts-img_00000016.jpg,32,1 0 0 0 0 0 0 ,0 0 1 0 0 0 ,0 0 1 
Cuffed-Sleeve_Pocket_Tee-img_00000003.jpg,18,0 0 0 0 0 1 0 ,0 0 1 0 0 0 ,0 0 1 
Lemon_Print_Shorts-img_00000018.jpg,32,1 0 0 0 0 0 0 ,0 0 1 0 0 0 ,0 0 1 
Abstract_Mandala_Print_Top-img_00000029.jpg,19,0 1 0 0 0 0 0 ,0 0 1 0 0 0 ,1 0 0 
Tropical_Tank_Dress-img_00000021.jpg,41,0 0 0 0 0 1 0 ,0 0 1 0 0 0 ,0 0 1 
Backless_Bodycon_Dress-img_00000075.jpg,41,0 0 0 0 0 1 0 ,0 0 1 0 0 0 ,1 0 0 
Brushstroke_Print_Belted_Shift_Dress-img_00000055.jpg,41,0 0 0 0 1 0 0 ,0 0 1 0 0 0 ,0 0 1 
Crochet_Denim_Cutoffs-img_00000042.jpg,24,0 0 0 1 0 0 0 ,1 0 0 0 0 0 ,0 0 1 
Flat_Collar_Woven_Blouse-img_00000045.jpg,3,0 0 0 0 0 1 0 ,0 0 1 0 0 0 ,0 0 1 
Marled_Stripe_Hooded_Cardigan-img_00000003.jpg,6,0 0 1 0 0 0 0 ,0 0 0 0 0 1 ,0 0 1 
Vented_Cutout_Sheath_Dress-img_00000016.jpg,41,0 0 0 0 0 1 0 ,0 0 1 0 0 0 ,0 0 1 
Strapless_Diamond_Print_Dress-img_00000013.jpg,41,1 0 0 0 0 0 0 ,0 0 1 0 0 0 ,0 0 1 
High-Waisted_Plaid_Shorts-img_00000006.jpg,32,0 0 0 0 0 0 1 ,0 0 1 0 0 0 ,0 0 1 
Belted_Paisley_Print_Romper-img_00000001.jpg,48,1 0 0 0 0 0 0 ,0 0 1 0 0 0 ,0 0 1 
Cotton-Blend_Henley-img_00000038.jpg,9,0 1 0 0 0 0 0 ,0 0 1 0 0 0 ,0 0 1 
Crochet-Hem_Shorts-img_00000040.jpg,32,0 1 0 0 0 0 0 ,0 0 1 0 0 0 ,0 0 1 
Floral_Lace_Overlay_Dress-img_00000039.jpg,41,0 0 0 1 0 0 0 ,0 0 0 0 0 1 ,1 0 0 
Loose-Knit_Boxy_Sweater-img_00000032.jpg,16,0 0 0 0 0 1 0 ,0 0 1 0 0 0 ,0 0 1 
Ditsy_Floral_A-Line_Dress-img_00000006.jpg,41,1 0 0 0 0 0 0 ,0 1 0 0 0 0 ,0 0 1 
Cowl_Neck_Sweater-img_00000022.jpg,16,0 0 0 0 0 1 0 ,0 0 0 0 1 0 ,0 1 0 
Floral_Crochet_Dress-img_00000021.jpg,41,0 0 0 1 0 0 0 ,0 0 0 0 0 1 ,0 0 1 
Heathered_Muscle_Tee-img_00000041.jpg,18,0 1 0 0 0 0 0 ,0 0 1 0 0 0 ,0 0 1 
Pleated_Textured_Skirt-img_00000012.jpg,33,0 0 0 0 0 1 0 ,0 0 1 0 0 0 ,0 0 1 
Slouchy_Racerback_Tank-img_00000038.jpg,17,0 0 0 0 0 1 0 ,0 0 1 0 0 0 ,0 0 1 
Grateful_Dead_Muscle_Tee-img_00000018.jpg,18,1 0 0 0 0 0 0 ,0 0 1 0 0 0 ,0 0 1 
Baad_Sheep_Muscle_Tank-img_00000024.jpg,17,0 0 0 0 0 1 0 ,0 0 0 0 0 1 ,0 1 0 
Yoga_Capri_Leggings-img_00000041.jpg,30,1 0 0 0 0 0 0 ,0 0 1 0 0 0 ,1 0 0 
Striped_Floral_Shift_Dress-img_00000037.jpg,41,0 0 1 0 0 0 0 ,0 0 1 0 0 0 ,0 0 1 
Hooded_Puffer_Jacket-img_00000068.jpg,11,0 0 0 0 0 1 0 ,0 0 1 0 0 0 ,0 0 1 
Two-Button_Blazer-img_00000091.jpg,2,0 0 0 0 0 1 0 ,0 0 1 0 0 0 ,1 0 0 
Floral_Lace_Maxi_Cardigan-img_00000012.jpg,6,0 0 0 1 0 0 0 ,0 1 0 0 0 0 ,0 0 1 
Button-Down_Maxi_Cardigan-img_00000007.jpg,6,0 0 0 0 0 1 0 ,0 1 0 0 0 0 ,0 0 1 
Heathered_Stripe_Boxy_Tee-img_00000011.jpg,18,0 0 1 0 0 0 0 ,0 0 1 0 0 0 ,0 0 1 
Beaded_Chiffon_Top-img_00000025.jpg,19,0 0 0 0 0 1 0 ,0 0 1 0 0 0 ,0 0 1 
Textured_Athletic_Jacket-img_00000049.jpg,11,0 0 1 0 0 0 0 ,0 0 1 0 0 0 ,0 0 1 
Ruffled_Cami_Dress-img_00000034.jpg,41,0 0 0 0 0 1 0 ,0 0 1 0 0 0 ,0 0 1 
Braided_T-Back_Tank-img_00000064.jpg,17,0 0 0 0 1 0 0 ,0 0 1 0 0 0 ,0 0 1 
Stretch_Fit_Skinny_Jeans-img_00000031.jpg,26,0 0 0 0 0 1 0 ,1 0 0 0 0 0 ,0 0 1 
Cutout_Halter_Maxi_Dress-img_00000003.jpg,41,0 0 0 0 0 1 0 ,0 0 1 0 0 0 ,0 0 1 
Acid_Wash_Joggers-img_00000004.jpg,29,0 0 0 0 0 1 0 ,1 0 0 0 0 0 ,0 1 0 
Belted_Chino_Shorts-img_00000043.jpg,32,0 0 0 0 0 1 0 ,0 0 1 0 0 0 ,0 0 1 
Crochet-Trimmed_Mixed_Print_Kimono-img_00000017.jpg,44,1 0 0 0 0 0 0 ,0 0 1 0 0 0 ,0 1 0 
Athletic_Mesh-Paneled_Track_Jacket-img_00000046.jpg,11,0 0 0 0 0 1 0 ,0 0 1 0 0 0 ,1 0 0 
Washed_Denim_Trench_Coat-img_00000004.jpg,39,0 0 0 0 0 1 0 ,0 0 1 0 0 0 ,0 0 1 
Classic_Turtleneck_Sweater-img_00000023.jpg,16,0 0 0 0 0 1 0 ,0 0 0 0 0 1 ,0 0 1 
Cuffed_Tee_Shirt_Dress-img_00000004.jpg,41,0 0 1 0 0 0 0 ,0 0 1 0 0 0 ,0 1 0 
Cargo_Joggers-img_00000023.jpg,29,0 0 0 0 0 1 0 ,0 0 1 0 0 0 ,0 0 1 
Je_Suis_Linen_Tank-img_00000032.jpg,17,0 0 0 0 0 1 0 ,1 0 0 0 0 0 ,0 0 1 
Collarless_V-Neck_Blouse-img_00000022.jpg,3,0 0 0 0 1 0 0 ,0 1 0 0 0 0 ,0 0 1 
Mesh-Trimmed_Bodycon_Dress-img_00000011.jpg,41,0 0 0 0 0 1 0 ,0 0 1 0 0 0 ,0 0 1 
Floral_Tie-Dye_Dress-img_00000055.jpg,41,1 0 0 0 0 0 0 ,0 0 1 0 0 0 ,0 0 1 
Pleated_Chiffon_Dress-img_00000039.jpg,41,0 0 0 0 1 0 0 ,0 1 0 0 0 0 ,0 0 1 
Lace_Paneled_Shift_Dress-img_00000042.jpg,41,0 0 0 1 0 0 0 ,0 0 1 0 0 0 ,0 0 1 
Classic_Cropped_Sweater-img_00000011.jpg,16,0 0 0 0 0 1 0 ,0 0 1 0 0 0 ,0 0 1 
Beaded_Mesh-Paneled_Dress-img_00000043.jpg,41,0 0 0 0 0 1 0 ,0 1 0 0 0 0 ,0 0 1 
Woven_Cargo_Joggers-img_00000030.jpg,29,0 0 0 0 0 1 0 ,1 0 0 0 0 0 ,0 0 1 
Polka_Dot_Skater_Dress-img_00000007.jpg,41,0 1 0 0 0 0 0 ,0 0 1 0 0 0 ,0 0 1 
Saturday_And_Sunday_Muscle_Tee-img_00000030.jpg,18,0 1 0 0 0 0 0 ,0 0 1 0 0 0 ,0 0 1 
Crochet_Cable_Knit_Sweater-img_00000035.jpg,16,0 0 0 0 0 1 0 ,0 0 0 0 0 1 ,0 0 1 
Geo_Tribal_Print_A-Line_Skirt-img_00000035.jpg,33,0 1 0 0 0 0 0 ,0 1 0 0 0 0 ,0 0 1 
Marled_Knit_Bodycon_Dress-img_00000028.jpg,41,0 0 0 1 0 0 0 ,0 0 1 0 0 0 ,1 0 0 
Paisley_Print_Dress-img_00000025.jpg,41,0 1 0 0 0 0 0 ,0 0 1 0 0 0 ,0 0 1 
Floral_Lace_Faux_Leather_Skirt-img_00000007.jpg,33,0 0 0 0 0 1 0 ,0 0 0 1 0 0 ,0 0 1 
Daisy_Lace_Skater_Skirt-img_00000040.jpg,33,1 0 0 0 0 0 0 ,0 0 1 0 0 0 ,0 0 1 
Fringed_Lace_Cardigan-img_00000051.jpg,6,0 0 0 1 0 0 0 ,0 0 0 0 0 1 ,0 1 0 
High-Waisted_Knit_Shorts-img_00000068.jpg,32,0 0 0 0 0 1 0 ,1 0 0 0 0 0 ,0 0 1 
NY_Muscle_Tee-img_00000044.jpg,18,0 1 0 0 0 0 0 ,0 0 1 0 0 0 ,0 0 1 
Marled_V-Neck_Pocket_Tee-img_00000020.jpg,18,0 0 0 0 0 1 0 ,0 0 1 0 0 0 ,0 0 1 
Classic_Button-Down_Cardigan-img_00000054.jpg,6,0 0 0 0 0 0 1 ,0 0 1 0 0 0 ,0 0 1 
Heart_Print_Denim_Shorts-img_00000013.jpg,32,0 1 0 0 0 0 0 ,0 0 1 0 0 0 ,0 0 1 
Crepe_Zippered_Blouse-img_00000017.jpg,3,0 0 0 1 0 0 0 ,0 0 1 0 0 0 ,0 0 1 
Crisscross_Neckline_Peasant_Blouse-img_00000039.jpg,3,0 0 0 0 1 0 0 ,0 0 1 0 0 0 ,0 0 1 
Crepe_Pencil_Skirt-img_00000037.jpg,33,0 0 0 0 0 1 0 ,0 0 1 0 0 0 ,0 0 1 
Crochet-Paneled_Button-Down_Blouse-img_00000079.jpg,3,0 0 0 0 0 1 0 ,0 0 1 0 0 0 ,0 0 1 
Kaleidoscope_Print_Dress-img_00000036.jpg,41,1 0 0 0 0 0 0 ,0 0 1 0 0 0 ,0 0 1 
Textured_Damask_Bodycon_Dress-img_00000021.jpg,41,0 0 0 0 0 1 0 ,0 0 1 0 0 0 ,1 0 0 
Boxy_Multi-Striped_Tee-img_00000022.jpg,18,0 0 1 0 0 0 0 ,0 0 1 0 0 0 ,0 0 1 
Low-Rise_-_Distressed_Skinny_Jeans-img_00000028.jpg,26,0 0 0 0 0 1 0 ,1 0 0 0 0 0 ,0 0 1 
Well-Traveled_Muscle_Tee-img_00000001.jpg,18,0 1 0 0 0 0 0 ,0 0 1 0 0 0 ,0 0 1 
Daisy_Print_Dress-img_00000074.jpg,41,1 0 0 0 0 0 0 ,0 0 1 0 0 0 ,0 0 1 
Boxy_Double-Breasted_Coat-img_00000005.jpg,39,0 0 0 0 0 1 0 ,0 0 1 0 0 0 ,0 1 0 
Side-Zipper_Drawstring_Hoodie-img_00000007.jpg,10,0 0 0 0 0 1 0 ,0 0 1 0 0 0 ,0 0 1 
Mixed_Knit_Sweater-img_00000038.jpg,16,1 0 0 0 0 0 0 ,0 0 0 0 0 1 ,0 0 1 
Chic_High-Waisted_Jeggings-img_00000042.jpg,27,0 0 0 0 0 1 0 ,1 0 0 0 0 0 ,1 0 0 
Two-Button_Blazer-img_00000158.jpg,2,0 0 0 0 0 0 1 ,0 0 1 0 0 0 ,0 0 1 
Scuba_Knit_Paneled_Leggings-img_00000018.jpg,30,0 0 0 0 0 1 0 ,0 0 1 0 0 0 ,1 0 0 
Striped_Textured_Sweater-img_00000051.jpg,16,0 0 1 0 0 0 0 ,0 0 0 0 0 1 ,0 0 1 
Chain-Trim_Fuzzy_Cardigan-img_00000032.jpg,6,0 1 0 0 0 0 0 ,0 0 0 1 0 0 ,0 0 1 
Classic_Ribbed_Top-img_00000014.jpg,19,0 0 0 0 0 1 0 ,0 0 1 0 0 0 ,1 0 0 
Abstract_Print_Split-Back_Top-img_00000003.jpg,19,0 0 0 0 0 1 0 ,0 1 0 0 0 0 ,0 0 1 
Zip_Collar_Bomber-img_00000113.jpg,4,0 0 0 0 0 1 0 ,0 0 1 0 0 0 ,0 0 1 
Crochet_Lace-Trimmed_Sweater-img_00000057.jpg,16,0 0 0 1 0 0 0 ,0 0 0 0 0 1 ,0 0 1 
Tonal_Check-Patterned_Blouse-img_00000059.jpg,3,0 1 0 0 0 0 0 ,0 0 1 0 0 0 ,0 0 1 
Floral_Paisley_Shift_Dress-img_00000042.jpg,41,1 0 0 0 0 0 0 ,0 0 1 0 0 0 ,0 0 1 
Cutout_Sleeveless_Jumpsuit-img_00000029.jpg,42,0 0 0 0 0 1 0 ,0 0 1 0 0 0 ,0 0 1 
Reason_Camo_Joggers-img_00000018.jpg,29,0 1 0 0 0 0 0 ,0 0 1 0 0 0 ,0 0 1 
Textured_Crepe_Maxi_Dress-img_00000058.jpg,41,0 0 0 0 0 1 0 ,0 1 0 0 0 0 ,0 0 1 
Daisy_Print_Muscle_Tee-img_00000023.jpg,18,0 1 0 0 0 0 0 ,0 0 1 0 0 0 ,0 0 1 
Mom_Fit_Jeans-img_00000019.jpg,26,0 0 0 0 0 1 0 ,1 0 0 0 0 0 ,0 0 1 
Textured_Faux_Leather_Moto_Jacket-img_00000047.jpg,11,0 0 0 0 0 1 0 ,0 0 0 1 0 0 ,0 0 1 
Scuba_Knit_Bomber_Jacket-img_00000012.jpg,11,0 0 0 0 0 1 0 ,0 0 1 0 0 0 ,0 0 1 
Favorite_Parka-img_00000001.jpg,13,0 0 0 0 0 1 0 ,0 0 0 0 1 0 ,0 0 1 
Floral_Print_Strappy_Dress-img_00000006.jpg,41,1 0 0 0 0 0 0 ,0 0 1 0 0 0 ,1 0 0 
Barbie_Muscle_Tee-img_00000040.jpg,18,0 1 0 0 0 0 0 ,0 0 1 0 0 0 ,0 1 0 
Seaside_Strapless_Maxi_Dress-img_00000044.jpg,41,0 0 1 0 0 0 0 ,0 0 1 0 0 0 ,1 0 0 
Draped-Lapel_Trench_Coat-img_00000016.jpg,39,0 0 0 0 0 1 0 ,0 0 1 0 0 0 ,0 0 1 
Shark_Print_Drawstring_Shorts-img_00000037.jpg,32,1 0 0 0 0 0 0 ,0 0 1 0 0 0 ,0 0 1 
Plunging_V-Neckline_Dress-img_00000089.jpg,41,0 0 0 1 0 0 0 ,0 0 1 0 0 0 ,0 0 1 
Abstract_Print_Dolman_Top-img_00000001.jpg,19,1 0 0 0 0 0 0 ,0 0 1 0 0 0 ,0 0 1 
Embroidered_Lace_A-Line_Dress-img_00000019.jpg,41,0 0 0 1 0 0 0 ,0 1 0 0 0 0 ,0 0 1 
Crochet_Flounce_Romper-img_00000006.jpg,48,0 0 0 0 0 1 0 ,0 0 1 0 0 0 ,0 0 1 
Crossback_Cami_Skater_Dress-img_00000015.jpg,41,0 0 0 0 0 1 0 ,0 0 1 0 0 0 ,0 0 1 
Open-Shoulder_Eyelash_Lace_Dress-img_00000026.jpg,41,0 0 0 1 0 0 0 ,0 1 0 0 0 0 ,0 0 1 
Pleated_A-Line_Skirt-img_00000064.jpg,33,0 1 0 0 0 0 0 ,0 0 1 0 0 0 ,0 0 1 
Tulip_Front_Blazer-img_00000004.jpg,2,0 0 0 0 0 1 0 ,0 0 1 0 0 0 ,0 0 1 
Boxy_Woven_Striped_Top-img_00000021.jpg,19,0 0 0 0 1 0 0 ,0 1 0 0 0 0 ,0 1 0 
Striped_Knit_Sweater-img_00000022.jpg,16,0 0 1 0 0 0 0 ,0 0 1 0 0 0 ,0 0 1 
Topstitched_Jodhpurs-img_00000041.jpg,28,0 0 0 0 0 1 0 ,0 0 1 0 0 0 ,0 0 1 
Abstract_Southwestern_Print_Flounce_Dress-img_00000016.jpg,41,1 0 0 0 0 0 0 ,0 1 0 0 0 0 ,0 0 1 
Faux_Leather_Tank-img_00000049.jpg,17,0 0 0 0 0 1 0 ,0 0 1 0 0 0 ,0 0 1 
Crochet_Lace_Cami_Dress-img_00000012.jpg,41,0 0 0 1 0 0 0 ,0 0 1 0 0 0 ,1 0 0 
Perfect_Pleats_Shift_Dress-img_00000045.jpg,41,0 0 0 0 1 0 0 ,0 1 0 0 0 0 ,0 0 1 
Paisley_Print_Maxi_Dress-img_00000069.jpg,41,1 0 0 0 0 0 0 ,0 0 1 0 0 0 ,0 0 1 
Striped_Floral_Blouse-img_00000007.jpg,3,1 0 0 0 0 0 0 ,0 0 1 0 0 0 ,0 0 1 
Metallic_Maxi_Dress-img_00000026.jpg,41,0 0 0 0 0 1 0 ,0 0 1 0 0 0 ,0 0 1 
Pleated_Button-Front_Jumpsuit-img_00000039.jpg,42,0 0 0 0 0 1 0 ,0 0 1 0 0 0 ,0 0 1 
Not_Your_Wifey_Hoodie-img_00000002.jpg,10,0 1 0 0 0 0 0 ,0 0 1 0 0 0 ,0 0 1 
Classic_Woven_Top-img_00000017.jpg,19,0 1 0 0 0 0 0 ,0 0 1 0 0 0 ,0 0 1 
Ladder_Cutout_Cami_Dress-img_00000013.jpg,41,0 0 0 0 0 1 0 ,0 0 1 0 0 0 ,0 0 1 
Pleated_Faux_Leather_Skirt-img_00000012.jpg,33,0 0 0 0 1 0 0 ,0 0 1 0 0 0 ,0 0 1 
LA_Graphic_Tank-img_00000013.jpg,17,0 1 0 0 0 0 0 ,0 0 1 0 0 0 ,0 0 1 
Classic_Long_Sleeve_Top-img_00000015.jpg,19,0 0 0 0 0 1 0 ,0 0 1 0 0 0 ,0 0 1 
Distressed_Boyfriend_Jeans-img_00000075.jpg,26,0 0 0 0 0 1 0 ,1 0 0 0 0 0 ,0 0 1 
Denim_Joggers-img_00000035.jpg,29,0 0 0 0 0 1 0 ,1 0 0 0 0 0 ,0 0 1 
Striped_Lace_Dress-img_00000023.jpg,41,0 0 0 1 0 0 0 ,0 0 0 0 0 1 ,0 0 1 
Striped_Knit_Cropped_Hoodie-img_00000007.jpg,10,0 0 0 0 0 1 0 ,0 0 0 0 0 1 ,1 0 0 
Round_Collar_Chiffon_Blouse-img_00000066.jpg,3,0 0 0 0 0 1 0 ,0 1 0 0 0 0 ,0 0 1 
The_Beatles_Muscle_Tee-img_00000035.jpg,18,0 0 0 0 0 1 0 ,0 0 1 0 0 0 ,0 0 1 
Be_Cool_Crop_Top-img_00000024.jpg,19,0 0 0 0 0 1 0 ,0 1 0 0 0 0 ,1 0 0 
Collarless_Faux_Fur_Jacket-img_00000029.jpg,11,0 0 0 0 0 1 0 ,0 0 0 0 1 0 ,0 0 1 
Mesh-Pocket_Sweatshorts-img_00000030.jpg,35,0 0 0 0 0 1 0 ,0 0 1 0 0 0 ,0 0 1 
Tribal_Print_Tulip-Back_Tank-img_00000014.jpg,17,1 0 0 0 0 0 0 ,0 0 1 0 0 0 ,0 0 1 
Surplice_Back_Printed_Maxi_Dress-img_00000021.jpg,41,1 0 0 0 0 0 0 ,0 1 0 0 0 0 ,0 0 1 
Semi-Sheer_Linen_Tee-img_00000016.jpg,18,0 0 0 0 0 1 0 ,0 0 1 0 0 0 ,0 0 1 
Sleeveless_Bodycon_Dress-img_00000050.jpg,41,0 0 0 0 0 1 0 ,0 0 1 0 0 0 ,1 0 0 
Destroyed_Linen_Tee-img_00000026.jpg,18,0 0 0 0 0 1 0 ,0 0 1 0 0 0 ,0 0 1 
Striped_Crop_Sweater-img_00000070.jpg,16,0 0 0 0 0 1 0 ,0 0 1 0 0 0 ,0 0 1 
Tweed-Paneled_Sheath_Dress-img_00000014.jpg,41,0 0 0 0 0 1 0 ,0 0 1 0 0 0 ,0 0 1 
Cloud_Wash_Denim_Shorts-img_00000045.jpg,32,0 1 0 0 0 0 0 ,0 0 1 0 0 0 ,1 0 0 
Rose_Chiffon_Maxi_Kimono-img_00000049.jpg,44,0 0 0 0 0 1 0 ,0 1 0 0 0 0 ,0 0 1 
Floral_Print_Blazer-img_00000112.jpg,2,1 0 0 0 0 0 0 ,0 0 1 0 0 0 ,0 0 1 
Fold-Over_Yoga_Leggings-img_00000018.jpg,30,0 0 0 0 0 1 0 ,0 0 1 0 0 0 ,1 0 0 
Cross-Back_Bodycon_Dress-img_00000040.jpg,41,0 0 0 0 0 1 0 ,0 0 1 0 0 0 ,1 0 0 
Abstract_Tribal_Print_Tank-img_00000041.jpg,17,1 0 0 0 0 0 0 ,0 1 0 0 0 0 ,0 0 1 
Classic_Bootcut_Jeans-img_00000017.jpg,26,0 0 0 0 0 1 0 ,1 0 0 0 0 0 ,0 0 1 
Textured_Floral_Bodycon_Dress-img_00000015.jpg,41,1 0 0 0 0 0 0 ,0 0 1 0 0 0 ,1 0 0 
Ornate-Crocheted_Boat_Neck_Blouse-img_00000014.jpg,3,0 0 0 0 0 1 0 ,0 0 1 0 0 0 ,0 0 1 
Wide-Leg_Jumpsuit-img_00000045.jpg,42,0 0 0 0 0 1 0 ,0 0 1 0 0 0 ,0 0 1 
Eyelash_Lace-Paneled_Blouse-img_00000015.jpg,3,0 0 0 1 0 0 0 ,0 0 1 0 0 0 ,0 0 1 
Scoop_Back_Sheath_Dress-img_00000043.jpg,41,0 0 0 1 0 0 0 ,0 0 1 0 0 0 ,1 0 0 
Strapless_Paisley_Print_Jumpsuit-img_00000017.jpg,42,0 0 0 0 0 1 0 ,0 0 1 0 0 0 ,0 0 1 
Floral_Print_Shift_Dress-img_00000073.jpg,41,1 0 0 0 0 0 0 ,0 0 1 0 0 0 ,0 1 0 
Marled_Knit_Cropped_Tank-img_00000026.jpg,17,0 0 0 0 0 1 0 ,0 0 1 0 0 0 ,1 0 0 
Drapey_Trench_Jacket-img_00000042.jpg,11,0 0 0 0 0 1 0 ,0 0 1 0 0 0 ,0 0 1 
Grid_Print_Jumpsuit-img_00000040.jpg,42,0 0 0 0 0 0 1 ,0 0 1 0 0 0 ,0 0 1 
Favorite_Parka-img_00000064.jpg,13,0 0 0 0 0 1 0 ,0 0 1 0 0 0 ,0 0 1 
Butterfly_Print_Scuba_Knit_Skirt-img_00000017.jpg,33,0 0 0 0 0 1 0 ,0 0 1 0 0 0 ,0 0 1 
Boxy_Crepe_Top-img_00000051.jpg,19,1 0 0 0 0 0 0 ,0 1 0 0 0 0 ,0 0 1 
L.A.T.H.C._Legend_Jersey-img_00000007.jpg,12,0 0 0 0 0 1 0 ,0 0 1 0 0 0 ,0 0 1 
Striped_Crop_Sweater-img_00000017.jpg,16,0 0 1 0 0 0 0 ,0 0 0 0 0 1 ,0 0 1 
Tile_Print_Blouse-img_00000091.jpg,3,0 1 0 0 0 0 0 ,0 0 1 0 0 0 ,0 0 1 
Faded_Pocket_Tee-img_00000062.jpg,18,0 0 1 0 0 0 0 ,0 0 1 0 0 0 ,0 0 1 
Doodle_Print-Paneled_Sweatpants-img_00000011.jpg,34,0 0 0 0 0 1 0 ,0 0 1 0 0 0 ,0 0 1 
Zipped_Lace_Dress-img_00000067.jpg,41,0 0 0 1 0 0 0 ,0 1 0 0 0 0 ,1 0 0 
Side-Slit_Midi_Dress-img_00000061.jpg,41,0 0 0 0 0 1 0 ,0 0 1 0 0 0 ,1 0 0 
Striped_Bow-Front_Romper-img_00000008.jpg,48,0 0 1 0 0 0 0 ,0 0 1 0 0 0 ,0 0 1 
Bejeweled_Waist_Maxi_Dress-img_00000052.jpg,41,0 0 0 0 0 1 0 ,0 1 0 0 0 0 ,0 0 1 
Classic_V-Neck_Tee-img_00000040.jpg,18,0 0 0 0 0 1 0 ,0 0 1 0 0 0 ,0 0 1 
Lacy_Rose_PJ_Shorts-img_00000037.jpg,32,0 0 0 0 0 1 0 ,0 0 1 0 0 0 ,0 0 1 
Ribbed_Knit_Cropped_Sweater-img_00000046.jpg,16,0 0 0 0 0 1 0 ,0 0 0 0 0 1 ,0 0 1 
V-Neck_Velveteen_Bodycon_Dress-img_00000019.jpg,41,0 0 0 0 0 1 0 ,0 0 1 0 0 0 ,1 0 0 
Diamond_Cutout_Sheath_Dress-img_00000014.jpg,41,0 0 0 0 0 1 0 ,0 0 1 0 0 0 ,0 0 1 
For_You_Graphic_Tee-img_00000014.jpg,18,0 1 0 0 0 0 0 ,0 0 1 0 0 0 ,0 0 1 
Hooded_Windbreaker_Utility_Jacket-img_00000015.jpg,11,0 0 0 0 0 1 0 ,0 0 1 0 0 0 ,0 0 1 
Easy_Going_Muscle_Tee-img_00000049.jpg,18,0 0 0 0 0 1 0 ,0 0 1 0 0 0 ,0 0 1 
The_Beatles_Muscle_Tee-img_00000010.jpg,18,0 1 0 0 0 0 0 ,0 0 1 0 0 0 ,0 0 1 
Cotton_Drawstring_Shorts-img_00000014.jpg,32,0 0 0 0 0 0 1 ,0 0 1 0 0 0 ,0 0 1 
Marled_Lover_Graphic_Tee-img_00000016.jpg,18,0 0 0 0 0 1 0 ,0 0 1 0 0 0 ,0 0 1 
Floral_Crochet_Racerback_Romper-img_00000006.jpg,48,0 0 0 0 0 1 0 ,0 0 1 0 0 0 ,0 0 1 
TMNT_Graphic_Tee-img_00000019.jpg,18,0 1 0 0 0 0 0 ,0 0 1 0 0 0 ,0 0 1 
Low-Rise_Ankle_Jeans-img_00000012.jpg,26,0 0 0 0 0 1 0 ,1 0 0 0 0 0 ,1 0 0 
Crossover-Waist_Athletic_Shorts-img_00000020.jpg,32,0 1 0 0 0 0 0 ,0 0 1 0 0 0 ,1 0 0 
Eagles_Graphic_Muscle_Tee-img_00000051.jpg,18,0 1 0 0 0 0 0 ,0 0 1 0 0 0 ,0 0 1 
Longline_Crepe_Blouse-img_00000044.jpg,3,0 0 0 0 0 1 0 ,0 0 1 0 0 0 ,0 0 1 
Abstract_Bodycon_Dress-img_00000008.jpg,41,1 0 0 0 0 0 0 ,0 0 1 0 0 0 ,1 0 0 
Classic_Peplum_Dress-img_00000001.jpg,41,0 0 0 0 0 1 0 ,0 0 1 0 0 0 ,1 0 0 
Floral_Crochet_Tank-img_00000037.jpg,17,0 0 0 1 0 0 0 ,0 0 0 0 0 1 ,0 0 1 
Bleached_Denim_Joggers-img_00000007.jpg,29,1 0 0 0 0 0 0 ,1 0 0 0 0 0 ,0 0 1 
Marled_Zip-Up_Hoodie-img_00000009.jpg,10,1 0 0 0 0 0 0 ,0 0 1 0 0 0 ,0 0 1 
Crochet-Trimmed_Woven_Blouse-img_00000043.jpg,3,0 0 0 0 0 1 0 ,0 0 1 0 0 0 ,0 0 1 
Boxy_Chiffon_Pocket_Blouse-img_00000035.jpg,3,0 0 0 0 0 1 0 ,0 1 0 0 0 0 ,0 1 0 
Linen_Capri_Joggers-img_00000008.jpg,29,0 0 0 0 0 1 0 ,0 0 1 0 0 0 ,0 0 1 
Textured_Shawl_Collar_Cardigan-img_00000032.jpg,6,0 0 0 0 0 1 0 ,0 0 0 0 0 1 ,0 0 1 
Skinny_Ankle_Jeans-img_00000084.jpg,26,0 0 0 0 0 1 0 ,1 0 0 0 0 0 ,1 0 0 
Ditsy_Floral_Print_Dress-img_00000041.jpg,41,1 0 0 0 0 0 0 ,0 0 1 0 0 0 ,0 0 1 
Faux_Fur_Hood_Parka-img_00000043.jpg,13,0 0 0 0 0 1 0 ,0 0 0 0 1 0 ,0 0 1 
Topstitched_Jodhpurs-img_00000017.jpg,28,1 0 0 0 0 0 0 ,0 0 1 0 0 0 ,0 0 1 
Drawstring_Chino_Shorts-img_00000021.jpg,32,0 0 0 0 0 1 0 ,0 0 1 0 0 0 ,0 0 1 
V-Neck_Burnout_Tee-img_00000035.jpg,18,0 0 0 0 0 1 0 ,0 0 1 0 0 0 ,0 0 1 
Textured_Bow-Front_Blouse-img_00000031.jpg,3,1 0 0 0 0 0 0 ,0 0 1 0 0 0 ,0 0 1 
Rose_Print_Kimono-img_00000012.jpg,44,1 0 0 0 0 0 0 ,0 0 1 0 0 0 ,0 0 1 
Quilted_Bomber_Jacket-img_00000053.jpg,11,0 0 0 0 0 1 0 ,0 0 0 1 0 0 ,0 0 1 
Smocked_Ruffle-Trim_Shorts-img_00000023.jpg,32,1 0 0 0 0 0 0 ,0 0 1 0 0 0 ,0 0 1 
Ribbed_Knit_Hoodie-img_00000007.jpg,10,1 0 0 0 0 0 0 ,0 0 1 0 0 0 ,0 0 1 
V-Cut_Back_Romper-img_00000038.jpg,48,0 0 0 0 0 1 0 ,0 0 0 1 0 0 ,0 0 1 
Marled_Knit_Dolman_Cardigan-img_00000002.jpg,6,0 0 1 0 0 0 0 ,0 0 1 0 0 0 ,0 0 1 
Tonal_Feather-Patterned_Cami_Jumpsuit-img_00000018.jpg,42,0 0 0 0 0 1 0 ,0 0 1 0 0 0 ,0 0 1 
Tribal_Print_Jumpsuit-img_00000030.jpg,42,0 1 0 0 0 0 0 ,0 0 1 0 0 0 ,0 0 1 
Striped_Denim_Shorts-img_00000057.jpg,32,0 0 0 0 0 1 0 ,0 0 1 0 0 0 ,0 0 1 
Watercolor_Floral_Print_Blazer-img_00000008.jpg,2,1 0 0 0 0 0 0 ,0 0 1 0 0 0 ,0 0 1 
Embroidered_Crepe_Shorts-img_00000012.jpg,32,0 0 0 0 0 1 0 ,0 0 1 0 0 0 ,0 0 1 
Striped_Ringer_Pocket_Tee-img_00000034.jpg,18,0 0 1 0 0 0 0 ,0 0 1 0 0 0 ,0 0 1 
Seamless_Athletic_Tank-img_00000007.jpg,17,0 0 0 0 0 1 0 ,0 0 1 0 0 0 ,1 0 0 
Belted_Floral_Print_Romper-img_00000006.jpg,48,1 0 0 0 0 0 0 ,0 1 0 0 0 0 ,0 0 1 
Pleated_Textured_Skirt-img_00000018.jpg,33,0 0 0 0 0 1 0 ,0 0 1 0 0 0 ,0 0 1 
Paisley_V-Placket_Shift_Dress-img_00000007.jpg,41,0 1 0 0 0 0 0 ,0 0 1 0 0 0 ,0 0 1 
Classic_Two-Button_Blazer-img_00000003.jpg,2,0 0 0 0 0 1 0 ,0 0 1 0 0 0 ,0 0 1 
Zippered_Faux_Leather_Joggers-img_00000001.jpg,29,0 0 0 0 0 1 0 ,0 0 0 1 0 0 ,0 1 0 
Dotted_Crochet-Trimmed_Collared_Blouse-img_00000011.jpg,3,0 0 0 0 0 1 0 ,0 1 0 0 0 0 ,0 0 1 
Woven_Shift_Dress-img_00000079.jpg,41,0 0 0 0 0 1 0 ,0 0 1 0 0 0 ,0 0 1 
Drawstring_Chambray_Utility_Jumpsuit-img_00000028.jpg,42,0 0 0 0 0 1 0 ,1 0 0 0 0 0 ,0 0 1 
Paint_Splatter_Tank-img_00000026.jpg,17,0 1 0 0 0 0 0 ,0 0 1 0 0 0 ,1 0 0 
Chevron_Knit_Crewneck_Sweater-img_00000028.jpg,16,0 1 0 0 0 0 0 ,0 0 0 0 0 1 ,0 0 1 
Basic_Tank-img_00000044.jpg,17,0 0 0 0 0 1 0 ,0 0 1 0 0 0 ,0 0 1 
Zigzag_Pocket_Tee-img_00000015.jpg,18,0 0 0 0 0 1 0 ,0 0 1 0 0 0 ,0 0 1 
Longline_Satin_Jacket-img_00000042.jpg,11,0 0 0 0 0 1 0 ,0 0 1 0 0 0 ,0 0 1 
Oy_Vey_Graphic_Tee-img_00000011.jpg,18,0 1 0 0 0 0 0 ,0 0 1 0 0 0 ,0 0 1 
Fold-Over_Yoga_Leggings-img_00000033.jpg,30,0 0 0 0 0 1 0 ,0 0 1 0 0 0 ,0 0 1 
Floral_Lace_Skater_Skirt-img_00000034.jpg,33,0 0 0 0 1 0 0 ,0 0 0 0 0 1 ,0 0 1 
Hooded_Twill_Field_Jacket-img_00000017.jpg,11,0 0 0 0 0 1 0 ,0 0 1 0 0 0 ,0 0 1 
Strapless_Sweetheart_Dress-img_00000045.jpg,41,0 0 0 1 0 0 0 ,0 0 1 0 0 0 ,0 0 1 
Draped-Lapel_Trench_Coat-img_00000051.jpg,39,0 0 0 0 0 1 0 ,0 0 1 0 0 0 ,0 0 1 
Paneled_Maxi_Dress-img_00000011.jpg,41,0 0 0 0 0 1 0 ,0 0 1 0 0 0 ,0 0 1 
L.A._Graphic_Tee-img_00000030.jpg,18,0 1 0 0 0 0 0 ,0 0 1 0 0 0 ,0 0 1 
Grumpy_Cat_Graphic_Tee-img_00000038.jpg,18,0 1 0 0 0 0 0 ,0 0 1 0 0 0 ,0 0 1 
Mineral_Wash_Dress-img_00000010.jpg,41,1 0 0 0 0 0 0 ,0 1 0 0 0 0 ,0 0 1 
Embellished_Cutout-Back_Dress-img_00000041.jpg,41,0 0 0 0 0 1 0 ,0 1 0 0 0 0 ,0 0 1 
Ladder_V-Neck_Shift_Dress-img_00000046.jpg,41,1 0 0 0 0 0 0 ,0 0 1 0 0 0 ,1 0 0 
Topstitched_Jodhpurs-img_00000020.jpg,28,0 0 0 0 0 1 0 ,0 0 1 0 0 0 ,1 0 0 
Scuba_Knit_Photo_Floral_Dress-img_00000011.jpg,41,1 0 0 0 0 0 0 ,0 0 1 0 0 0 ,0 0 1 
Color_Striped_Performance_Leggings-img_00000001.jpg,30,0 0 0 0 0 1 0 ,0 0 1 0 0 0 ,1 0 0 
Geo_Print_Cami_Dress-img_00000035.jpg,41,0 1 0 0 0 0 0 ,0 0 1 0 0 0 ,0 0 1 
Buttoned_Denim_Skirt-img_00000048.jpg,33,0 0 0 0 0 1 0 ,1 0 0 0 0 0 ,0 0 1 
Shore_Thing_Maxi_Dress-img_00000010.jpg,41,1 0 0 0 0 0 0 ,0 1 0 0 0 0 ,0 0 1 
Floral_Print_Slit_Maxi_Dress-img_00000049.jpg,41,1 0 0 0 0 0 0 ,0 0 1 0 0 0 ,0 0 1 
Textured_Polka_Dot_Shorts-img_00000033.jpg,32,0 0 0 0 0 1 0 ,1 0 0 0 0 0 ,0 0 1 
Tulip_Front_Blazer-img_00000063.jpg,2,0 0 0 0 0 1 0 ,0 0 1 0 0 0 ,0 0 1 
Lace_V-Back_Dress-img_00000063.jpg,41,0 0 0 1 0 0 0 ,0 1 0 0 0 0 ,1 0 0 
Reflective-Piped_Heathered_Run_Leggings-img_00000018.jpg,30,0 0 0 0 0 1 0 ,0 0 1 0 0 0 ,1 0 0 
Floral_Print_Strapless_Dress-img_00000042.jpg,41,1 0 0 0 0 0 0 ,0 0 1 0 0 0 ,0 0 1 
Abstract_Mosaic_Racerback_Dress-img_00000027.jpg,41,0 1 0 0 0 0 0 ,0 0 1 0 0 0 ,0 0 1 
Southwestern-Printed_Jumpsuit-img_00000017.jpg,42,0 1 0 0 0 0 0 ,0 0 1 0 0 0 ,0 0 1 
Longline_Batwing_Cardigan-img_00000036.jpg,6,0 0 0 0 0 1 0 ,0 0 1 0 0 0 ,0 0 1 
Floral_Lace-Paneled_Romper-img_00000027.jpg,48,0 0 0 0 0 1 0 ,0 0 1 0 0 0 ,0 0 1 
Pleated_Woven_Blouse-img_00000025.jpg,3,0 0 0 0 0 1 0 ,0 1 0 0 0 0 ,0 0 1 
Gauzy_Floral_Print_Romper-img_00000011.jpg,48,1 0 0 0 0 0 0 ,0 0 1 0 0 0 ,0 0 1 
Dropped-Collar_Blazer-img_00000015.jpg,2,0 0 0 0 0 1 0 ,0 0 1 0 0 0 ,0 0 1 
Dusty_Rose_Blouse-img_00000043.jpg,3,0 0 0 0 0 1 0 ,0 1 0 0 0 0 ,0 0 1 
Eyelash_Lace_A-Line_Dress-img_00000035.jpg,41,0 0 0 1 0 0 0 ,0 0 0 0 0 1 ,0 0 1 
Hidden_Zippered_Placket_Blouse-img_00000004.jpg,3,0 0 0 0 0 1 0 ,0 0 1 0 0 0 ,0 0 1 
Floral_Lace_Twirly_Skirt-img_00000033.jpg,33,1 0 0 0 0 0 0 ,0 0 1 0 0 0 ,0 0 1 
Woven_Leggings-img_00000044.jpg,30,0 0 0 0 0 1 0 ,0 0 1 0 0 0 ,0 0 1 
Geo_Print_Cami_Dress-img_00000010.jpg,41,0 1 0 0 0 0 0 ,0 0 1 0 0 0 ,1 0 0 
Crochet_Lace_Midi_Skirt-img_00000028.jpg,33,0 0 0 1 0 0 0 ,0 0 0 0 0 1 ,0 0 1 
Mineral_Wash_Boyfriend_Jeans-img_00000014.jpg,26,0 0 0 0 0 1 0 ,1 0 0 0 0 0 ,0 0 1 
Y-Back_Halter_Dress-img_00000073.jpg,41,0 0 0 0 0 1 0 ,0 1 0 0 0 0 ,0 0 1 
Woven_Shift_Dress-img_00000065.jpg,41,0 0 0 0 0 1 0 ,0 0 1 0 0 0 ,0 0 1 
Lace_Back_Shift_Dress-img_00000050.jpg,41,0 0 0 1 0 0 0 ,0 0 1 0 0 0 ,1 0 0 
Draped_Cutout-Back_Tee-img_00000033.jpg,18,0 0 0 0 0 1 0 ,0 0 1 0 0 0 ,0 0 1 
Strappy_Daisy_Print_Romper-img_00000002.jpg,48,0 1 0 0 0 0 0 ,0 0 1 0 0 0 ,1 0 0 
Striped_Geo_Pocket_Tank-img_00000034.jpg,17,0 0 0 0 0 1 0 ,0 0 1 0 0 0 ,0 0 1 
Mandala_Print_Skirt-img_00000045.jpg,33,0 1 0 0 0 0 0 ,0 0 1 0 0 0 ,1 0 0 
Pleated_Chiffon_Blouse-img_00000011.jpg,3,0 0 0 0 0 1 0 ,0 1 0 0 0 0 ,0 0 1 
Favorite_Capri_Leggings-img_00000043.jpg,30,0 0 0 0 0 1 0 ,0 0 1 0 0 0 ,1 0 0 
Zippered_Shawl_Collar_Blazer-img_00000071.jpg,2,0 0 0 1 0 0 0 ,0 0 1 0 0 0 ,1 0 0 
Glitter_Bodycon_Dress-img_00000085.jpg,41,0 1 0 0 0 0 0 ,0 0 1 0 0 0 ,1 0 0 
Pleated_Woven_Dress-img_00000011.jpg,41,0 0 0 0 0 1 0 ,0 0 1 0 0 0 ,0 0 1 
Dip-Dyed_Sweater_Tank-img_00000041.jpg,17,0 0 0 1 0 0 0 ,0 0 0 0 0 1 ,0 0 1 
Distressed_Ghostbusters_Muscle_Tank-img_00000021.jpg,17,0 1 0 0 0 0 0 ,0 0 1 0 0 0 ,0 0 1 
Bombshell_Surplice_Jumpsuit-img_00000001.jpg,42,0 0 0 0 0 1 0 ,0 0 1 0 0 0 ,1 0 0 
Marled_Knit_Combo_Jacket-img_00000018.jpg,11,0 0 0 0 0 1 0 ,0 0 1 0 0 0 ,0 0 1 
Striped_Joggers-img_00000044.jpg,29,0 0 1 0 0 0 0 ,0 0 1 0 0 0 ,0 0 1 
Textured_Collarless_Jacket-img_00000029.jpg,11,0 0 0 0 0 1 0 ,0 0 0 0 1 0 ,0 0 1 
Buttoned_Cami_Crop_Top-img_00000017.jpg,19,0 0 0 0 0 1 0 ,0 0 1 0 0 0 ,0 0 1 
Crossback_Surplice_Jumpsuit-img_00000029.jpg,42,0 0 0 0 0 1 0 ,0 0 1 0 0 0 ,0 0 1 
Essential_Knit_Tank-img_00000015.jpg,17,0 0 0 0 0 1 0 ,0 0 1 0 0 0 ,0 0 1 
Be_Cool_Crop_Top-img_00000042.jpg,19,0 0 0 0 0 1 0 ,0 1 0 0 0 0 ,1 0 0 
Animal_Print_Satin_Blouse-img_00000031.jpg,3,1 0 0 0 0 0 0 ,0 1 0 0 0 0 ,0 0 1 
Chevron-Patterned_Zippered_Cardigan-img_00000051.jpg,6,0 0 0 0 0 1 0 ,0 0 0 0 0 1 ,0 0 1 
Longline_Plaid_Shirt_Dress-img_00000025.jpg,41,0 0 0 0 0 0 1 ,0 0 1 0 0 0 ,0 0 1 
Sweetheart_High-Low_Dress-img_00000003.jpg,41,0 0 0 1 0 0 0 ,0 1 0 0 0 0 ,0 0 1 
Low-Rise_Skinny_Jeans-img_00000034.jpg,26,0 0 0 0 0 1 0 ,1 0 0 0 0 0 ,1 0 0 
Palm_Print_Bodycon_Dress-img_00000010.jpg,41,1 0 0 0 0 0 0 ,0 0 1 0 0 0 ,0 0 1 
Classic_Drawstring_Hoodie-img_00000053.jpg,10,0 1 0 0 0 0 0 ,0 0 1 0 0 0 ,0 0 1 
Rolled_V-Neck_Sweater-img_00000024.jpg,16,0 0 0 0 0 1 0 ,0 0 0 0 0 1 ,0 0 1 
Buttoned_Shirt_Dress-img_00000009.jpg,41,0 0 0 0 0 1 0 ,0 0 1 0 0 0 ,0 0 1 
Zippered_High-Neck_Sweater-img_00000010.jpg,16,0 0 0 0 0 1 0 ,0 0 0 0 0 1 ,0 0 1 
Striped_Box-Pleated_Skirt-img_00000014.jpg,33,0 0 1 0 0 0 0 ,0 0 1 0 0 0 ,0 0 1 
Lace_Insert_Bodycon_Dress-img_00000021.jpg,41,0 0 0 0 0 1 0 ,0 0 1 0 0 0 ,1 0 0 
Flower_Power_Travel_Poncho-img_00000038.jpg,15,0 0 0 0 0 1 0 ,0 0 1 0 0 0 ,0 1 0 
Hooded_Puffer_Jacket-img_00000004.jpg,11,0 0 0 0 0 1 0 ,0 0 1 0 0 0 ,0 0 1 
Cap-Sleeved_Shift_Dress-img_00000034.jpg,41,0 0 0 0 0 1 0 ,0 1 0 0 0 0 ,0 0 1 
Open-Front_Linen_Blazer-img_00000110.jpg,2,0 0 0 0 0 1 0 ,0 0 1 0 0 0 ,0 0 1 
Open-Mesh_Midi_Dress-img_00000050.jpg,41,0 0 0 0 0 1 0 ,0 0 1 0 0 0 ,0 0 1 
Faux_Fur_Trimmed_Moto_Jacket-img_00000059.jpg,11,0 0 0 0 0 1 0 ,0 0 1 0 0 0 ,0 0 1 
Abstract_Print_Cami_Dress-img_00000011.jpg,41,1 0 0 0 0 0 0 ,0 0 1 0 0 0 ,0 0 1 
Pleated_Mosaic_Print_Skirt-img_00000008.jpg,33,1 0 0 0 0 0 0 ,0 0 1 0 0 0 ,0 0 1 
Lace_Raglan_Romper-img_00000021.jpg,48,0 0 0 0 0 1 0 ,0 0 1 0 0 0 ,0 0 1 
L.A.T.H.C._Graphic_Drawstring_Shorts-img_00000015.jpg,32,0 0 0 0 0 1 0 ,1 0 0 0 0 0 ,0 0 1 
Colorblocked_Laser_Cut_Dress-img_00000061.jpg,41,0 0 0 0 0 1 0 ,0 0 1 0 0 0 ,0 0 1 
Heathered_Seamless_Workout_Tank-img_00000001.jpg,17,0 0 0 0 0 1 0 ,0 0 1 0 0 0 ,1 0 0 
Reason_Heathered_NY_Baseball_Jersey-img_00000009.jpg,12,0 1 0 0 0 0 0 ,0 0 1 0 0 0 ,0 0 1 
Abstract_Print_Pleated_Skirt-img_00000029.jpg,33,1 0 0 0 0 0 0 ,0 1 0 0 0 0 ,0 0 1 
Zip_Collar_Bomber-img_00000017.jpg,4,0 1 0 0 0 0 0 ,0 0 0 1 0 0 ,0 0 1 
Floral_Chiffon_High-Neck_Dress-img_00000072.jpg,41,1 0 0 0 0 0 0 ,0 1 0 0 0 0 ,0 0 1 
Tribal_Print_Jumpsuit-img_00000052.jpg,42,0 1 0 0 0 0 0 ,0 0 1 0 0 0 ,0 0 1 
Open-Front_Shawl_Lapel_Blazer-img_00000065.jpg,2,0 0 0 0 0 1 0 ,0 0 1 0 0 0 ,0 0 1 
Mandala_Print_Skirt-img_00000042.jpg,33,0 0 0 0 0 1 0 ,0 0 1 0 0 0 ,1 0 0 
Striped_Stretch-Knit_Dress-img_00000001.jpg,41,0 0 1 0 0 0 0 ,0 0 1 0 0 0 ,0 0 1 
Tasseled_Abstract_Floral_Cardigan-img_00000016.jpg,6,0 1 0 0 0 0 0 ,0 1 0 0 0 0 ,0 1 0 
Floral_Print_Crochet_Hem_Shorts-img_00000009.jpg,32,1 0 0 0 0 0 0 ,0 0 1 0 0 0 ,0 0 1 
Collarless_Faux_Leather-Sleeve_Blazer-img_00000030.jpg,2,0 0 0 0 0 1 0 ,0 0 0 1 0 0 ,0 0 1 
Denim_Culotte_Jumpsuit-img_00000029.jpg,42,0 0 0 0 0 1 0 ,1 0 0 0 0 0 ,0 0 1 
Floral_Print_Culottes-img_00000015.jpg,23,1 0 0 0 0 0 0 ,0 0 1 0 0 0 ,0 1 0 
Boxy_Soft-Knit_Sweater-img_00000019.jpg,16,0 0 0 0 0 1 0 ,0 0 0 0 0 1 ,0 0 1 
Abstract_V-Cut_Maxi_Dress-img_00000013.jpg,41,1 0 0 0 0 0 0 ,0 1 0 0 0 0 ,0 0 1 
Lace-Paneled_Lattice-Back_Blouse-img_00000014.jpg,3,0 0 0 0 0 1 0 ,0 0 1 0 0 0 ,0 0 1 
Grid_Tie-Dye_Print_Romper-img_00000010.jpg,48,1 0 0 0 0 0 0 ,0 0 1 0 0 0 ,0 0 1 
Woven_Open-Front_Blazer-img_00000046.jpg,2,0 0 0 0 0 1 0 ,0 0 1 0 0 0 ,0 0 1 
Mandarin_Collar_Blouse-img_00000108.jpg,3,0 0 0 0 0 1 0 ,0 0 1 0 0 0 ,0 0 1 
Sequined_Striped_Bodycon_Dress-img_00000051.jpg,41,0 0 1 0 0 0 0 ,0 0 1 0 0 0 ,1 0 0 
Lace_Pencil_Skirt-img_00000020.jpg,33,0 0 0 1 0 0 0 ,0 0 1 0 0 0 ,1 0 0 
Pleated_Drawstring_Chinos-img_00000021.jpg,22,0 0 0 0 0 1 0 ,0 0 1 0 0 0 ,0 0 1 
Classic_Pullover_Hoodie-img_00000006.jpg,10,0 1 0 0 0 0 0 ,0 0 1 0 0 0 ,0 0 1 
T-Back_High-Slit_Dress-img_00000045.jpg,41,0 0 0 1 0 0 0 ,0 1 0 0 0 0 ,0 0 1 
Chic_Sweater_Crop_Top-img_00000036.jpg,19,1 0 0 0 0 0 0 ,0 0 0 0 0 1 ,0 0 1 
Classic_Cotton_Jersey_Tee-img_00000020.jpg,18,0 0 0 0 0 1 0 ,0 0 1 0 0 0 ,0 0 1 
Crochet_Crepe_Woven_Shorts-img_00000001.jpg,32,0 0 0 0 0 1 0 ,0 0 1 0 0 0 ,0 0 1 
Asymmetric_Zipper_Cardigan-img_00000038.jpg,6,0 0 0 0 0 1 0 ,0 0 1 0 0 0 ,0 0 1 
Floral_Flutter_Sleeve_Dress-img_00000024.jpg,41,1 0 0 0 0 0 0 ,0 1 0 0 0 0 ,0 0 1 
Floral_Button-Front_Dress-img_00000052.jpg,41,1 0 0 0 0 0 0 ,0 0 1 0 0 0 ,0 0 1 
Longline_Slit_Blazer-img_00000001.jpg,2,0 0 0 0 0 1 0 ,0 0 1 0 0 0 ,0 0 1 
Abstract_Geo_Cardigan-img_00000017.jpg,6,1 0 0 0 0 0 0 ,0 0 0 0 0 1 ,0 0 1 
Two-Button_Blazer-img_00000128.jpg,2,0 0 0 0 0 1 0 ,0 0 1 0 0 0 ,0 0 1 
Cutout-Back_Midi_Dress-img_00000042.jpg,41,0 0 0 0 0 1 0 ,0 0 1 0 0 0 ,1 0 0 
Classic_Collared_Button-Down-img_00000068.jpg,5,0 0 0 0 0 1 0 ,1 0 0 0 0 0 ,0 0 1 
Diamond_Print_Cami_Jumpsuit-img_00000025.jpg,42,0 0 0 0 0 1 0 ,0 0 1 0 0 0 ,0 0 1 
Smocked_Floral_Print_Shorts-img_00000021.jpg,32,0 0 0 1 0 0 0 ,0 0 1 0 0 0 ,0 0 1 
Textured_Cutout_Jumpsuit-img_00000045.jpg,42,0 0 0 0 0 1 0 ,0 0 1 0 0 0 ,1 0 0 
Low-Rise_Skinny_Jeans-img_00000054.jpg,26,0 0 0 0 0 1 0 ,1 0 0 0 0 0 ,1 0 0 
Ruffled_Trim_Sweater-img_00000018.jpg,16,0 0 0 0 0 1 0 ,0 0 0 0 0 1 ,0 0 1 
Linen_Racerback_Tank-img_00000056.jpg,17,0 0 0 0 0 1 0 ,0 0 0 0 0 1 ,0 0 1 
Pleated_A-Line_Mini_Skirt-img_00000033.jpg,33,0 0 0 0 0 1 0 ,0 0 1 0 0 0 ,0 0 1 
Belted_Crop_Top-img_00000041.jpg,19,0 0 0 0 0 1 0 ,0 1 0 0 0 0 ,0 0 1 
Striped_Pleated_Skirt-img_00000053.jpg,33,0 0 1 0 0 0 0 ,0 0 1 0 0 0 ,0 0 1 
Layered_Split-Front_Blouse-img_00000002.jpg,3,0 0 0 0 0 1 0 ,0 0 1 0 0 0 ,0 0 1 
Zip_Pocket_Blazer-img_00000108.jpg,2,0 0 0 0 0 1 0 ,0 0 1 0 0 0 ,1 0 0 
Hooded_Woven_Jacket-img_00000031.jpg,11,0 0 0 0 0 1 0 ,0 0 1 0 0 0 ,0 0 1 
Beaded_Collar_Shift_Dress-img_00000028.jpg,41,0 0 0 0 0 1 0 ,0 0 1 0 0 0 ,0 0 1 
Striped_Belted_Dress-img_00000049.jpg,41,0 0 1 0 0 0 0 ,0 0 1 0 0 0 ,1 0 0 
Mesh_Zippered_Mini_Skirt-img_00000018.jpg,33,0 0 0 0 0 1 0 ,0 0 1 0 0 0 ,0 0 1 
Slouchy_Fuzzy_Knit_Cardigan-img_00000051.jpg,6,1 0 0 0 0 0 0 ,0 0 0 0 0 1 ,0 0 1 
Metallic_Striped_Knit_Tee-img_00000013.jpg,18,0 0 1 0 0 0 0 ,0 0 1 0 0 0 ,0 0 1 
Gingham-Lined_Pocket_Tee-img_00000030.jpg,18,0 0 0 0 0 1 0 ,0 0 1 0 0 0 ,0 0 1 
Marled_Side-Slit_Maxi_Dress-img_00000010.jpg,41,1 0 0 0 0 0 0 ,0 0 1 0 0 0 ,0 0 1 
Faux_Leather_Biker_Jacket-img_00000056.jpg,11,0 0 0 0 0 0 1 ,0 0 1 0 0 0 ,0 0 1 
Floral_Print_Strappy_Dress-img_00000068.jpg,41,1 0 0 0 0 0 0 ,0 1 0 0 0 0 ,0 0 1 
Southwestern-Patterned_Cardigan-img_00000040.jpg,6,0 1 0 0 0 0 0 ,0 0 1 0 0 0 ,0 0 1 
Vented_Back_Tank-img_00000022.jpg,17,0 0 0 0 0 1 0 ,0 0 1 0 0 0 ,0 0 1 
Pizza_Party_Tee-img_00000004.jpg,18,0 1 0 0 0 0 0 ,0 0 1 0 0 0 ,0 0 1 
Textured_Stripe_Cowl_Neck_Sweater-img_00000011.jpg,16,0 1 0 0 0 0 0 ,0 0 1 0 0 0 ,0 0 1 
Striped_Racerback_Maxi_Dress-img_00000041.jpg,41,0 0 1 0 0 0 0 ,0 0 1 0 0 0 ,0 0 1 
Faded_Tank-img_00000071.jpg,17,0 1 0 0 0 0 0 ,0 0 1 0 0 0 ,0 0 1 
LA_Sneaker_Muscle_Tee-img_00000010.jpg,18,0 1 0 0 0 0 0 ,0 0 1 0 0 0 ,0 0 1 
Striped_Swim_Trunks-img_00000037.jpg,36,0 0 1 0 0 0 0 ,0 0 1 0 0 0 ,0 0 1 
Mid-Rise_-_Distressed_Skinny_Jeans-img_00000059.jpg,26,0 0 0 0 0 1 0 ,1 0 0 0 0 0 ,1 0 0 
Ripped_Skinny_Jeans-img_00000037.jpg,26,0 0 0 0 0 1 0 ,1 0 0 0 0 0 ,1 0 0 
Striped_Belted_Dress-img_00000065.jpg,41,0 0 1 0 0 0 0 ,0 0 1 0 0 0 ,0 0 1 
Striped_V-Neck_Sweater-img_00000046.jpg,16,0 0 1 0 0 0 0 ,0 0 0 0 0 1 ,0 0 1 
Worldly_Girl_Cutout_Dress-img_00000022.jpg,41,1 0 0 0 0 0 0 ,0 0 1 0 0 0 ,0 0 1 
Rugby_Striped_Sweater-img_00000006.jpg,16,0 0 1 0 0 0 0 ,0 0 0 0 0 1 ,0 0 1 
Longline_Button-Front_Skirt-img_00000017.jpg,33,1 0 0 0 0 0 0 ,0 0 1 0 0 0 ,0 0 1 
Tweed_Cutaway_Jacket-img_00000037.jpg,11,0 0 0 0 0 1 0 ,0 0 1 0 0 0 ,0 0 1 
Striped_Floral_Blouse-img_00000118.jpg,3,0 0 1 0 0 0 0 ,0 0 1 0 0 0 ,0 0 1 
Self-Tie_Wrap_Culottes-img_00000023.jpg,23,0 0 0 0 0 1 0 ,0 0 1 0 0 0 ,0 1 0 
Chiffon-Paneled_Longline_High-Slit_Top-img_00000001.jpg,19,0 0 0 0 0 1 0 ,0 0 1 0 0 0 ,0 0 1 
Layered_Cutout_Midi_Dress-img_00000028.jpg,41,0 0 0 0 0 1 0 ,0 0 1 0 0 0 ,1 0 0 
Striped_Midi_Dress-img_00000044.jpg,41,0 0 1 0 0 0 0 ,0 0 1 0 0 0 ,1 0 0 
Boxy_Slub_Knit_Muscle_Tee-img_00000009.jpg,18,0 0 0 0 0 1 0 ,0 0 1 0 0 0 ,0 0 1 
Textured_Open_Front_Blazer-img_00000046.jpg,2,0 0 0 0 0 0 1 ,0 0 1 0 0 0 ,0 1 0 
Ruched_Open-Front_Cardigan-img_00000048.jpg,6,0 0 0 0 0 1 0 ,0 0 1 0 0 0 ,0 0 1 
Crochet_Lace-Paneled_Blouse-img_00000049.jpg,3,0 0 0 0 0 1 0 ,0 0 1 0 0 0 ,0 0 1 
Floral_Lace_Scoop-Back_Dress-img_00000015.jpg,41,0 0 0 1 0 0 0 ,0 0 0 0 0 1 ,0 0 1 
Abstract_Floral_Tie-Waist_Dress-img_00000027.jpg,41,0 0 0 0 0 1 0 ,0 1 0 0 0 0 ,0 0 1 
Crochet_Lace-Paneled_Blouse-img_00000068.jpg,3,0 0 0 1 0 0 0 ,0 0 1 0 0 0 ,0 0 1 
Duo-Stripe_Tee-img_00000012.jpg,18,0 0 0 0 0 1 0 ,0 0 0 1 0 0 ,0 0 1 
Abstract_Tile_Fringe-Trimmed_Kimono-img_00000004.jpg,44,0 0 0 1 0 0 0 ,0 1 0 0 0 0 ,0 1 0 
Mock_Neck_Velveteen_Dress-img_00000019.jpg,41,0 0 0 0 0 1 0 ,0 1 0 0 0 0 ,0 0 1 
Abstract_Print_V-Back_Dress-img_00000023.jpg,41,0 0 1 0 0 0 0 ,0 1 0 0 0 0 ,0 0 1 
Knotted_Stripe_Maxi_Dress-img_00000017.jpg,41,0 0 1 0 0 0 0 ,0 0 1 0 0 0 ,0 0 1 
Fan_Print_A-Line_Dress-img_00000041.jpg,41,1 0 0 0 0 0 0 ,0 0 1 0 0 0 ,1 0 0 
Pinstriped_Shirt_Dress-img_00000003.jpg,41,0 0 1 0 0 0 0 ,0 0 1 0 0 0 ,0 0 1 
Lace_Back_Shift_Dress-img_00000010.jpg,41,0 0 0 0 0 1 0 ,0 1 0 0 0 0 ,0 0 1 
Perforated_Athletic_Tank-img_00000004.jpg,17,0 0 0 0 0 1 0 ,0 0 1 0 0 0 ,0 0 1 
Rose_Print_Romper-img_00000004.jpg,48,1 0 0 0 0 0 0 ,0 0 1 0 0 0 ,0 0 1 
Fold-Over_Drawstring_Sweatpants-img_00000034.jpg,34,0 0 0 0 0 1 0 ,0 0 1 0 0 0 ,1 0 0 
Abstract_Print_Boxy_Top-img_00000004.jpg,19,1 0 0 0 0 0 0 ,0 1 0 0 0 0 ,0 0 1 
Leopard_Print_Cutoff_Sweatshorts-img_00000018.jpg,35,0 0 0 0 0 1 0 ,0 0 1 0 0 0 ,0 0 1 
Eyelash_Lace_Pleated_Dress-img_00000026.jpg,41,0 0 0 1 0 0 0 ,0 0 0 0 0 1 ,0 0 1 
Floral_Flutter_Sleeve_Blouse-img_00000002.jpg,3,1 0 0 0 0 0 0 ,0 0 1 0 0 0 ,0 0 1 
Whale_Print_Tee-img_00000062.jpg,18,0 1 0 0 0 0 0 ,0 0 1 0 0 0 ,0 0 1 
Fuzzy_Plaid_Cardigan-img_00000044.jpg,6,1 0 0 0 0 0 0 ,0 0 0 0 1 0 ,0 0 1 
Open-Knit_Cowl_Neck_Sweater-img_00000043.jpg,16,0 0 0 0 0 1 0 ,0 0 1 0 0 0 ,0 0 1 
Striped_Hot_Dog_Tee-img_00000034.jpg,18,0 0 1 0 0 0 0 ,0 0 1 0 0 0 ,0 0 1 
Crochet-Trimmed_Babydoll_Dress-img_00000033.jpg,41,0 0 0 0 0 1 0 ,0 0 1 0 0 0 ,0 1 0 
Field_of_Daisies_Dress-img_00000008.jpg,41,1 0 0 0 0 0 0 ,0 0 1 0 0 0 ,0 0 1 
Tribal_Print_Peasant_Blouse-img_00000049.jpg,3,0 1 0 0 0 0 0 ,0 1 0 0 0 0 ,0 0 1 
V-Neck_Box_Pleat_Dress-img_00000029.jpg,41,0 0 0 0 1 0 0 ,0 0 1 0 0 0 ,0 0 1 
Floral_Crochet_Overlay_Dress-img_00000004.jpg,41,0 0 0 1 0 0 0 ,0 0 0 0 0 1 ,0 0 1 
Chiffon-Paneled_Top-img_00000001.jpg,19,0 0 0 0 0 1 0 ,0 0 1 0 0 0 ,0 0 1 
High-Neck_Drawstring_Dolman_Jacket-img_00000003.jpg,11,0 0 0 0 0 1 0 ,0 0 1 0 0 0 ,0 0 1 
Textured_Bow-Front_Blouse-img_00000046.jpg,3,1 0 0 0 0 0 0 ,0 1 0 0 0 0 ,0 0 1 
Striped_Box-Pleated_Dress-img_00000034.jpg,41,0 0 1 0 0 0 0 ,0 0 1 0 0 0 ,0 0 1 
Bandana_Print_Crop_Top-img_00000064.jpg,19,1 0 0 0 0 0 0 ,0 0 1 0 0 0 ,1 0 0 
Geo_Print_Cami_Dress-img_00000002.jpg,41,0 1 0 0 0 0 0 ,0 0 1 0 0 0 ,0 0 1 
Garden_Party_Bow_Dress-img_00000027.jpg,41,1 0 0 0 0 0 0 ,0 0 1 0 0 0 ,0 0 1 
Collarless_Faux_Fur_Jacket-img_00000052.jpg,11,0 1 0 0 0 0 0 ,0 0 0 0 1 0 ,0 0 1 
Chiffon_Maxi_Cardigan-img_00000067.jpg,6,0 0 0 0 0 1 0 ,0 0 0 0 0 1 ,0 0 1 
Buttoned_Knee-Length_Skirt-img_00000020.jpg,33,0 0 0 0 1 0 0 ,0 1 0 0 0 0 ,0 0 1 
Faux_Leather-Paneled_Sweatpants-img_00000020.jpg,34,0 0 0 0 0 1 0 ,0 0 1 0 0 0 ,0 0 1 
Flutter-Sleeve_Blouse-img_00000002.jpg,3,0 0 0 1 0 0 0 ,0 0 1 0 0 0 ,0 0 1 
Bird_Print_Halter_Dress-img_00000062.jpg,41,1 0 0 0 0 0 0 ,0 0 1 0 0 0 ,0 1 0 
Above_Average_Linen_Tee-img_00000021.jpg,18,0 0 0 1 0 0 0 ,0 0 1 0 0 0 ,0 0 1 
Classic_Bike_Shorts-img_00000009.jpg,32,0 0 0 0 0 1 0 ,0 0 1 0 0 0 ,1 0 0 
Garden_Party_Pleated_Dress-img_00000025.jpg,41,1 0 0 0 0 0 0 ,0 0 1 0 0 0 ,0 0 1 
Crew_Neck_Sweater-img_00000053.jpg,16,0 1 0 0 0 0 0 ,0 0 1 0 0 0 ,0 0 1 
Striped_Metallic-Woven_Sweater-img_00000021.jpg,16,0 0 1 0 0 0 0 ,0 0 0 0 0 1 ,0 0 1 
Sleeveless_Hoodie-img_00000028.jpg,10,0 0 0 0 0 1 0 ,0 0 1 0 0 0 ,0 0 1 
Mandala_Print_Surplice_Romper-img_00000009.jpg,48,0 1 0 0 0 0 0 ,0 0 1 0 0 0 ,0 0 1 
Slub_Knit_Sweatpants-img_00000008.jpg,34,0 0 0 0 0 1 0 ,0 0 1 0 0 0 ,0 0 1 
Striped_Chiffon_Blouse-img_00000074.jpg,3,0 0 1 0 0 0 0 ,0 0 1 0 0 0 ,0 0 1 
Open-Knit_Cropped_Sweater-img_00000005.jpg,16,0 0 0 0 0 1 0 ,0 0 0 0 0 1 ,0 0 1 
Drapey_Mandala_Print_Cardigan-img_00000008.jpg,6,0 1 0 0 0 0 0 ,0 0 1 0 0 0 ,0 0 1 
Open-Front_Shawl_Lapel_Blazer-img_00000023.jpg,2,1 0 0 0 0 0 0 ,0 0 1 0 0 0 ,0 0 1 
Stripe_V-Neck_Tee-img_00000081.jpg,18,0 0 1 0 0 0 0 ,0 0 1 0 0 0 ,0 0 1 
Things_I_Love_Tee-img_00000007.jpg,18,0 1 0 0 0 0 0 ,0 0 1 0 0 0 ,0 0 1 
Paneled_Baseball_Tee-img_00000003.jpg,18,0 0 0 0 0 1 0 ,0 0 1 0 0 0 ,0 0 1 
Scoop_Back_Skater_Dress-img_00000033.jpg,41,0 1 0 0 0 0 0 ,0 0 1 0 0 0 ,0 0 1 
Sunflower_Print_Jumpsuit-img_00000061.jpg,42,1 0 0 0 0 0 0 ,0 1 0 0 0 0 ,0 0 1 
Ornate_Paisley_Maxi_Dress-img_00000018.jpg,41,0 1 0 0 0 0 0 ,0 0 1 0 0 0 ,0 0 1 
Longline_Batwing_Cardigan-img_00000013.jpg,6,0 0 0 1 0 0 0 ,0 1 0 0 0 0 ,0 0 1 
Cable_Knit_Batwing_Cardigan-img_00000052.jpg,6,0 0 0 0 0 1 0 ,0 0 0 0 0 1 ,0 1 0 
Tribal_Print_Dress-img_00000025.jpg,41,0 1 0 0 0 0 0 ,0 0 1 0 0 0 ,0 0 1 
Be_Seen_Open-Knit_Sweater-img_00000009.jpg,16,0 0 0 0 0 1 0 ,0 0 0 0 0 1 ,0 0 1 
Tie-Dye_Hoodie-img_00000019.jpg,10,1 0 0 0 0 0 0 ,0 0 1 0 0 0 ,0 0 1 
Marled_Knit_Drawstring_Sweatpants-img_00000017.jpg,34,0 0 0 0 0 1 0 ,0 0 1 0 0 0 ,0 0 1 
Not_Your_Wifey_Hoodie-img_00000007.jpg,10,0 1 0 0 0 0 0 ,0 0 1 0 0 0 ,0 1 0 
Abstract_Print_Drawstring_Joggers-img_00000001.jpg,29,1 0 0 0 0 0 0 ,0 0 1 0 0 0 ,0 0 1 
Tile_Print_Pencil_Skirt-img_00000011.jpg,33,0 0 0 0 0 0 1 ,0 0 1 0 0 0 ,0 0 1 
Faux_Leather_Shawl_Collar_Blazer-img_00000079.jpg,2,0 0 0 0 0 1 0 ,0 0 1 0 0 0 ,1 0 0 
Flower_Print_Raglan_Tee-img_00000016.jpg,18,1 0 0 0 0 0 0 ,0 0 1 0 0 0 ,0 0 1 
Heart_Muscle_Tee-img_00000064.jpg,18,0 0 0 0 0 1 0 ,0 0 1 0 0 0 ,0 0 1 
Woven_Chelsea_Collar_Blouse-img_00000012.jpg,3,0 0 0 0 0 1 0 ,0 0 1 0 0 0 ,0 0 1 
Clean_Wash_High-Rise_Skinny_Jeans-img_00000023.jpg,26,0 0 0 0 0 1 0 ,1 0 0 0 0 0 ,1 0 0 
Classic_Utility_Jumpsuit-img_00000029.jpg,42,0 0 0 0 1 0 0 ,0 0 1 0 0 0 ,0 0 1 
Heathered_Zip_Hoodie-img_00000008.jpg,10,0 0 0 0 0 1 0 ,0 0 1 0 0 0 ,0 0 1 
V-Neck_Striped_Midi_Dress-img_00000020.jpg,41,0 0 0 0 0 1 0 ,0 0 1 0 0 0 ,1 0 0 
Ribbed_Knit_Hoodie-img_00000023.jpg,10,1 0 0 0 0 0 0 ,0 0 1 0 0 0 ,0 0 1 
Striped_Paisley_Print_Romper-img_00000009.jpg,48,1 0 0 0 0 0 0 ,0 0 1 0 0 0 ,0 0 1 
ET_Graphic_Muscle_Tee-img_00000013.jpg,18,0 1 0 0 0 0 0 ,0 0 1 0 0 0 ,0 0 1 
Button-Front_Mini_Skirt-img_00000031.jpg,33,0 0 0 0 0 1 0 ,0 0 1 0 0 0 ,0 0 1 
Mixed_Prints_Maxi_Dress-img_00000007.jpg,41,0 1 0 0 0 0 0 ,0 0 1 0 0 0 ,0 0 1 
Boxy_Open-Knit_Sweater-img_00000017.jpg,16,0 0 0 1 0 0 0 ,0 0 0 0 0 1 ,0 0 1 
Tile_Print_Blouse-img_00000058.jpg,3,0 1 0 0 0 0 0 ,0 0 1 0 0 0 ,0 0 1 
Galaxy_Print_Tee-img_00000044.jpg,18,0 1 0 0 0 0 0 ,0 0 1 0 0 0 ,0 0 1 
Striped_Linen-Blend_Shorts-img_00000002.jpg,32,0 0 1 0 0 0 0 ,0 0 1 0 0 0 ,0 0 1 
Lace_Halter_Dress-img_00000017.jpg,41,0 0 0 1 0 0 0 ,0 0 1 0 0 0 ,0 0 1 
Boxy_Tribal_Print_Top-img_00000016.jpg,19,1 0 0 0 0 0 0 ,0 1 0 0 0 0 ,0 1 0 
Ornate_Baroque_Printed_Tee-img_00000012.jpg,18,0 1 0 0 0 0 0 ,0 0 1 0 0 0 ,0 0 1 
Open-Front_Crepe_Jacket-img_00000004.jpg,11,0 0 0 0 0 1 0 ,0 0 1 0 0 0 ,0 0 1 
Garden_Party_Pleated_Dress-img_00000001.jpg,41,0 0 0 1 0 0 0 ,0 0 1 0 0 0 ,0 0 1 
Basic_V-Neck_Tee-img_00000026.jpg,18,0 0 0 0 0 1 0 ,0 0 1 0 0 0 ,0 0 1 
Embroidered_Racerback_Tank-img_00000041.jpg,17,0 0 0 1 0 0 0 ,0 0 1 0 0 0 ,0 0 1 
Beaded_Chiffon_Blouse-img_00000016.jpg,3,0 0 0 1 0 0 0 ,0 1 0 0 0 0 ,0 0 1 
Paisley_Print_Dress-img_00000051.jpg,41,1 0 0 0 0 0 0 ,0 0 1 0 0 0 ,0 0 1 
Boxy_Medallion_Print_Top-img_00000009.jpg,19,1 0 0 0 0 0 0 ,0 1 0 0 0 0 ,0 0 1 
Open-Shoulder_Eyelash_Lace_Dress-img_00000018.jpg,41,0 0 0 1 0 0 0 ,0 1 0 0 0 0 ,0 0 1 
Abstract_Grid-Patterned_Top-img_00000018.jpg,19,0 0 0 0 0 1 0 ,0 0 0 0 0 1 ,0 0 1 
Trouble_Sweater-img_00000009.jpg,16,0 1 0 0 0 0 0 ,0 0 1 0 0 0 ,0 0 1 
Malibu_Beach_Muscle_Tee-img_00000023.jpg,18,0 1 0 0 0 0 0 ,0 0 1 0 0 0 ,0 0 1 
Collared_Surplice_Blouse-img_00000090.jpg,3,0 0 0 0 0 1 0 ,0 1 0 0 0 0 ,0 1 0 
Zippered_Knit_Dress-img_00000001.jpg,41,0 0 0 0 0 1 0 ,0 0 1 0 0 0 ,1 0 0 
Sleek_One-Shoulder_Dress-img_00000002.jpg,41,0 0 0 0 1 0 0 ,0 1 0 0 0 0 ,0 0 1 
Abstract_Paisley_Print_Kimono-img_00000023.jpg,44,1 0 0 0 0 0 0 ,0 1 0 0 0 0 ,0 1 0 
Rose_Print_Lace_Cutout_Dress-img_00000013.jpg,41,1 0 0 0 0 0 0 ,0 1 0 0 0 0 ,0 0 1 
Los_Angeles_Pocket_Tee-img_00000025.jpg,18,0 0 0 0 0 1 0 ,0 0 1 0 0 0 ,0 0 1 
Lace_Print_Skirt-img_00000029.jpg,33,0 0 0 1 0 0 0 ,0 0 1 0 0 0 ,1 0 0 
Chevron_Floral_Print_Top-img_00000021.jpg,19,0 1 0 0 0 0 0 ,0 0 1 0 0 0 ,0 0 1 
Structured_Pleated_A-Line_Dress-img_00000017.jpg,41,1 0 0 0 0 0 0 ,0 0 1 0 0 0 ,0 0 1 
Lace_Peplum_Sheath_Dress-img_00000046.jpg,41,0 0 0 1 0 0 0 ,0 0 1 0 0 0 ,1 0 0 
Lace-Sleeved_Raglan_Henley-img_00000037.jpg,9,0 0 0 0 0 1 0 ,0 0 1 0 0 0 ,0 0 1 
Embroidered_Organza_Skirt-img_00000001.jpg,33,0 0 0 1 0 0 0 ,0 0 1 0 0 0 ,0 0 1 
Rose_Chiffon_Kimono-img_00000002.jpg,44,1 0 0 0 0 0 0 ,0 1 0 0 0 0 ,0 1 0 
Floral_Print_Skater_Dress-img_00000014.jpg,41,1 0 0 0 0 0 0 ,0 0 1 0 0 0 ,0 0 1 
Mineral_Wash_Athletic-Ribbed_Joggers-img_00000006.jpg,29,0 0 0 0 0 1 0 ,0 0 1 0 0 0 ,0 0 1 
Crew_Neck_Tee-img_00000023.jpg,18,0 0 0 0 0 1 0 ,0 0 0 0 0 1 ,0 0 1 
High-Neck_Striped_Tee-img_00000024.jpg,18,0 0 0 0 0 1 0 ,0 0 1 0 0 0 ,0 0 1 
Lace-Paneled_Combo_Dress-img_00000008.jpg,41,0 1 0 0 0 0 0 ,0 1 0 0 0 0 ,0 0 1 
Clear_Cut_High-Waisted_Shorts-img_00000002.jpg,32,0 0 0 1 0 0 0 ,0 1 0 0 0 0 ,1 0 0 
Colorblocked_Shift_Dress-img_00000071.jpg,41,0 0 1 0 0 0 0 ,0 0 1 0 0 0 ,0 0 1 
Wide-Leg_Jumpsuit-img_00000080.jpg,42,1 0 0 0 0 0 0 ,0 0 1 0 0 0 ,0 0 1 
Flat-Front_Linen_Shorts-img_00000030.jpg,32,0 0 0 0 0 1 0 ,0 0 1 0 0 0 ,0 0 1 
Floral_Lace_Skater_Dress-img_00000023.jpg,41,0 0 0 1 0 0 0 ,0 1 0 0 0 0 ,0 0 1 
Heathered_Knit_Drawstring_Jumpsuit-img_00000009.jpg,42,1 0 0 0 0 0 0 ,0 0 1 0 0 0 ,0 0 1 
Belted_Lace_Trim_Shorts-img_00000032.jpg,32,1 0 0 0 0 0 0 ,1 0 0 0 0 0 ,0 0 1 
Denim_Culotte_Jumpsuit-img_00000007.jpg,42,0 0 0 0 0 1 0 ,0 0 1 0 0 0 ,0 0 1 
Belted_Skater_Dress-img_00000027.jpg,41,1 0 0 0 0 0 0 ,0 0 1 0 0 0 ,0 0 1 
Ribbed_Knit_Sweater-img_00000037.jpg,16,0 0 0 0 0 1 0 ,0 0 0 0 0 1 ,0 0 1 
Cap-Sleeved_Shift_Dress-img_00000054.jpg,41,0 0 0 1 0 0 0 ,0 1 0 0 0 0 ,0 0 1 
High-Waisted_Denim_Pencil_Skirt-img_00000034.jpg,33,0 0 0 0 0 1 0 ,1 0 0 0 0 0 ,0 0 1 
Cozy_Cropped_Sweater-img_00000039.jpg,16,0 0 0 0 0 1 0 ,0 0 1 0 0 0 ,0 0 1 
Dot-Patterned_Athletic_Tank-img_00000024.jpg,17,0 0 0 0 0 1 0 ,0 0 1 0 0 0 ,0 0 1 
Cuffed_Longline_Tee-img_00000054.jpg,18,0 0 0 0 0 1 0 ,0 1 0 0 0 0 ,0 0 1 
Striped_Statue_Graphic_Tee-img_00000009.jpg,18,0 1 0 0 0 0 0 ,0 0 1 0 0 0 ,0 0 1 
Heathered_Dolman_Tee-img_00000011.jpg,18,0 1 0 0 0 0 0 ,0 0 1 0 0 0 ,0 0 1 
Floral_Print_Bodycon_Dress-img_00000007.jpg,41,1 0 0 0 0 0 0 ,0 0 1 0 0 0 ,1 0 0 
Cutout_Bodycon_Dress-img_00000038.jpg,41,0 0 0 0 0 1 0 ,0 0 1 0 0 0 ,1 0 0 
Rose_Print_Tee-img_00000045.jpg,18,1 0 0 0 0 0 0 ,0 0 1 0 0 0 ,1 0 0 
Ripped_Skinny_Jeans-img_00000052.jpg,26,0 0 0 0 0 1 0 ,1 0 0 0 0 0 ,1 0 0 
Rose_Print_Chiffon_Dress-img_00000043.jpg,41,1 0 0 0 0 0 0 ,0 1 0 0 0 0 ,0 0 1 
Striped_Sateen_Pencil_Skirt-img_00000002.jpg,33,0 0 1 0 0 0 0 ,0 0 1 0 0 0 ,0 0 1 
Faux_Leather-Trim_Blouse-img_00000079.jpg,3,0 0 0 0 0 1 0 ,0 1 0 0 0 0 ,0 0 1 
Floral_Print_Trapeze_Romper-img_00000040.jpg,48,0 1 0 0 0 0 0 ,0 0 1 0 0 0 ,0 0 1 
Flowy_Embroidered_Midi_Dress-img_00000047.jpg,41,0 0 0 0 0 1 0 ,0 1 0 0 0 0 ,0 0 1 
Strapless_Metallic_Bandage_Dress-img_00000025.jpg,41,0 0 0 0 0 1 0 ,0 0 1 0 0 0 ,1 0 0 
Mesh-Trimmed_Bib_Blouse-img_00000005.jpg,3,0 0 0 1 0 0 0 ,0 1 0 0 0 0 ,0 0 1 
Single-Button_Blazer-img_00000084.jpg,2,0 0 0 0 0 1 0 ,0 0 0 1 0 0 ,1 0 0 
Pleated_Scuba_Knit_Dress-img_00000016.jpg,41,0 0 0 0 1 0 0 ,0 0 1 0 0 0 ,0 0 1 
Linen_Drawstring_Shorts-img_00000033.jpg,32,0 0 0 0 0 1 0 ,0 0 1 0 0 0 ,0 0 1 
Strapless_Rose_Print_Dress-img_00000021.jpg,41,1 0 0 0 0 0 0 ,0 0 1 0 0 0 ,0 0 1 
Low-Rise_-_Distressed_Skinny_Jeans-img_00000009.jpg,26,0 0 0 0 0 1 0 ,1 0 0 0 0 0 ,1 0 0 
Colorblocked_Hooded_Knit_Henley-img_00000032.jpg,9,0 0 0 0 0 1 0 ,0 0 1 0 0 0 ,0 0 1 
Love_Yourself_Muscle_Tee-img_00000003.jpg,18,0 0 0 0 0 1 0 ,0 0 1 0 0 0 ,0 0 1 
Ladder_V-Neck_Shift_Dress-img_00000019.jpg,41,0 0 0 0 0 1 0 ,0 0 1 0 0 0 ,0 0 1 
Floral_Crochet_A-Line_Dress-img_00000026.jpg,41,0 0 0 1 0 0 0 ,0 0 0 0 0 1 ,0 0 1 
Grid_Print_Jumpsuit-img_00000010.jpg,42,0 0 0 0 0 0 1 ,0 0 1 0 0 0 ,0 0 1 
Checkered_Metallic_Dress-img_00000016.jpg,41,0 1 0 0 0 0 0 ,0 1 0 0 0 0 ,0 1 0 
Crinkled_Denim_Shorts-img_00000014.jpg,32,0 0 0 0 0 1 0 ,1 0 0 0 0 0 ,0 0 1 
Open-Front_Jersey_Cardigan-img_00000034.jpg,6,0 0 0 0 0 1 0 ,0 0 1 0 0 0 ,0 0 1 
Colorblocked_Crew_Neck_Tee-img_00000024.jpg,18,0 0 0 0 0 1 0 ,0 0 1 0 0 0 ,0 0 1 
Quilted_Faux_Leather_Bomber-img_00000120.jpg,4,0 0 0 0 0 1 0 ,0 0 0 1 0 0 ,0 0 1 
Mesh_Moment_Midi_Dress-img_00000061.jpg,41,0 0 1 0 0 0 0 ,0 1 0 0 0 0 ,0 0 1 
Draped_V-Neck_Speckled_Tee-img_00000016.jpg,18,0 0 0 0 0 1 0 ,0 0 1 0 0 0 ,0 0 1 
Metallic_Wrap_Skirt-img_00000012.jpg,33,0 0 0 0 0 1 0 ,0 0 1 0 0 0 ,0 0 1 
Stonewash-_Skinny_Jeans-img_00000017.jpg,26,0 0 0 0 0 1 0 ,1 0 0 0 0 0 ,1 0 0 
Cami_Peplum_Top-img_00000041.jpg,19,0 0 0 0 0 1 0 ,0 0 1 0 0 0 ,0 0 1 
Crochet_Strap_Dress-img_00000018.jpg,41,0 0 0 0 0 1 0 ,0 1 0 0 0 0 ,0 0 1 
Acid_Wash_Denim_Shorts-img_00000001.jpg,32,0 0 0 0 0 1 0 ,1 0 0 0 0 0 ,0 0 1 
Classic_Knit_Leggings-img_00000029.jpg,30,1 0 0 0 0 0 0 ,0 0 1 0 0 0 ,1 0 0 
Mixed_Stripe_Linen-Blend_Culottes-img_00000016.jpg,23,1 0 0 0 0 0 0 ,0 0 1 0 0 0 ,0 1 0 
Layered_Lace-Paneled_Jumpsuit-img_00000018.jpg,42,0 0 0 1 0 0 0 ,0 0 1 0 0 0 ,0 0 1 
Beaded_Chiffon_Blouse-img_00000089.jpg,3,0 0 0 0 0 1 0 ,0 1 0 0 0 0 ,0 0 1 
Loose-Knit_Dolman_Cardigan-img_00000025.jpg,6,0 0 1 0 0 0 0 ,0 0 0 0 0 1 ,0 0 1 
Quilted_Drop-Waist_Dress-img_00000053.jpg,41,0 0 0 0 0 1 0 ,0 0 1 0 0 0 ,0 0 1 
Favorite_Mini_Skirt-img_00000058.jpg,33,0 1 0 0 0 0 0 ,0 0 1 0 0 0 ,0 0 1 
Paisley_Print_Cami_Maxi_Dress-img_00000033.jpg,41,1 0 0 0 0 0 0 ,0 0 1 0 0 0 ,0 0 1 
Island_Tropics_Buttoned_Dress-img_00000047.jpg,41,1 0 0 0 0 0 0 ,0 0 1 0 0 0 ,0 0 1 
Striped_Mixed_Knit_Sweater-img_00000052.jpg,16,0 0 1 0 0 0 0 ,0 0 0 0 0 1 ,0 0 1 
Distressed_Low-Rise_Skinny_Jeans-img_00000024.jpg,26,0 0 0 0 0 1 0 ,1 0 0 0 0 0 ,0 0 1 
Classic_Self-Tie_Blouse-img_00000080.jpg,3,0 1 0 0 0 0 0 ,0 0 1 0 0 0 ,0 0 1 
Embroidered-Trim_Cami_Dress-img_00000033.jpg,41,0 0 0 0 0 1 0 ,0 1 0 0 0 0 ,0 0 1 
Heathered_Knit_Tee-img_00000031.jpg,18,0 1 0 0 0 0 0 ,0 0 1 0 0 0 ,0 0 1 
Tonal_Plaid_Robe-img_00000019.jpg,47,0 0 0 0 0 1 0 ,0 0 1 0 0 0 ,0 0 1 
Striped_Drawstring_Shorts-img_00000013.jpg,32,0 0 1 0 0 0 0 ,0 0 1 0 0 0 ,1 0 0 
Heathered_Curved-Hem_Tank-img_00000012.jpg,17,0 0 0 0 0 1 0 ,0 0 1 0 0 0 ,0 0 1 
Floral_Print_Tie-Front_Blouse-img_00000052.jpg,3,1 0 0 0 0 0 0 ,0 0 1 0 0 0 ,0 0 1 
Creating_Yourself_T-Shirt_Dress-img_00000026.jpg,41,0 0 0 0 0 1 0 ,0 0 1 0 0 0 ,0 0 1 
Chiffon_Paneled_Top-img_00000001.jpg,19,0 0 0 0 0 1 0 ,0 1 0 0 0 0 ,0 0 1 
Mesh-Paneled_Romper-img_00000012.jpg,48,0 0 0 0 0 1 0 ,0 0 1 0 0 0 ,0 0 1 
Micro-Striped_Tank-img_00000035.jpg,17,0 0 0 0 0 1 0 ,0 0 1 0 0 0 ,0 0 1 
Paisley_Print_Sun_Dress-img_00000005.jpg,41,0 1 0 0 0 0 0 ,0 0 1 0 0 0 ,0 0 1 
Embossed_Mock_Neck_Dress-img_00000030.jpg,41,0 0 0 0 0 1 0 ,0 0 1 0 0 0 ,0 0 1 
Cropped_Double-Racer_Tank-img_00000006.jpg,17,1 0 0 0 0 0 0 ,0 0 1 0 0 0 ,0 0 1 
Knife-Pleated_Floral_Skirt-img_00000001.jpg,33,1 0 0 0 0 0 0 ,0 0 1 0 0 0 ,0 0 1 
Textured_Damask_Mini_Skirt-img_00000005.jpg,33,0 1 0 0 0 0 0 ,0 0 1 0 0 0 ,0 0 1 
Classic_Denim_Romper-img_00000028.jpg,48,0 0 0 0 0 1 0 ,1 0 0 0 0 0 ,0 0 1 
Chic_Sweater_Crop_Top-img_00000027.jpg,19,1 0 0 0 0 0 0 ,0 0 0 0 0 1 ,0 0 1 
Mineral_Wash_Jeggings-img_00000008.jpg,27,0 0 0 0 0 1 0 ,1 0 0 0 0 0 ,1 0 0 
Butterfly_Print_Blouse-img_00000038.jpg,3,1 0 0 0 0 0 0 ,0 0 1 0 0 0 ,0 0 1 
Embroidered_Sheer-Woven_Shift_Dress-img_00000025.jpg,41,0 0 0 1 0 0 0 ,0 0 1 0 0 0 ,0 0 1 
Crepe_Shift_Dress-img_00000038.jpg,41,0 0 0 0 0 1 0 ,0 0 1 0 0 0 ,0 0 1 
Classic_Hooded_Duffle_Coat-img_00000013.jpg,39,0 0 0 0 0 1 0 ,0 0 1 0 0 0 ,0 0 1 
Pleated_Paisley_Print_Skirt-img_00000012.jpg,33,1 0 0 0 0 0 0 ,0 0 1 0 0 0 ,0 0 1 
Cuffed_Chino_Shorts-img_00000038.jpg,32,0 0 0 0 0 1 0 ,0 0 1 0 0 0 ,0 0 1 
Bejeweled_Slit-Sleeve_Top-img_00000013.jpg,19,0 0 0 0 0 1 0 ,0 1 0 0 0 0 ,0 0 1 
Mandala_Print_Knit_Jumpsuit-img_00000020.jpg,42,0 1 0 0 0 0 0 ,0 0 1 0 0 0 ,0 0 1 
Sheer_Abstract_Print_Blouse-img_00000009.jpg,3,1 0 0 0 0 0 0 ,0 0 1 0 0 0 ,0 0 1 
Scalloped_Halter_Dress-img_00000008.jpg,41,0 0 0 1 0 0 0 ,0 1 0 0 0 0 ,1 0 0 
Classic_Distressed_Jeans-img_00000014.jpg,26,0 0 0 0 0 1 0 ,1 0 0 0 0 0 ,0 0 1 
Textured_Diamond_Knit_Dress-img_00000005.jpg,41,0 0 0 0 0 1 0 ,0 0 1 0 0 0 ,0 0 1 
Boxy_Knit_Top-img_00000008.jpg,19,0 0 0 0 0 1 0 ,0 0 0 0 0 1 ,0 0 1 
Cutout_Knit_Bodycon_Dress-img_00000011.jpg,41,0 0 0 0 0 1 0 ,0 0 1 0 0 0 ,0 0 1 
Southwestern-Inspired_Knit_Leggings-img_00000031.jpg,30,0 1 0 0 0 0 0 ,0 0 1 0 0 0 ,1 0 0 
Ribbed_Knit_Hoodie-img_00000002.jpg,10,0 0 0 0 0 1 0 ,0 0 0 1 0 0 ,0 0 1 
Looney_Tunes_Muscle_Tee-img_00000035.jpg,18,0 1 0 0 0 0 0 ,0 0 1 0 0 0 ,0 0 1 
Quilted_Moto_Jacket-img_00000040.jpg,11,0 0 0 0 0 1 0 ,0 0 0 1 0 0 ,0 0 1 
Tribal-Inspired_Skater_Dress-img_00000014.jpg,41,0 0 0 0 0 1 0 ,0 0 1 0 0 0 ,0 0 1 
Baroque_Print_Shorts-img_00000016.jpg,32,1 0 0 0 0 0 0 ,0 0 1 0 0 0 ,0 0 1 
Ribbed_Racerback_Tank-img_00000017.jpg,17,0 0 0 0 0 1 0 ,0 0 1 0 0 0 ,0 0 1 
Longline_Side-Slit_Blazer-img_00000022.jpg,2,0 1 0 0 0 0 0 ,0 0 1 0 0 0 ,0 0 1 
Eyelash_Lace_Skirt-img_00000034.jpg,33,0 0 0 0 0 1 0 ,0 0 1 0 0 0 ,0 0 1 
Mesh_Drawstring_Shorts-img_00000014.jpg,32,0 0 0 0 0 1 0 ,0 0 1 0 0 0 ,0 1 0 
Cacti_Print_Tee-img_00000010.jpg,18,0 1 0 0 0 0 0 ,0 0 1 0 0 0 ,0 0 1 
Draped_Collar_Blazer-img_00000050.jpg,2,0 0 0 0 0 1 0 ,0 0 1 0 0 0 ,0 0 1 
Metallic_Knit_Bodycon_Dress-img_00000033.jpg,41,0 0 0 0 0 1 0 ,0 0 0 0 0 1 ,0 0 1 
Panda-Hood_Pajama_Onesie-img_00000035.jpg,46,0 0 0 0 0 1 0 ,0 0 1 0 0 0 ,0 0 1 
Collared_Surplice_Blouse-img_00000087.jpg,3,0 0 0 0 0 1 0 ,0 1 0 0 0 0 ,0 0 1 
Open-Knit_Fringe_Tank-img_00000008.jpg,17,0 0 0 1 0 0 0 ,0 0 1 0 0 0 ,0 0 1 
Tribal_Print_Maxi_Dress-img_00000051.jpg,41,0 1 0 0 0 0 0 ,0 0 1 0 0 0 ,0 0 1 
Heathered_Colorblock_Tee-img_00000025.jpg,18,0 0 0 0 0 1 0 ,0 0 0 0 0 1 ,0 0 1 
Cloud_Wash_Jeans-img_00000003.jpg,26,0 0 0 0 0 1 0 ,1 0 0 0 0 0 ,0 1 0 
Cutout-Back_Muscle_Tee-img_00000027.jpg,18,0 1 0 0 0 0 0 ,0 0 1 0 0 0 ,0 0 1 
Lady_Lace_Mini_Skirt-img_00000017.jpg,33,0 0 0 0 0 1 0 ,0 0 1 0 0 0 ,0 0 1 
Classic_Knit_Turtleneck-img_00000032.jpg,20,0 0 0 0 0 1 0 ,0 0 0 0 0 1 ,0 0 1 
Darling_Dots_Denim_Shorts-img_00000025.jpg,32,0 1 0 0 0 0 0 ,0 0 1 0 0 0 ,1 0 0 
Dropped-Hem_Lace_Sheath_Dress-img_00000029.jpg,41,0 0 0 1 0 0 0 ,0 1 0 0 0 0 ,0 0 1 
Dainty_A-Line_Dress-img_00000036.jpg,41,0 0 0 0 0 1 0 ,0 1 0 0 0 0 ,0 0 1 
Strappy_Tribal_Print_Maxi_Dress-img_00000036.jpg,41,1 0 0 0 0 0 0 ,0 0 1 0 0 0 ,0 0 1 
Textured_Knit_Dress-img_00000053.jpg,41,0 0 0 0 0 1 0 ,0 0 1 0 0 0 ,0 0 1 
Strong_Muscle_Tee-img_00000052.jpg,18,0 1 0 0 0 0 0 ,0 0 1 0 0 0 ,0 0 1 
Denim_Drawstring_Romper-img_00000031.jpg,48,0 0 0 0 0 1 0 ,1 0 0 0 0 0 ,0 0 1 
Ribbed_Racer_Tank-img_00000006.jpg,17,0 0 0 0 0 1 0 ,0 0 1 0 0 0 ,1 0 0 
Pleated_Culottes-img_00000060.jpg,23,0 0 0 0 1 0 0 ,0 0 1 0 0 0 ,0 0 1 
Smocked_Drawstring_Shorts-img_00000007.jpg,32,1 0 0 0 0 0 0 ,0 0 1 0 0 0 ,0 0 1 
Floral_Print_Mesh_Dress-img_00000055.jpg,41,1 0 0 0 0 0 0 ,0 0 1 0 0 0 ,1 0 0 
Abstract_Print_Tee-img_00000038.jpg,18,1 0 0 0 0 0 0 ,0 0 1 0 0 0 ,0 0 1 
Hooded_Open-Front_Cardigan-img_00000036.jpg,6,0 0 0 0 0 1 0 ,0 0 1 0 0 0 ,0 0 1 
Ditsy_Floral_Print_Jumpsuit-img_00000018.jpg,42,1 0 0 0 0 0 0 ,0 0 1 0 0 0 ,0 0 1 
Slouchy_Marled_Sweater-img_00000007.jpg,16,0 0 0 0 0 1 0 ,0 0 0 0 0 1 ,0 0 1 
Viney_Floral_Flounce_Dress-img_00000001.jpg,41,1 0 0 0 0 0 0 ,0 0 1 0 0 0 ,0 0 1 
Shaggy_Open-Front_Cardigan-img_00000023.jpg,6,0 0 0 0 0 1 0 ,0 0 0 0 1 0 ,0 0 1 
Big_Apples_Tee-img_00000009.jpg,18,0 1 0 0 0 0 0 ,0 0 1 0 0 0 ,0 0 1 
Slub_Knit_Hoodie-img_00000041.jpg,10,0 0 0 0 0 1 0 ,0 0 1 0 0 0 ,0 0 1 
Floral_Button-Front_Dress-img_00000007.jpg,41,1 0 0 0 0 0 0 ,0 0 1 0 0 0 ,0 0 1 
M-Slit_Knit_Maxi_Skirt-img_00000009.jpg,33,0 0 0 0 0 1 0 ,0 0 1 0 0 0 ,0 0 1 
Belted_Tribal_Print_Maxi_Dress-img_00000029.jpg,41,0 0 1 0 0 0 0 ,0 1 0 0 0 0 ,0 0 1 
Contrast_Trim_Henley-img_00000013.jpg,9,0 0 0 0 0 1 0 ,0 0 1 0 0 0 ,0 0 1 
EPTM._Zip-Paneled_Drawstring_Hoodie-img_00000005.jpg,10,0 1 0 0 0 0 0 ,0 0 1 0 0 0 ,0 0 1 
Marled_Knit_Cropped_Tank-img_00000007.jpg,17,0 0 0 0 0 1 0 ,0 0 1 0 0 0 ,1 0 0 
Abstract_Dot_Surplice_Top-img_00000006.jpg,19,0 0 0 0 0 1 0 ,0 1 0 0 0 0 ,0 0 1 
Embroidered_Pintucked_Blouse-img_00000034.jpg,3,0 0 1 0 0 0 0 ,0 0 1 0 0 0 ,0 0 1 
Strapless_Pleated_Chiffon_Dress-img_00000055.jpg,41,0 0 0 0 1 0 0 ,0 1 0 0 0 0 ,0 0 1 
Leopard_Print_Joggers-img_00000069.jpg,29,0 0 0 0 0 1 0 ,0 0 1 0 0 0 ,0 0 1 
Faux_Leather_Hooded_Jacket-img_00000006.jpg,11,0 0 0 0 0 1 0 ,0 0 0 1 0 0 ,0 0 1 
Dotted_Skater_Dress-img_00000046.jpg,41,0 1 0 0 0 0 0 ,0 0 1 0 0 0 ,0 0 1 
Utility_Romper-img_00000051.jpg,48,0 0 0 0 0 1 0 ,1 0 0 0 0 0 ,0 0 1 
Marled_French_Terry_Hoodie-img_00000024.jpg,10,0 0 0 0 0 1 0 ,0 0 1 0 0 0 ,0 0 1 
Abstract_Geo_Print_Blouse-img_00000016.jpg,3,0 1 0 0 0 0 0 ,0 0 1 0 0 0 ,0 0 1 
Layered_Chiffon_Blouse-img_00000079.jpg,3,0 0 0 0 0 1 0 ,0 0 1 0 0 0 ,0 0 1 
X-Ray_Floral_Joggers-img_00000021.jpg,29,1 0 0 0 0 0 0 ,0 0 1 0 0 0 ,0 0 1 
Rose_Lace-Up_Babydoll_Dress-img_00000041.jpg,41,0 0 0 1 0 0 0 ,0 1 0 0 0 0 ,0 0 1 
Faux_Leather-Trimmed_Joggers-img_00000003.jpg,29,0 0 0 0 0 1 0 ,0 0 0 1 0 0 ,0 0 1 
Pleated_Abstract_Print_Dress-img_00000004.jpg,41,1 0 0 0 0 0 0 ,0 0 1 0 0 0 ,0 0 1 
Knit_Crew_Neck_Sweater-img_00000021.jpg,16,0 0 1 0 0 0 0 ,0 0 0 0 0 1 ,0 0 1 
Single-Button_Blazer-img_00000139.jpg,2,0 0 0 0 0 1 0 ,0 0 1 0 0 0 ,1 0 0 
Boxy_Polka_Dot_Top-img_00000012.jpg,19,0 1 0 0 0 0 0 ,0 0 1 0 0 0 ,0 0 1 
Butterfly_Print_Maxi_Dress-img_00000089.jpg,41,1 0 0 0 0 0 0 ,0 1 0 0 0 0 ,0 0 1 
Metallic_Open-Knit_Cardigan-img_00000007.jpg,6,0 0 0 0 0 1 0 ,0 0 0 0 0 1 ,0 0 1 
Embroidered_Chiffon_Kimono-img_00000002.jpg,44,1 0 0 0 0 0 0 ,0 0 1 0 0 0 ,0 0 1 
Heathered_Fleece-Lined_Cardigan-img_00000007.jpg,6,0 0 0 0 0 1 0 ,0 0 0 0 0 1 ,1 0 0 
Sheer_Pleated-Front_Blouse-img_00000115.jpg,3,1 0 0 0 0 0 0 ,0 1 0 0 0 0 ,0 0 1 
Mixed_Stripe_Maxi_Dress-img_00000026.jpg,41,0 1 0 0 0 0 0 ,0 0 1 0 0 0 ,0 0 1 
Faux_Fur_Collar_Cardigan-img_00000038.jpg,6,0 1 0 0 0 0 0 ,0 0 0 0 0 1 ,0 0 1 
Chevron_Print_Dress-img_00000074.jpg,41,0 1 0 0 0 0 0 ,0 0 1 0 0 0 ,0 0 1 
Faux_Fur_Collar_Coat-img_00000003.jpg,39,0 0 0 0 0 1 0 ,0 0 1 0 0 0 ,0 0 1 
Get_Cray_Muscle_Tee-img_00000005.jpg,18,0 1 0 0 0 0 0 ,0 0 1 0 0 0 ,0 0 1 
Mid-Rise_-_Acid_Wash_Skinny_Jeans-img_00000028.jpg,26,0 0 0 0 0 1 0 ,1 0 0 0 0 0 ,1 0 0 
Essential_Draped_Cardigan-img_00000036.jpg,6,0 1 0 0 0 0 0 ,0 0 0 0 0 1 ,0 0 1 
Jersey_Knit_Maxi_Dress-img_00000059.jpg,41,0 0 0 0 0 1 0 ,0 0 1 0 0 0 ,0 0 1 
Performance_Capri_Leggings-img_00000020.jpg,30,0 0 0 0 0 1 0 ,0 0 1 0 0 0 ,1 0 0 
French_Terry_Hoodie-img_00000012.jpg,10,0 0 0 0 0 1 0 ,0 0 1 0 0 0 ,0 0 1 
No_Thank_You_Hoodie-img_00000020.jpg,10,0 1 0 0 0 0 0 ,0 0 1 0 0 0 ,0 0 1 
Collarless_One-Button_Blazer-img_00000038.jpg,2,0 0 0 0 0 1 0 ,0 0 1 0 0 0 ,0 0 1 
Abstract_Print_Draped_Blazer-img_00000075.jpg,2,0 0 0 0 0 1 0 ,0 0 1 0 0 0 ,0 0 1 
Floral_Bodycon_Dress-img_00000016.jpg,41,1 0 0 0 0 0 0 ,0 0 1 0 0 0 ,1 0 0 
Neon_Pocket_Tee-img_00000038.jpg,18,0 1 0 0 0 0 0 ,0 0 1 0 0 0 ,0 0 1 
Striped_Racerback_Maxi_Dress-img_00000037.jpg,41,0 0 1 0 0 0 0 ,0 0 1 0 0 0 ,0 0 1 
Raglan_Pocket_Tee-img_00000062.jpg,18,0 0 0 0 0 1 0 ,0 0 1 0 0 0 ,0 0 1 
Ribbed_Knit_Striped_Dress-img_00000021.jpg,41,0 1 0 0 0 0 0 ,0 0 0 0 0 1 ,0 0 1 
Slub_Knit_Dolman_Cardigan-img_00000016.jpg,6,1 0 0 0 0 0 0 ,0 0 0 0 0 1 ,0 0 1 
Heathered_Cities_Graphic_Hoodie-img_00000019.jpg,10,0 0 0 0 0 1 0 ,0 0 1 0 0 0 ,0 0 1 
Brushstroke_Print_Belted_Shift_Dress-img_00000053.jpg,41,1 0 0 0 0 0 0 ,0 0 1 0 0 0 ,0 0 1 
Grumpy_Cat_Graphic_Tee-img_00000018.jpg,18,0 1 0 0 0 0 0 ,0 0 1 0 0 0 ,0 0 1 
Striped_Waist_Leggings-img_00000031.jpg,30,0 0 1 0 0 0 0 ,0 0 1 0 0 0 ,1 0 0 
Flat-Front_Chinos-img_00000009.jpg,22,0 0 0 0 0 1 0 ,0 0 1 0 0 0 ,0 0 1 
Loose-Knit_Sweater-img_00000028.jpg,16,0 0 0 0 0 1 0 ,0 0 0 0 0 1 ,0 0 1 
Distressed_Mid-Rise_Skinny_Jeans-img_00000016.jpg,26,0 0 0 0 0 1 0 ,1 0 0 0 0 0 ,1 0 0 
Textured_High-Neck_Blouse-img_00000067.jpg,3,0 0 0 0 0 1 0 ,0 0 1 0 0 0 ,1 0 0 
Embroidered_Floral_Shift_Dress-img_00000005.jpg,41,0 0 0 1 0 0 0 ,0 0 1 0 0 0 ,0 0 1 
Braided_Racerback_Athletic_Tank-img_00000040.jpg,17,0 0 1 0 0 0 0 ,0 0 1 0 0 0 ,0 0 1 
Marled_Knit_Hooded_Dress-img_00000019.jpg,41,0 0 0 0 0 1 0 ,0 0 1 0 0 0 ,0 0 1 
Multi-Stripe_V-Neck_Tee-img_00000043.jpg,18,0 0 1 0 0 0 0 ,0 0 1 0 0 0 ,0 0 1 
Favorite_Ankle_Leggings-img_00000053.jpg,30,0 0 0 0 0 1 0 ,0 0 1 0 0 0 ,1 0 0 
Cutout_Maxi_Cami_Dress-img_00000044.jpg,41,0 0 0 0 0 1 0 ,0 0 1 0 0 0 ,0 1 0 
Swiss_Dot_Crochet_Tank-img_00000001.jpg,17,0 0 0 1 0 0 0 ,0 1 0 0 0 0 ,0 0 1 
Textured_Boyfriend_Blazer-img_00000013.jpg,2,0 0 0 0 0 1 0 ,0 0 1 0 0 0 ,0 0 1 
Rose_Print_Maxi_Dress-img_00000054.jpg,41,1 0 0 0 0 0 0 ,0 1 0 0 0 0 ,0 0 1 
Button_Front_Shirt_Dress-img_00000026.jpg,41,0 1 0 0 0 0 0 ,0 1 0 0 0 0 ,0 0 1 
Distressed_High-Waisted_Cutoffs-img_00000011.jpg,24,0 0 0 0 0 1 0 ,1 0 0 0 0 0 ,1 0 0 
Heathered_Drawstring_Romper-img_00000029.jpg,48,0 0 0 0 0 1 0 ,0 0 1 0 0 0 ,0 0 1 
Squiggle_Print_Tee-img_00000021.jpg,18,0 1 0 0 0 0 0 ,0 0 1 0 0 0 ,0 0 1 
Slub_Knit_Sweatshorts-img_00000016.jpg,35,0 0 0 0 0 1 0 ,0 0 1 0 0 0 ,0 0 1 
Draped_Knit_Cardigan-img_00000026.jpg,6,0 1 0 0 0 0 0 ,0 0 0 0 0 1 ,0 0 1 
Chevron_Knit_Crewneck_Sweater-img_00000032.jpg,16,0 0 0 0 0 1 0 ,0 0 0 0 0 1 ,0 0 1 
Drawstring_Cargo_Dress-img_00000040.jpg,41,0 0 0 0 0 1 0 ,0 0 1 0 0 0 ,0 0 1 
Tropical_Floral_Wide-Leg_Jumpsuit-img_00000014.jpg,42,1 0 0 0 0 0 0 ,0 0 1 0 0 0 ,0 0 1 
Ruffled_Tie-Neck_Blouse-img_00000117.jpg,3,0 0 0 0 0 1 0 ,0 0 1 0 0 0 ,0 0 1 
Tulip_Hem_Tie-Dye_Dress-img_00000008.jpg,41,0 1 0 0 0 0 0 ,0 0 1 0 0 0 ,1 0 0 
Belted_Skater_Dress-img_00000041.jpg,41,0 0 0 0 0 1 0 ,0 0 1 0 0 0 ,0 0 1 
Lace_Print_Dress-img_00000005.jpg,41,0 0 0 1 0 0 0 ,0 0 1 0 0 0 ,0 0 1 
Mesh-Trimmed_Bib_Blouse-img_00000003.jpg,3,0 0 0 0 0 1 0 ,0 1 0 0 0 0 ,0 0 1 
Dotted_French_Terry_Shorts-img_00000005.jpg,32,0 0 0 0 0 1 0 ,1 0 0 0 0 0 ,0 0 1 
Abstract_Floral_Print_Top-img_00000037.jpg,19,1 0 0 0 0 0 0 ,0 1 0 0 0 0 ,0 0 1 
Floral_Print_Shirt_Dress-img_00000049.jpg,41,1 0 0 0 0 0 0 ,0 0 1 0 0 0 ,0 0 1 
Textured_Pencil_Skirt-img_00000009.jpg,33,0 0 0 0 0 1 0 ,0 0 1 0 0 0 ,0 0 1 
Bell-Sleeved_Lace_Crop_Top-img_00000053.jpg,19,0 0 0 0 0 1 0 ,0 1 0 0 0 0 ,0 0 1 
Knit_Romper-img_00000003.jpg,48,0 0 0 0 0 1 0 ,0 0 1 0 0 0 ,0 0 1 
Classic_Waffle_Knit_Sweater-img_00000024.jpg,16,0 0 0 0 0 1 0 ,0 0 0 0 0 1 ,0 0 1 
Stone_Washed_Denim_Dress-img_00000008.jpg,41,0 0 0 0 0 1 0 ,0 0 1 0 0 0 ,0 0 1 
Scalloped_Crochet_Tank-img_00000049.jpg,17,0 0 0 0 0 1 0 ,0 0 1 0 0 0 ,0 0 1 
Raw-Cut_Fringe_Tee-img_00000002.jpg,18,0 0 0 0 0 1 0 ,0 0 1 0 0 0 ,0 0 1 
Luxe-Printed_Workout_Leggings-img_00000063.jpg,30,0 0 0 0 0 1 0 ,0 0 1 0 0 0 ,1 0 0 
New_York_Muscle_Tee-img_00000015.jpg,18,0 1 0 0 0 0 0 ,0 0 1 0 0 0 ,0 0 1 
Paisley_Print_Kaftan-img_00000001.jpg,43,1 0 0 0 0 0 0 ,0 0 1 0 0 0 ,0 1 0 
Space_Dye_Waist_Running_Shorts-img_00000005.jpg,32,1 0 0 0 0 0 0 ,0 0 1 0 0 0 ,1 0 0 
Crinkled_Crepe_Halter_Dress-img_00000033.jpg,41,0 0 0 0 1 0 0 ,0 0 1 0 0 0 ,0 0 1 
Heathered_Baseball_Stripe_Tee-img_00000023.jpg,18,0 0 0 0 0 1 0 ,0 0 1 0 0 0 ,0 0 1 
High_Waist-_Quilted_Moto_Jeggings-img_00000047.jpg,27,0 0 0 0 0 1 0 ,1 0 0 0 0 0 ,1 0 0 
Boxy_V-Neck_Top-img_00000048.jpg,19,0 0 0 0 0 1 0 ,0 0 1 0 0 0 ,0 0 1 
Ruffled_Floral_PJ_Shorts-img_00000002.jpg,32,1 0 0 0 0 0 0 ,0 0 1 0 0 0 ,0 0 1 
Asymmetrical_Pencil_Skirt-img_00000028.jpg,33,1 0 0 0 0 0 0 ,0 1 0 0 0 0 ,0 0 1 
Lace_Cami_Jumpsuit-img_00000047.jpg,42,0 0 0 0 0 1 0 ,0 0 1 0 0 0 ,0 0 1 
Stripe_Fuzzy_Cardigan-img_00000009.jpg,6,0 0 1 0 0 0 0 ,0 0 0 0 0 1 ,0 0 1 
Oversized_Two-Tone_Blazer-img_00000059.jpg,2,0 0 0 0 0 0 1 ,0 0 0 1 0 0 ,0 0 1 
Windowpane_Print_Blouse-img_00000002.jpg,3,0 0 0 0 0 0 1 ,0 0 1 0 0 0 ,0 0 1 
Slub_Knit_Cotton_Tee-img_00000017.jpg,18,0 0 0 0 0 1 0 ,0 0 1 0 0 0 ,0 0 1 
Stretch-Knit_Mini_Skirt-img_00000024.jpg,33,0 0 0 0 0 1 0 ,0 0 1 0 0 0 ,0 0 1 
Shirred_Floral-Embroidered_Blouse-img_00000041.jpg,3,0 0 0 1 0 0 0 ,0 1 0 0 0 0 ,0 0 1 
Baroque_Print_Bodycon_Dress-img_00000069.jpg,41,1 0 0 0 0 0 0 ,0 0 1 0 0 0 ,1 0 0 
Striped_Henley-img_00000058.jpg,9,0 0 1 0 0 0 0 ,0 0 1 0 0 0 ,0 0 1 
Tulle_Overlay_Cami_Dress-img_00000013.jpg,41,0 0 0 0 0 1 0 ,0 1 0 0 0 0 ,0 0 1 
Low-Rise_Ankle_Jeans-img_00000022.jpg,26,0 0 0 0 0 1 0 ,0 0 1 0 0 0 ,1 0 0 
Short-Sleeved_Crepe_Jumpsuit-img_00000001.jpg,42,0 0 0 0 0 1 0 ,0 0 1 0 0 0 ,0 0 1 
Cuffed-Sleeve_Pocket_Tee-img_00000020.jpg,18,1 0 0 0 0 0 0 ,0 0 1 0 0 0 ,0 0 1 
Satin_Joggers-img_00000055.jpg,29,0 0 0 0 0 1 0 ,0 0 1 0 0 0 ,0 0 1 
Sleepy_Tee-img_00000031.jpg,18,0 1 0 0 0 0 0 ,0 0 1 0 0 0 ,0 0 1 
TMNT_Graphic_Tee-img_00000017.jpg,18,0 1 0 0 0 0 0 ,0 0 1 0 0 0 ,0 0 1 
Floral_Paisley_Shift_Dress-img_00000015.jpg,41,0 1 0 0 0 0 0 ,0 0 1 0 0 0 ,0 1 0 
Structured_A-Line_Dress-img_00000051.jpg,41,0 0 0 0 0 1 0 ,0 1 0 0 0 0 ,0 0 1 
Floral_Stripe_Midi_Skirt-img_00000057.jpg,33,1 0 0 0 0 0 0 ,0 0 1 0 0 0 ,0 0 1 
Acid_Wash_French_Terry_Sweatshorts-img_00000044.jpg,35,0 0 0 0 0 1 0 ,0 0 1 0 0 0 ,0 0 1 
Dusty_Rose_Blouse-img_00000115.jpg,3,0 0 0 0 0 1 0 ,0 0 1 0 0 0 ,0 0 1 
Floral_Keyhole-Back_Dress-img_00000018.jpg,41,1 0 0 0 0 0 0 ,0 0 1 0 0 0 ,0 0 1 
Homies_Graphic_Tee-img_00000064.jpg,18,0 1 0 0 0 0 0 ,0 0 1 0 0 0 ,0 0 1 
Slub_Knit_Boyfriend_Tee-img_00000012.jpg,18,0 0 1 0 0 0 0 ,0 0 1 0 0 0 ,0 0 1 
Asymmetric_Zipper_Cardigan-img_00000009.jpg,6,0 0 0 0 0 1 0 ,0 0 1 0 0 0 ,0 0 1 
Cropped_Ribbed_Knit_Turtleneck-img_00000031.jpg,20,0 0 0 0 0 1 0 ,0 0 0 0 0 1 ,0 0 1 
Abstract_Chevron_Print_Top-img_00000008.jpg,19,1 0 0 0 0 0 0 ,0 0 1 0 0 0 ,0 0 1 
Heathered_Seamless_Workout_Leggings-img_00000002.jpg,30,1 0 0 0 0 0 0 ,0 0 1 0 0 0 ,1 0 0 
Rose_Print_Leggings-img_00000040.jpg,30,1 0 0 0 0 0 0 ,0 0 1 0 0 0 ,1 0 0 
Linen_Racerback_Tank-img_00000027.jpg,17,0 0 0 0 0 1 0 ,0 0 1 0 0 0 ,0 0 1 
Mid-Rise_-_Acid_Wash_Jeggings-img_00000012.jpg,27,0 0 0 0 0 1 0 ,1 0 0 0 0 0 ,1 0 0 
Faux_Suede_Moto_Jacket-img_00000002.jpg,11,0 0 0 0 0 1 0 ,0 0 0 1 0 0 ,0 0 1 
Mixed_Stripe_Maxi_Dress-img_00000007.jpg,41,0 0 1 0 0 0 0 ,0 0 1 0 0 0 ,0 0 1 
Desert_Trim_Bomber_Jacket-img_00000026.jpg,11,0 0 0 0 0 1 0 ,0 0 1 0 0 0 ,0 0 1 
Studded_Crepe_Tank-img_00000039.jpg,17,0 0 0 0 0 1 0 ,0 0 1 0 0 0 ,0 0 1 
Crepe_Popover_Blouse-img_00000088.jpg,3,0 0 0 0 0 1 0 ,0 1 0 0 0 0 ,0 0 1 
Textured_Boyfriend_Blazer-img_00000068.jpg,2,0 0 0 0 0 1 0 ,0 0 1 0 0 0 ,0 0 1 
Washed_Terry_Knit_Tee-img_00000017.jpg,18,0 0 0 0 0 1 0 ,0 0 1 0 0 0 ,0 0 1 
Faux-Wrap_Surplice_Dress-img_00000027.jpg,41,0 0 0 0 0 1 0 ,0 1 0 0 0 0 ,0 0 1 
Diamond-Cutout_Maxi_Dress-img_00000009.jpg,41,0 1 0 0 0 0 0 ,0 0 1 0 0 0 ,0 0 1 
Paneled_Stripe_Tank-img_00000016.jpg,17,0 0 0 0 0 1 0 ,0 0 1 0 0 0 ,0 0 1 
Crepe_Pencil_Skirt-img_00000016.jpg,33,0 0 0 0 0 1 0 ,0 0 1 0 0 0 ,0 0 1 
Rose_Print_Maxi_Kimono-img_00000017.jpg,44,1 0 0 0 0 0 0 ,0 0 1 0 0 0 ,0 0 1 
Textured_A-Line_Dress-img_00000038.jpg,41,0 0 0 0 0 1 0 ,0 0 1 0 0 0 ,0 0 1 
Textured_Skater_Dress-img_00000011.jpg,41,0 0 0 0 0 1 0 ,0 0 1 0 0 0 ,0 0 1 
Shaggy_Open-Front_Cardigan-img_00000034.jpg,6,1 0 0 0 0 0 0 ,0 0 0 0 1 0 ,0 0 1 
Polka_Dot_Matelot_Shorts-img_00000002.jpg,32,0 0 0 0 0 1 0 ,0 0 1 0 0 0 ,0 0 1 
Deep_V-Neck_Halter_Dress-img_00000090.jpg,41,0 0 0 0 0 1 0 ,0 1 0 0 0 0 ,0 0 1 
Colorblocked_Hooded_Knit_Henley-img_00000001.jpg,9,0 0 0 0 0 1 0 ,0 0 1 0 0 0 ,0 0 1 
Marled_Knit_Raglan_Sweater-img_00000023.jpg,16,1 0 0 0 0 0 0 ,0 0 0 0 0 1 ,0 0 1 
Tribal_Print_Scuba_Knit_Dress-img_00000016.jpg,41,0 1 0 0 0 0 0 ,0 0 1 0 0 0 ,0 0 1 
Sweet_Love_Skater_Dress-img_00000031.jpg,41,0 1 0 0 0 0 0 ,0 1 0 0 0 0 ,0 0 1 
Caged_Halter_Top-img_00000024.jpg,19,0 0 0 0 0 1 0 ,0 0 1 0 0 0 ,1 0 0 
Classic_Long_Sleeve_Top-img_00000059.jpg,19,0 0 0 0 0 1 0 ,0 0 1 0 0 0 ,1 0 0 
Bon_Voyage_Maxi_Dress-img_00000004.jpg,41,1 0 0 0 0 0 0 ,0 1 0 0 0 0 ,0 1 0 
Zip_Pocket_Blazer-img_00000067.jpg,2,0 0 1 0 0 0 0 ,0 0 1 0 0 0 ,1 0 0 
Tribal_Print_Dolphin_Shorts-img_00000009.jpg,32,0 1 0 0 0 0 0 ,0 0 1 0 0 0 ,0 0 1 
Fringed_Tribal_Pattern_Cardigan-img_00000035.jpg,6,0 1 0 0 0 0 0 ,0 0 0 0 0 1 ,0 1 0 
Striped_Fuzzy_Knit_Sweater-img_00000007.jpg,16,0 0 0 0 0 1 0 ,0 0 0 0 0 1 ,0 0 1 
Ribbed_Knit_Striped_Dress-img_00000020.jpg,41,0 0 1 0 0 0 0 ,0 0 1 0 0 0 ,1 0 0 
Crepe_Shift_Dress-img_00000026.jpg,41,0 0 0 0 0 1 0 ,0 0 1 0 0 0 ,0 0 1 
Medallion_Print_Shorts-img_00000008.jpg,32,0 1 0 0 0 0 0 ,0 0 1 0 0 0 ,0 0 1 
Tweed_Cutaway_Jacket-img_00000046.jpg,11,1 0 0 0 0 0 0 ,0 0 1 0 0 0 ,0 0 1 
Iguana_Print_Tee-img_00000057.jpg,18,0 1 0 0 0 0 0 ,0 0 1 0 0 0 ,0 0 1 
Crochet_Woven_Blouse-img_00000061.jpg,3,0 0 0 1 0 0 0 ,0 0 0 0 0 1 ,0 0 1 
Floral_Print_Shift_Dress-img_00000045.jpg,41,1 0 0 0 0 0 0 ,0 0 1 0 0 0 ,0 0 1 
Collarless_Open-Front_Blazer-img_00000020.jpg,2,0 0 0 0 0 1 0 ,0 0 1 0 0 0 ,0 0 1 
Stretch_Knit_Tank-img_00000024.jpg,17,0 0 0 0 0 1 0 ,0 0 1 0 0 0 ,0 0 1 
Wild_At_Heart_Tee-img_00000007.jpg,18,0 1 0 0 0 0 0 ,0 0 1 0 0 0 ,0 0 1 
Lace-Hem_Floral_PJ_Shorts-img_00000042.jpg,32,0 0 0 0 0 1 0 ,0 1 0 0 0 0 ,0 0 1 
Boxy_Split-Neck_Blouse-img_00000031.jpg,3,0 0 0 0 0 1 0 ,0 0 1 0 0 0 ,0 0 1 
Medallion_Print_Blouse-img_00000088.jpg,3,0 1 0 0 0 0 0 ,0 0 1 0 0 0 ,0 0 1 
Hooded_Varsity_Stripe_Jacket-img_00000052.jpg,11,0 0 0 0 0 1 0 ,0 0 1 0 0 0 ,0 0 1 
The_Beatles_Muscle_Tee-img_00000003.jpg,18,0 1 0 0 0 0 0 ,0 0 1 0 0 0 ,0 0 1 
Box-Pleated_Gingham_Skirt-img_00000040.jpg,33,0 0 0 0 1 0 0 ,0 0 1 0 0 0 ,0 0 1 
V-Neck_Cardigan-img_00000041.jpg,6,0 0 0 0 0 1 0 ,0 0 0 0 0 1 ,0 0 1 
Tribal_Print_Pocket_Dress-img_00000024.jpg,41,0 1 0 0 0 0 0 ,0 0 1 0 0 0 ,0 0 1 
Kimono-Sleeved_Paisley_Blouse-img_00000106.jpg,3,1 0 0 0 0 0 0 ,0 0 1 0 0 0 ,0 0 1 
Space_Dye_Capri_Leggings-img_00000025.jpg,30,1 0 0 0 0 0 0 ,0 0 1 0 0 0 ,1 0 0 
Baroque_Print_Crop_Top-img_00000036.jpg,19,0 0 0 0 0 1 0 ,0 1 0 0 0 0 ,1 0 0 
Tribal_Print_Bodycon_Dress-img_00000020.jpg,41,0 1 0 0 0 0 0 ,0 0 1 0 0 0 ,0 0 1 
Flower_Power_Travel_Poncho-img_00000029.jpg,15,0 1 0 0 0 0 0 ,0 0 1 0 0 0 ,0 1 0 
Dallas_Denim_Jacket-img_00000036.jpg,11,0 1 0 0 0 0 0 ,1 0 0 0 0 0 ,0 0 1 
Floral_Crochet_A-Line_Dress-img_00000020.jpg,41,0 0 0 0 0 1 0 ,0 0 1 0 0 0 ,0 0 1 
Drawstring_Crepe_Shorts-img_00000006.jpg,32,0 0 0 0 0 1 0 ,0 0 1 0 0 0 ,0 0 1 
High-Slit_Maxi_Skirt-img_00000063.jpg,33,0 1 0 0 0 0 0 ,0 0 1 0 0 0 ,0 0 1 
Breton_Stripe_Henley-img_00000040.jpg,9,0 0 1 0 0 0 0 ,0 0 1 0 0 0 ,0 0 1 
Boxy_Polka_Dot_Pocket_Tee-img_00000012.jpg,18,0 0 0 0 0 1 0 ,0 0 1 0 0 0 ,0 0 1 
Tulle_Overlay_Cami_Dress-img_00000008.jpg,41,0 0 0 0 0 1 0 ,0 0 1 0 0 0 ,0 0 1 
Control_Sector_Geo_Colorblocked_Tee-img_00000012.jpg,18,0 0 0 0 0 1 0 ,0 0 1 0 0 0 ,0 0 1 
Cotton_Modal-Blend_Tank-img_00000020.jpg,17,0 0 1 0 0 0 0 ,0 0 1 0 0 0 ,0 0 1 
Cuffed_Lined-Blend_Shorts-img_00000014.jpg,32,0 0 0 0 0 1 0 ,0 0 1 0 0 0 ,0 0 1 
Drawstring_Cargo_Capris-img_00000065.jpg,21,0 0 0 0 0 1 0 ,0 0 1 0 0 0 ,0 0 1 
Striped_Boat_Neck_Sweater-img_00000049.jpg,16,0 0 1 0 0 0 0 ,0 0 1 0 0 0 ,0 1 0 
Fringed_Open-Front_Cardigan-img_00000047.jpg,6,0 0 0 0 0 1 0 ,0 0 1 0 0 0 ,0 1 0 
Classic_Knit_Leggings-img_00000028.jpg,30,0 0 0 0 0 1 0 ,0 0 1 0 0 0 ,1 0 0 
Tasseled_Lace-Up_Sweater-img_00000007.jpg,16,0 0 0 0 0 1 0 ,0 0 0 0 0 1 ,0 0 1 
Dropped-Hem_Lace_Sheath_Dress-img_00000021.jpg,41,0 0 0 1 0 0 0 ,0 1 0 0 0 0 ,0 0 1 
Burnout_Striped_Athletic_Tank-img_00000035.jpg,17,0 0 0 0 0 1 0 ,0 1 0 0 0 0 ,0 0 1 
Creased-Front_Leggings-img_00000041.jpg,30,0 0 0 0 0 1 0 ,0 0 1 0 0 0 ,0 0 1 
Heathered_Tulip-Back_Tank-img_00000020.jpg,17,0 0 0 0 0 1 0 ,0 0 1 0 0 0 ,0 0 1 
Abstract_Dot_Surplice_Top-img_00000026.jpg,19,1 0 0 0 0 0 0 ,0 0 1 0 0 0 ,0 0 1 
Favorite_Mini_Skirt-img_00000052.jpg,33,0 1 0 0 0 0 0 ,0 0 1 0 0 0 ,1 0 0 
Classic_Wash_-_Skinny_Jeans-img_00000039.jpg,26,0 0 0 0 0 1 0 ,1 0 0 0 0 0 ,0 0 1 
Sheer_Back_Tee-img_00000041.jpg,18,0 0 0 0 0 1 0 ,0 0 1 0 0 0 ,0 1 0 
Textured_Bow-Front_Blouse-img_00000076.jpg,3,0 0 0 1 0 0 0 ,0 0 1 0 0 0 ,0 0 1 
Kaleidoscope_Print_Dress-img_00000073.jpg,41,0 1 0 0 0 0 0 ,0 0 1 0 0 0 ,0 0 1 
Soft_Floral_Leggings-img_00000021.jpg,30,1 0 0 0 0 0 0 ,0 0 1 0 0 0 ,1 0 0 
Floral_Foliage_Print_Cardigan-img_00000038.jpg,6,1 0 0 0 0 0 0 ,0 1 0 0 0 0 ,0 1 0 
Speckled_Cotton-Blend_Henley-img_00000039.jpg,9,0 1 0 0 0 0 0 ,0 0 0 0 0 1 ,0 0 1 
Tasseled_Crochet_Shift_Dress-img_00000047.jpg,41,0 0 0 0 0 1 0 ,0 0 1 0 0 0 ,0 0 1 
Ornate_Lace_Romper-img_00000014.jpg,48,0 0 0 0 0 1 0 ,0 0 1 0 0 0 ,0 0 1 
Longline_Sweater-img_00000027.jpg,16,0 1 0 0 0 0 0 ,0 0 0 0 0 1 ,0 0 1 
Trouser_Shorts-img_00000024.jpg,32,0 0 0 0 0 1 0 ,0 0 1 0 0 0 ,0 0 1 
Embroidered_Crepe_Combo_Dress-img_00000002.jpg,41,0 1 0 0 0 0 0 ,0 1 0 0 0 0 ,0 0 1 
Lacy_Cutout_Bodycon_Dress-img_00000015.jpg,41,0 1 0 0 0 0 0 ,0 0 1 0 0 0 ,1 0 0 
Beaded_Ornate_Print_Jumpsuit-img_00000007.jpg,42,0 0 0 0 0 1 0 ,0 1 0 0 0 0 ,0 0 1 
Windowpane_Floral_Crochet_Blouse-img_00000009.jpg,3,0 0 0 1 0 0 0 ,0 0 0 0 0 1 ,0 0 1 
Collarless_Faux_Leather-Sleeve_Blazer-img_00000129.jpg,2,0 0 0 0 0 1 0 ,0 0 1 0 0 0 ,0 0 1 
Gingham-Lined_Pocket_Tee-img_00000006.jpg,18,0 0 0 0 0 1 0 ,0 0 1 0 0 0 ,0 0 1 
Classic_Peplum_Dress-img_00000030.jpg,41,0 0 0 1 0 0 0 ,0 0 1 0 0 0 ,1 0 0 
Paisley-Trimmed_Pocket_Tee-img_00000010.jpg,18,0 0 0 0 0 1 0 ,0 0 1 0 0 0 ,0 0 1 
Leopard_Print_Cami_Dress-img_00000010.jpg,41,0 1 0 0 0 0 0 ,0 0 1 0 0 0 ,0 0 1 
Fringed_Southwestern-Embroidered_Kimono-img_00000015.jpg,44,0 0 0 1 0 0 0 ,0 0 1 0 0 0 ,0 0 1 
Must-Have_Maxi_Dress-img_00000003.jpg,41,0 0 0 0 0 1 0 ,0 1 0 0 0 0 ,0 0 1 
Elephant_Printed_Tank-img_00000033.jpg,17,0 1 0 0 0 0 0 ,0 0 1 0 0 0 ,0 0 1 
Side-Slit_Knit_Sweater-img_00000003.jpg,16,0 0 0 0 0 1 0 ,0 0 1 0 0 0 ,0 0 1 
Embroidered_Racerback_Tank-img_00000033.jpg,17,0 0 0 1 0 0 0 ,0 0 1 0 0 0 ,0 0 1 
Palm_Tree_Print_Shorts-img_00000056.jpg,32,1 0 0 0 0 0 0 ,0 0 1 0 0 0 ,0 0 1 
Stripe_Racerback_Maxi_Dress-img_00000026.jpg,41,0 0 1 0 0 0 0 ,0 0 1 0 0 0 ,1 0 0 
Smocked_Slip_Dress-img_00000051.jpg,41,0 0 0 0 1 0 0 ,0 0 1 0 0 0 ,0 1 0 
Lovely_Lady_Strapless_Dress-img_00000027.jpg,41,0 0 0 1 0 0 0 ,0 1 0 0 0 0 ,0 0 1 
Cutout-Back_Midi_Dress-img_00000014.jpg,41,0 0 0 0 0 1 0 ,0 0 1 0 0 0 ,1 0 0 
High-Neck_Lace_Maxi_Dress-img_00000040.jpg,41,0 0 0 1 0 0 0 ,0 0 1 0 0 0 ,1 0 0 
Floral_Print_Kimono-img_00000029.jpg,44,1 0 0 0 0 0 0 ,0 1 0 0 0 0 ,0 1 0 
Double-Breasted_Blazer-img_00000110.jpg,2,0 0 0 0 0 1 0 ,0 0 1 0 0 0 ,0 0 1 
Buttoned_Floral_Maxi_Dress-img_00000078.jpg,41,1 0 0 0 0 0 0 ,0 0 1 0 0 0 ,0 0 1 
Waffle_Knit_Turtleneck_Sweater-img_00000048.jpg,16,0 0 0 0 0 1 0 ,0 0 1 0 0 0 ,0 0 1 
Floral_Paisley_Crochet_Jacket-img_00000057.jpg,11,0 0 0 1 0 0 0 ,0 0 0 0 0 1 ,0 1 0 
Distressed_For_the_Road_Tee-img_00000041.jpg,18,0 1 0 0 0 0 0 ,0 0 1 0 0 0 ,0 0 1 
Organza-Paneled_Dress-img_00000001.jpg,41,0 0 0 0 0 1 0 ,0 0 1 0 0 0 ,0 0 1 
Meow_Or_Never_Crop_Tee-img_00000005.jpg,18,0 1 0 0 0 0 0 ,0 0 1 0 0 0 ,0 0 1 
Foulard_Print_Tee-img_00000005.jpg,18,1 0 0 0 0 0 0 ,0 0 1 0 0 0 ,0 0 1 
Woven_Chelsea_Collar_Blouse-img_00000034.jpg,3,0 0 0 0 0 1 0 ,0 0 1 0 0 0 ,0 0 1 
Classic_Distressed_Boyfriend_Jeans-img_00000027.jpg,26,0 0 0 0 0 1 0 ,1 0 0 0 0 0 ,0 0 1 
Scuba_Knit_Bomber_Jacket-img_00000009.jpg,11,0 0 0 1 0 0 0 ,0 0 1 0 0 0 ,0 0 1 
Mid-Rise_-_Distressed_Skinny_Jeans-img_00000026.jpg,26,0 0 0 0 0 1 0 ,1 0 0 0 0 0 ,1 0 0 
Be_Seen_Open-Knit_Sweater-img_00000024.jpg,16,0 0 0 0 0 1 0 ,0 0 0 0 0 1 ,0 1 0 
Paisley_Print_Chiffon_Kimono-img_00000022.jpg,44,1 0 0 0 0 0 0 ,0 0 1 0 0 0 ,0 0 1 
Crisscross_Neckline_Peasant_Blouse-img_00000071.jpg,3,0 0 0 1 0 0 0 ,0 0 1 0 0 0 ,0 1 0 
Crochet_Lace_Midi_Skirt-img_00000033.jpg,33,0 0 0 1 0 0 0 ,0 0 0 0 0 1 ,1 0 0 
Corn_Crop_Ringer_Tee-img_00000007.jpg,18,0 1 0 0 0 0 0 ,0 0 1 0 0 0 ,0 0 1 
Heathered_French_Terry_Cardigan-img_00000016.jpg,6,0 0 0 0 0 1 0 ,0 0 1 0 0 0 ,0 0 1 
Crochet_Halter_Dress-img_00000016.jpg,41,0 0 0 1 0 0 0 ,0 0 1 0 0 0 ,0 0 1 
Zippered_Crew_Neck_Sweater-img_00000026.jpg,16,0 0 0 0 0 1 0 ,0 0 0 0 0 1 ,0 0 1 
Mineral_Wash_Pencil_Skirt-img_00000047.jpg,33,0 0 0 0 0 1 0 ,1 0 0 0 0 0 ,1 0 0 
Distressed_Skinny_Jeans-img_00000010.jpg,26,0 0 0 0 0 1 0 ,1 0 0 0 0 0 ,1 0 0 
Distressed_Cropped_Jeans-img_00000065.jpg,26,0 0 0 0 0 1 0 ,1 0 0 0 0 0 ,1 0 0 
Tile_Print_Halter_Maxi_Dress-img_00000010.jpg,41,0 1 0 0 0 0 0 ,0 1 0 0 0 0 ,0 0 1 
Cap-Sleeved_Midi_Dress-img_00000019.jpg,41,0 0 0 0 0 1 0 ,0 0 1 0 0 0 ,1 0 0 
Rolled-Edge_Sweater-img_00000024.jpg,16,0 0 0 0 0 1 0 ,0 0 0 0 0 1 ,0 0 1 
Braided_Halter_Top-img_00000001.jpg,19,0 0 0 0 1 0 0 ,0 0 1 0 0 0 ,0 0 1 
Rose_Print_Halter_Romper-img_00000016.jpg,48,1 0 0 0 0 0 0 ,0 0 1 0 0 0 ,0 0 1 
Sheer-Sleeved_Pleated_Romper-img_00000004.jpg,48,0 0 0 0 0 1 0 ,0 0 1 0 0 0 ,0 0 1 
Crochet-Trimmed_Muscle_Tee-img_00000028.jpg,18,0 0 0 1 0 0 0 ,0 1 0 0 0 0 ,0 0 1 
Cutout_Lace_Cami_Dress-img_00000021.jpg,41,0 0 0 1 0 0 0 ,0 0 0 0 0 1 ,0 0 1 
Drawstring_Palm_Print_Shorts-img_00000010.jpg,32,1 0 0 0 0 0 0 ,0 0 1 0 0 0 ,0 0 1 
Linen_Drawstring_Shorts-img_00000044.jpg,32,0 0 0 0 0 1 0 ,0 0 1 0 0 0 ,0 1 0 
California_Muscle_Tee-img_00000036.jpg,18,0 1 0 0 0 0 0 ,0 0 1 0 0 0 ,0 0 1 
Floral_Cap-Sleeved_Dress-img_00000024.jpg,41,1 0 0 0 0 0 0 ,0 0 1 0 0 0 ,1 0 0 
Ribbed_Knit_Bodycon_Dress-img_00000007.jpg,41,0 0 0 0 0 1 0 ,0 0 1 0 0 0 ,1 0 0 
Button-Down_Denim_Dress-img_00000063.jpg,41,0 0 0 0 0 1 0 ,1 0 0 0 0 0 ,0 0 1 
Polka_Dot_Swim_Trunks-img_00000037.jpg,36,0 1 0 0 0 0 0 ,0 0 1 0 0 0 ,0 0 1 
Split-Back_Pleated_Blouse-img_00000099.jpg,3,0 0 0 0 0 1 0 ,0 0 1 0 0 0 ,0 0 1 
Textured_Knit_Dolman_Cardigan-img_00000018.jpg,6,0 1 0 0 0 0 0 ,0 0 0 0 0 1 ,0 0 1 
Matelot_Denim_Shorts-img_00000009.jpg,32,0 0 0 0 0 1 0 ,1 0 0 0 0 0 ,1 0 0 
Floral_Print_Knit_Tank-img_00000022.jpg,17,1 0 0 0 0 0 0 ,0 0 1 0 0 0 ,0 0 1 
Oversized_Two-Tone_Blazer-img_00000085.jpg,2,0 0 0 0 0 1 0 ,0 0 0 0 1 0 ,0 0 1 
Cotton_V-Neck_Tee-img_00000038.jpg,18,0 0 0 0 0 1 0 ,0 0 1 0 0 0 ,0 0 1 
Collarless_One-Button_Blazer-img_00000041.jpg,2,0 0 0 0 0 1 0 ,0 0 1 0 0 0 ,0 0 1 
Killin_It_Mesh_Tank-img_00000020.jpg,17,0 1 0 0 0 0 0 ,0 0 1 0 0 0 ,0 0 1 
Pleated_Geo_Tea_Dress-img_00000032.jpg,41,1 0 0 0 0 0 0 ,0 0 1 0 0 0 ,0 0 1 
Beaded_Cutout_Top-img_00000011.jpg,19,1 0 0 0 0 0 0 ,0 0 1 0 0 0 ,0 0 1 
Beach_Scene_Tank-img_00000039.jpg,17,0 1 0 0 0 0 0 ,0 0 1 0 0 0 ,0 0 1 
Tropical_Print_Chino_Shorts-img_00000039.jpg,32,0 1 0 0 0 0 0 ,0 0 1 0 0 0 ,0 0 1 
Tasseled_Neckline_Stripe_Blouse-img_00000055.jpg,3,1 0 0 0 0 0 0 ,0 1 0 0 0 0 ,0 1 0 
Polka_Dot_Knit_Pencil_Skirt-img_00000036.jpg,33,0 1 0 0 0 0 0 ,0 0 1 0 0 0 ,0 0 1 
Two-Tone_Chunky_Cardigan-img_00000018.jpg,6,0 0 0 0 0 1 0 ,0 0 0 0 0 1 ,0 0 1 
Beaded_Ornate_Print_Jumpsuit-img_00000028.jpg,42,0 1 0 0 0 0 0 ,0 0 1 0 0 0 ,0 0 1 
Raga_Floral_Print_Maxi_Dress-img_00000052.jpg,41,1 0 0 0 0 0 0 ,0 0 1 0 0 0 ,0 0 1 
Distressed_Denim_Shorts-img_00000022.jpg,32,0 0 0 0 0 1 0 ,1 0 0 0 0 0 ,0 0 1 
Day_Trip_Tribal_Print_Dress-img_00000014.jpg,41,0 1 0 0 0 0 0 ,0 0 1 0 0 0 ,0 0 1 
Chambray-Sleeved_Tee-img_00000063.jpg,18,0 0 0 0 0 1 0 ,1 0 0 0 0 0 ,0 0 1 
Blurred_Floral_Bomber_Jacket-img_00000027.jpg,11,1 0 0 0 0 0 0 ,0 0 1 0 0 0 ,0 0 1 
Cutout_Back_Textured_Romper-img_00000005.jpg,48,0 1 0 0 0 0 0 ,0 0 1 0 0 0 ,1 0 0 
Mesh_Strap_A-Line_Dress-img_00000012.jpg,41,0 1 0 0 0 0 0 ,0 0 1 0 0 0 ,0 0 1 
Caged-Back_Longline_Tank-img_00000016.jpg,17,0 0 0 1 0 0 0 ,0 1 0 0 0 0 ,1 0 0 
Textured_Maxi_Cardigan-img_00000026.jpg,6,0 0 1 0 0 0 0 ,0 0 0 0 0 1 ,0 0 1 
Beaded_Sleeveless_Shift_Dress-img_00000052.jpg,41,0 0 1 0 0 0 0 ,0 0 1 0 0 0 ,0 0 1 
Side-Slit_Midi_Dress-img_00000030.jpg,41,0 0 0 0 0 1 0 ,0 0 1 0 0 0 ,0 0 1 
Boxy_Tank_Top-img_00000030.jpg,19,0 0 0 0 0 1 0 ,0 0 1 0 0 0 ,1 0 0 
Classic_Utility_Jumpsuit-img_00000019.jpg,42,0 0 0 0 0 1 0 ,1 0 0 0 0 0 ,0 0 1 
Striped_Sailor_Shorts-img_00000026.jpg,32,0 0 1 0 0 0 0 ,0 0 1 0 0 0 ,1 0 0 
Dotted_Chiffon_Blouse-img_00000039.jpg,3,0 1 0 0 0 0 0 ,0 0 1 0 0 0 ,0 0 1 
Tasseled_Open-Knit_Cardigan-img_00000006.jpg,6,0 0 1 0 0 0 0 ,0 0 1 0 0 0 ,0 0 1 
Bow_Back_Striped_Top-img_00000029.jpg,19,0 0 1 0 0 0 0 ,0 1 0 0 0 0 ,0 1 0 
Pleated_Chiffon_Maxi_Dress-img_00000038.jpg,41,0 0 0 0 0 1 0 ,0 1 0 0 0 0 ,0 0 1 
Denim_Skater_Skirt-img_00000015.jpg,33,0 0 0 0 0 1 0 ,1 0 0 0 0 0 ,0 0 1 
Patch_Pocket_Denim_Tee-img_00000041.jpg,18,0 0 0 0 0 1 0 ,0 0 1 0 0 0 ,0 0 1 
Striped_Bodycon_Dress-img_00000030.jpg,41,1 0 0 0 0 0 0 ,0 0 1 0 0 0 ,1 0 0 
Neon_Pocket_Tee-img_00000004.jpg,18,0 1 0 0 0 0 0 ,0 0 1 0 0 0 ,0 0 1 
Acid_Wash_Jeggings-img_00000053.jpg,27,0 0 0 0 0 1 0 ,1 0 0 0 0 0 ,1 0 0 
Crochet-Trimmed_Crepe_Tank-img_00000001.jpg,17,0 0 0 0 0 1 0 ,0 0 1 0 0 0 ,0 0 1 
Striped_Pleated_Skirt-img_00000003.jpg,33,0 0 1 0 0 0 0 ,0 0 1 0 0 0 ,0 0 1 
Reason_Faux_Suede_Joggers-img_00000042.jpg,29,0 0 0 0 0 1 0 ,1 0 0 0 0 0 ,0 0 1 
Burnout_Racerback_Tank-img_00000072.jpg,17,0 0 0 1 0 0 0 ,0 1 0 0 0 0 ,1 0 0 
Chiffon_V-Neck_Blouse-img_00000064.jpg,3,0 0 1 0 0 0 0 ,0 1 0 0 0 0 ,0 0 1 
Striped_Muscle_Tee-img_00000001.jpg,18,0 0 1 0 0 0 0 ,0 0 1 0 0 0 ,0 0 1 
Mock_Neck_Velveteen_Dress-img_00000028.jpg,41,0 0 0 0 0 1 0 ,0 0 1 0 0 0 ,1 0 0 
Side-Pocket_Performance_Leggings-img_00000014.jpg,30,0 0 0 0 0 1 0 ,0 0 1 0 0 0 ,1 0 0 
Contrast-Piped_Blouse-img_00000101.jpg,3,0 0 0 0 0 1 0 ,0 0 1 0 0 0 ,0 0 1 
Brooklyn_Nets_Jersey_Tank_Top-img_00000069.jpg,19,0 1 0 0 0 0 0 ,0 1 0 0 0 0 ,0 0 1 
Faux_Leather_Trimmed_Joggers-img_00000037.jpg,29,0 0 0 0 0 1 0 ,0 0 1 0 0 0 ,0 0 1 
Rose_Print_Knit_Tee-img_00000043.jpg,18,0 0 1 0 0 0 0 ,0 0 0 0 0 1 ,0 0 1 
Cotton_Modal-Blend_Tank-img_00000013.jpg,17,0 1 0 0 0 0 0 ,0 0 1 0 0 0 ,0 0 1 
Star-Spangled_Cropped_Tee-img_00000007.jpg,18,1 0 0 0 0 0 0 ,0 0 1 0 0 0 ,0 0 1 
Faux_Leather_Drawstring_Joggers-img_00000023.jpg,29,0 0 0 0 0 1 0 ,0 0 0 1 0 0 ,0 0 1 
Cutout_Workout_Leggings-img_00000050.jpg,30,0 0 0 0 0 1 0 ,0 0 1 0 0 0 ,1 0 0 
Chiffon_Shift_Dress-img_00000020.jpg,41,0 0 0 0 1 0 0 ,0 1 0 0 0 0 ,0 1 0 
Fuzzy_Eyelash_Knit_Sweater-img_00000016.jpg,16,0 0 0 0 0 1 0 ,0 0 0 0 1 0 ,0 0 1 
Floral_Keyhole-Back_Dress-img_00000030.jpg,41,1 0 0 0 0 0 0 ,0 0 1 0 0 0 ,0 0 1 
Drawstring_Denim_Joggers-img_00000018.jpg,29,0 0 0 0 0 1 0 ,1 0 0 0 0 0 ,0 0 1 
Dainty_Lace_Tee-img_00000028.jpg,18,0 0 0 0 0 1 0 ,0 0 1 0 0 0 ,0 0 1 
Knit_Shift_Dress-img_00000079.jpg,41,0 0 0 0 0 1 0 ,0 0 1 0 0 0 ,0 0 1 
Rose_Print_Drawstring_Shorts-img_00000029.jpg,32,0 1 0 0 0 0 0 ,0 0 1 0 0 0 ,0 0 1 
Heathered_Paris_Tee-img_00000009.jpg,18,0 0 0 0 0 1 0 ,0 0 1 0 0 0 ,0 0 1 
Crochet-Paneled_Button-Down_Blouse-img_00000067.jpg,3,0 0 0 0 0 1 0 ,0 0 1 0 0 0 ,0 0 1 
Botanical_Print_Shift_Dress-img_00000056.jpg,41,1 0 0 0 0 0 0 ,0 1 0 0 0 0 ,0 0 1 
Tribal_Pattern_Cardigan-img_00000015.jpg,6,0 1 0 0 0 0 0 ,0 0 0 0 0 1 ,0 0 1 
Cutout_Sunflower_Tank-img_00000028.jpg,17,0 0 0 0 0 1 0 ,0 0 1 0 0 0 ,0 0 1 
Boxy_Tribal_Print_Tank-img_00000001.jpg,17,0 1 0 0 0 0 0 ,0 0 1 0 0 0 ,1 0 0 
Crochet-Paneled_Jumpsuit-img_00000011.jpg,42,0 0 0 1 0 0 0 ,0 0 1 0 0 0 ,0 0 1 
Paint_It_Red_Lace_Midi_Dress-img_00000032.jpg,41,0 0 0 0 0 1 0 ,0 0 1 0 0 0 ,0 0 1 
Get_Over_Graphic_Tee-img_00000047.jpg,18,0 0 0 0 0 1 0 ,0 0 1 0 0 0 ,0 0 1 
Stripe_Trapeze_Dress-img_00000020.jpg,41,0 0 1 0 0 0 0 ,0 0 1 0 0 0 ,0 0 1 
Textured_Fisherman_Sweater-img_00000057.jpg,16,0 0 0 0 0 1 0 ,0 0 0 0 0 1 ,0 0 1 
Kimono-Sleeved_Paisley_Blouse-img_00000089.jpg,3,0 1 0 0 0 0 0 ,0 0 1 0 0 0 ,0 0 1 
Embroidered_Babydoll_Dress-img_00000026.jpg,41,0 0 0 1 0 0 0 ,0 1 0 0 0 0 ,0 0 1 
Textured_High-Neck_Blouse-img_00000061.jpg,3,0 0 0 0 0 1 0 ,0 0 1 0 0 0 ,0 1 0 
Paneled_Knit_Sweatpants-img_00000005.jpg,34,0 0 0 0 0 1 0 ,0 0 1 0 0 0 ,0 0 1 
Tupac_Graphic_Tee-img_00000052.jpg,18,0 1 0 0 0 0 0 ,0 0 1 0 0 0 ,0 0 1 
Embroidered_Mesh_Trapeze_Dress-img_00000032.jpg,41,0 0 0 1 0 0 0 ,0 0 1 0 0 0 ,0 0 1 
Side-Slit_Knit_Sweater-img_00000011.jpg,16,0 0 0 0 0 1 0 ,0 0 0 0 0 1 ,0 0 1 
Abstract_Print_Peasant_Top-img_00000020.jpg,19,1 0 0 0 0 0 0 ,0 1 0 0 0 0 ,0 0 1 
Pleated_A-Line_Dress-img_00000032.jpg,41,0 0 0 0 1 0 0 ,0 1 0 0 0 0 ,0 0 1 
Heathered_Joggers-img_00000005.jpg,29,0 0 0 0 0 1 0 ,0 0 1 0 0 0 ,0 0 1 
Striped_Longline_Baseball_Tee-img_00000015.jpg,18,0 0 1 0 0 0 0 ,0 1 0 0 0 0 ,0 0 1 
Stretch_Denim_Joggers-img_00000036.jpg,29,0 0 0 0 0 1 0 ,1 0 0 0 0 0 ,0 0 1 
Heathered_Seamless_Workout_Leggings-img_00000005.jpg,30,0 1 0 0 0 0 0 ,0 0 1 0 0 0 ,1 0 0 
Mixed_Paisley_Print_Maxi_Skirt-img_00000017.jpg,33,1 0 0 0 0 0 0 ,0 1 0 0 0 0 ,0 0 1 
LA_Longline_Baseball_Tee-img_00000003.jpg,18,0 1 0 0 0 0 0 ,0 0 1 0 0 0 ,0 0 1 
Drawstring_Cami_Jumpsuit-img_00000008.jpg,42,0 0 0 0 0 1 0 ,0 0 1 0 0 0 ,0 0 1 
Open-Back_Blouse-img_00000071.jpg,3,0 0 0 0 0 1 0 ,0 1 0 0 0 0 ,0 0 1 
New_York_Pocket_Tee-img_00000012.jpg,18,0 0 0 0 0 1 0 ,0 0 1 0 0 0 ,0 0 1 
Faux_Suede_Fringe_Jacket-img_00000041.jpg,11,0 0 0 0 0 1 0 ,0 0 1 0 0 0 ,0 0 1 
Abstract_Stripe_Sheath_Dress-img_00000025.jpg,41,1 0 0 0 0 0 0 ,0 1 0 0 0 0 ,1 0 0 
Metallic_Open-Knit_Cardigan-img_00000024.jpg,6,0 0 0 0 0 1 0 ,0 0 0 0 0 1 ,0 0 1 
Basic_Heathered_Tank-img_00000013.jpg,17,0 0 0 0 0 1 0 ,0 0 1 0 0 0 ,1 0 0 
Floral_Print_Smock_Dress-img_00000008.jpg,41,1 0 0 0 0 0 0 ,0 0 1 0 0 0 ,0 0 1 
Southwestern-Patterned_Burnout_Cardigan-img_00000016.jpg,6,0 1 0 0 0 0 0 ,0 1 0 0 0 0 ,0 0 1 
Buttoned_Woven_Joggers-img_00000025.jpg,29,0 1 0 0 0 0 0 ,0 0 1 0 0 0 ,0 0 1 
Tasseled_Neckline_Floral_Blouse-img_00000078.jpg,3,0 0 0 0 0 1 0 ,0 0 1 0 0 0 ,0 0 1 
Classic_Wash_Denim_Skirt-img_00000010.jpg,33,0 0 0 0 0 1 0 ,1 0 0 0 0 0 ,0 0 1 
Heathered_Raglan_Sweater-img_00000032.jpg,16,0 0 0 0 0 1 0 ,0 0 1 0 0 0 ,0 0 1 
Crochet-Trimmed_Abstract_Print_Shorts-img_00000002.jpg,32,0 0 0 0 0 1 0 ,1 0 0 0 0 0 ,0 0 1 
Multi-Tonal_Loose-Knit_Sweater-img_00000025.jpg,16,0 1 0 0 0 0 0 ,0 0 1 0 0 0 ,0 0 1 
Zip_Pocket_Sweatpants-img_00000028.jpg,34,0 0 0 0 0 1 0 ,0 0 1 0 0 0 ,0 0 1 
Destroyed_Pocket_Tee-img_00000056.jpg,18,0 0 0 0 0 1 0 ,0 0 1 0 0 0 ,0 0 1 
Seam-Stitched_Shift_Dress-img_00000008.jpg,41,0 0 0 0 0 1 0 ,0 0 1 0 0 0 ,0 0 1 
Lace_Peplum_Sheath_Dress-img_00000004.jpg,41,0 0 0 1 0 0 0 ,0 0 1 0 0 0 ,0 0 1 
Shop_At_Forever_21_Tee-img_00000025.jpg,18,0 0 0 0 0 1 0 ,0 0 1 0 0 0 ,0 0 1 
Petal-Sleeved_Blouse-img_00000069.jpg,3,1 0 0 0 0 0 0 ,0 0 1 0 0 0 ,0 0 1 
Bleach_Wash_Chambray_Top-img_00000029.jpg,19,0 0 0 0 0 1 0 ,1 0 0 0 0 0 ,0 0 1 
Longline_Button-Front_Skirt-img_00000007.jpg,33,0 0 0 0 0 1 0 ,1 0 0 0 0 0 ,0 0 1 
Floral_Lace-Paneled_Cardigan-img_00000024.jpg,6,1 0 0 0 0 0 0 ,0 0 0 0 0 1 ,0 0 1 
Peter_Pan_Collar_Dress-img_00000009.jpg,41,0 0 0 0 0 1 0 ,0 0 1 0 0 0 ,0 0 1 
High-Neck_Neoprene_Hoodie-img_00000049.jpg,10,0 0 0 0 0 1 0 ,0 0 1 0 0 0 ,0 0 1 
Tasseled_Open-Knit_Cardigan-img_00000046.jpg,6,0 0 0 0 0 1 0 ,0 0 0 0 0 1 ,0 1 0 
Crochet_Racerback_Tank-img_00000029.jpg,17,0 0 0 0 0 1 0 ,0 0 1 0 0 0 ,0 0 1 
Sweetheart_High-Low_Dress-img_00000038.jpg,41,0 0 0 1 0 0 0 ,0 1 0 0 0 0 ,0 0 1 
Belted_Tribal_Print_Maxi_Dress-img_00000047.jpg,41,0 1 0 0 0 0 0 ,0 1 0 0 0 0 ,0 0 1 
Reason_Camo_Joggers-img_00000020.jpg,29,0 1 0 0 0 0 0 ,0 0 1 0 0 0 ,0 0 1 
Belted_Wide-Leg_Jumpsuit-img_00000037.jpg,42,0 0 0 0 0 1 0 ,0 1 0 0 0 0 ,0 0 1 
Tribal_Print_High-Slit_Dress-img_00000005.jpg,41,0 1 0 0 0 0 0 ,0 0 1 0 0 0 ,0 0 1 
Pintucked_Chiffon_Blouse-img_00000072.jpg,3,0 0 0 0 0 1 0 ,0 1 0 0 0 0 ,0 0 1 
Ditsy_Floral_Babydoll_Dress-img_00000026.jpg,41,1 0 0 0 0 0 0 ,0 0 1 0 0 0 ,0 0 1 
LA_Lakers_Graphic_Tee-img_00000039.jpg,18,0 1 0 0 0 0 0 ,0 0 1 0 0 0 ,0 0 1 
Layered_Floral_Print_Romper-img_00000024.jpg,48,1 0 0 0 0 0 0 ,0 0 1 0 0 0 ,0 0 1 
Belted_Lace_Skater_Dress-img_00000059.jpg,41,0 0 0 0 0 1 0 ,0 1 0 0 0 0 ,0 0 1 
Floral_Button-Down_Dress-img_00000032.jpg,41,1 0 0 0 0 0 0 ,0 0 1 0 0 0 ,0 0 1 
Abstract_Print_Cami_Dress-img_00000052.jpg,41,1 0 0 0 0 0 0 ,0 0 1 0 0 0 ,1 0 0 
Get_Cray_Muscle_Tee-img_00000008.jpg,18,0 1 0 0 0 0 0 ,0 0 1 0 0 0 ,0 0 1 
Beaded_Ornate_Print_Jumpsuit-img_00000042.jpg,42,1 0 0 0 0 0 0 ,0 1 0 0 0 0 ,1 0 0 
Broad_Stripe_Knit_Tee-img_00000015.jpg,18,0 0 1 0 0 0 0 ,0 0 1 0 0 0 ,0 1 0 
Chiffon_Surplice_Top-img_00000059.jpg,19,0 0 0 0 0 1 0 ,0 1 0 0 0 0 ,0 0 1 
Everday_V-Neck_Cardigan-img_00000016.jpg,6,0 0 0 0 0 1 0 ,0 0 0 0 0 1 ,0 0 1 
Embroidered_Pintucked_Blouse-img_00000097.jpg,3,0 0 0 0 0 1 0 ,0 1 0 0 0 0 ,0 0 1 
Mixed_Knit_Cowl_Neck_Sweater-img_00000037.jpg,16,0 0 0 0 0 1 0 ,0 0 0 0 0 1 ,0 0 1 
Standout_Mesh-Trimmed_Dress-img_00000011.jpg,41,0 0 0 0 0 1 0 ,0 0 1 0 0 0 ,1 0 0 
Marilyn_Monroe_V-Neck_Tee-img_00000007.jpg,18,0 1 0 0 0 0 0 ,0 0 1 0 0 0 ,0 0 1 
Free_Spirit_Floral_Maxi_Dress-img_00000005.jpg,41,0 0 0 0 0 1 0 ,0 0 1 0 0 0 ,0 0 1 
Boxy_Beaded_Crepe_Top-img_00000041.jpg,19,0 1 0 0 0 0 0 ,0 0 1 0 0 0 ,0 1 0 
Barbie_Kiss_Hoodie-img_00000029.jpg,10,0 1 0 0 0 0 0 ,0 0 1 0 0 0 ,0 0 1 
Crochet-Embroidered_Chiffon_Dress-img_00000011.jpg,41,0 0 0 1 0 0 0 ,0 1 0 0 0 0 ,0 0 1 
Faux_Leather-Sleeve_Marled_Jacket-img_00000032.jpg,11,0 0 0 0 0 1 0 ,0 0 1 0 0 0 ,0 0 1 
Classic_Thermal_Top-img_00000006.jpg,19,0 0 0 0 0 1 0 ,0 0 0 0 0 1 ,0 0 1 
Abstract_Brushstroke_Pocket_Top-img_00000001.jpg,19,1 0 0 0 0 0 0 ,0 0 1 0 0 0 ,0 0 1 
Dainty_Floral_Skirt-img_00000018.jpg,33,0 0 0 0 0 1 0 ,1 0 0 0 0 0 ,0 0 1 
Love_Hate_Tee-img_00000067.jpg,18,0 1 0 0 0 0 0 ,0 0 1 0 0 0 ,0 0 1 
Mock_Neck_Tee-img_00000068.jpg,18,0 0 0 0 0 1 0 ,0 0 1 0 0 0 ,0 0 1 
Ikat_Print_Chiffon_Blouse-img_00000036.jpg,3,0 0 0 0 0 1 0 ,0 1 0 0 0 0 ,0 0 1 
Chevron_Open-Knit_Sweater-img_00000036.jpg,16,0 0 1 0 0 0 0 ,0 0 0 0 0 1 ,0 0 1 
Mandarin_Collar_Pocket_Blouse-img_00000059.jpg,3,0 0 0 0 0 1 0 ,0 0 1 0 0 0 ,0 0 1 
Woven_Running_Shorts-img_00000057.jpg,32,0 0 0 0 0 1 0 ,0 0 1 0 0 0 ,0 0 1 
Buttoned_Collarless_Blouse-img_00000112.jpg,3,0 0 0 0 0 1 0 ,0 0 1 0 0 0 ,0 0 1 
Abstract_Chevron_Draped_Dress-img_00000023.jpg,41,1 0 0 0 0 0 0 ,0 0 1 0 0 0 ,1 0 0 
Halter_Maxi_Dress-img_00000069.jpg,41,0 1 0 0 0 0 0 ,0 0 1 0 0 0 ,0 0 1 
Cami_Crop_Top-img_00000048.jpg,19,0 0 0 1 0 0 0 ,0 1 0 0 0 0 ,0 0 1 
Crochet_Overlay_Skater_Dress-img_00000024.jpg,41,0 0 0 1 0 0 0 ,0 0 0 0 0 1 ,0 0 1 
Ruffled_Lace-Up_Blouse-img_00000097.jpg,3,0 0 0 0 0 1 0 ,0 0 1 0 0 0 ,0 0 1 
Tie-Front_Striped_Tee-img_00000016.jpg,18,0 0 1 0 0 0 0 ,0 0 1 0 0 0 ,0 0 1 
Crochet-Trimmed_Floral_Romper-img_00000002.jpg,48,1 0 0 0 0 0 0 ,0 0 1 0 0 0 ,0 0 1 
Lily_Print_Dress-img_00000011.jpg,41,1 0 0 0 0 0 0 ,0 0 1 0 0 0 ,0 0 1 
Colorblocked_Open-Front_Cardigan-img_00000009.jpg,6,0 0 0 0 0 1 0 ,0 0 1 0 0 0 ,0 0 1 
Bleached_Denim_Joggers-img_00000015.jpg,29,1 0 0 0 0 0 0 ,1 0 0 0 0 0 ,0 0 1 
Sleeveless_Classic_Woven_Blouse-img_00000093.jpg,3,0 1 0 0 0 0 0 ,0 0 1 0 0 0 ,0 0 1 
Chic_High-Waisted_Jeggings-img_00000070.jpg,27,0 0 0 0 0 1 0 ,1 0 0 0 0 0 ,1 0 0 
Tri-Stripe_Slim-Leg_Chinos-img_00000013.jpg,22,0 0 0 0 0 1 0 ,0 0 1 0 0 0 ,0 0 1 
Heathered_Knit_V-Neck_Tee-img_00000029.jpg,18,0 0 0 0 0 1 0 ,0 0 1 0 0 0 ,0 0 1 
Button-Down_Plaid_Flannel-img_00000066.jpg,7,0 0 0 0 0 0 1 ,0 0 1 0 0 0 ,0 0 1 
Ribbed_Knit_Cardigan-img_00000002.jpg,6,0 0 0 1 0 0 0 ,0 0 0 0 0 1 ,0 0 1 
Off-the-Shoulder_Maxi_Dress-img_00000041.jpg,41,0 0 0 0 1 0 0 ,0 1 0 0 0 0 ,0 0 1 
Pinstriped_Shirt_Dress-img_00000013.jpg,41,0 0 1 0 0 0 0 ,0 0 1 0 0 0 ,0 0 1 
Embroidered_Split_Neck_Peasant_Blouse-img_00000044.jpg,3,1 0 0 0 0 0 0 ,0 0 1 0 0 0 ,0 0 1 
Striped_Faux_Leather_Shorts-img_00000039.jpg,32,0 0 0 0 0 1 0 ,0 0 1 0 0 0 ,0 0 1 
Embellished_Cutout-Back_Dress-img_00000042.jpg,41,0 0 0 0 0 1 0 ,0 0 1 0 0 0 ,1 0 0 
Boxy_Chiffon_Top-img_00000001.jpg,19,0 0 0 0 0 1 0 ,0 0 1 0 0 0 ,0 1 0 
Bell-Sleeved_Floral_Print_Romper-img_00000014.jpg,48,1 0 0 0 0 0 0 ,0 1 0 0 0 0 ,0 0 1 
Paisley_Cami_Maxi_Dress-img_00000001.jpg,41,1 0 0 0 0 0 0 ,0 0 1 0 0 0 ,0 0 1 
Belted_Maxi_Dress-img_00000045.jpg,41,0 0 0 0 0 1 0 ,0 1 0 0 0 0 ,0 0 1 
Longline_Denim_Jacket-img_00000015.jpg,11,0 1 0 0 0 0 0 ,1 0 0 0 0 0 ,0 0 1 
Crisscross-Back_Gaucho_Jumpsuit-img_00000011.jpg,42,0 1 0 0 0 0 0 ,0 0 1 0 0 0 ,0 1 0 
Scoop_Neck_Slub_Knit_Tee-img_00000003.jpg,18,0 0 0 0 0 1 0 ,0 0 1 0 0 0 ,0 0 1 
Micro-Striped_Suit_Jacket-img_00000013.jpg,11,0 0 0 0 0 1 0 ,0 0 1 0 0 0 ,0 0 1 
Open-Back_Blouse-img_00000039.jpg,3,0 0 0 0 0 1 0 ,0 0 1 0 0 0 ,0 0 1 
Baroque_Pattern_Skater_Skirt-img_00000029.jpg,33,0 0 0 0 0 1 0 ,0 0 1 0 0 0 ,0 0 1 
Tailored_Woven_Blazer-img_00000068.jpg,2,0 0 0 0 0 1 0 ,0 0 1 0 0 0 ,0 0 1 
Floral_Button-Front_Dress-img_00000053.jpg,41,1 0 0 0 0 0 0 ,0 0 1 0 0 0 ,0 0 1 
Tweed-Paneled_Sheath_Dress-img_00000028.jpg,41,0 0 0 0 0 1 0 ,0 0 1 0 0 0 ,0 0 1 
Longline_Crochet_Cardigan-img_00000001.jpg,6,0 0 0 1 0 0 0 ,0 0 0 0 0 1 ,0 0 1 
The_Beatles_Muscle_Tee-img_00000044.jpg,18,0 1 0 0 0 0 0 ,0 0 1 0 0 0 ,0 0 1 
Zip_Collar_Bomber-img_00000036.jpg,4,0 0 0 0 0 1 0 ,0 0 0 1 0 0 ,0 0 1 
Caged-Back_Chiffon_Jumpsuit-img_00000030.jpg,42,0 0 0 0 0 1 0 ,0 1 0 0 0 0 ,0 0 1 
Floral_Bodycon_Dress-img_00000023.jpg,41,1 0 0 0 0 0 0 ,0 0 1 0 0 0 ,1 0 0 
Front-Slit_Pleated_Shift_Dress-img_00000022.jpg,41,0 0 0 0 0 1 0 ,0 0 1 0 0 0 ,0 0 1 
Braided_Halter_Top-img_00000014.jpg,19,0 0 0 0 0 1 0 ,0 0 1 0 0 0 ,0 0 1 
Lace_Mini_Skirt-img_00000055.jpg,33,0 0 0 1 0 0 0 ,0 0 1 0 0 0 ,0 0 1 
Zippered_Knit_Dress-img_00000017.jpg,41,0 0 0 0 0 1 0 ,0 0 1 0 0 0 ,0 0 1 
Heathered_Maxi_Cardigan-img_00000012.jpg,6,0 0 0 0 0 1 0 ,0 0 1 0 0 0 ,0 0 1 
Waffle-Textured_Moto_Jacket-img_00000019.jpg,11,0 0 0 0 0 1 0 ,0 0 1 0 0 0 ,0 0 1 
Embroidered_Lace-Paneled_Maxi_Dress-img_00000022.jpg,41,0 0 0 1 0 0 0 ,0 1 0 0 0 0 ,0 0 1 
Knit_Trapeze_Dress-img_00000001.jpg,41,0 0 0 0 0 1 0 ,0 0 1 0 0 0 ,0 1 0 
Pintucked_Chiffon_Blouse-img_00000054.jpg,3,0 1 0 0 0 0 0 ,0 1 0 0 0 0 ,0 0 1 
Striped_Knit_Tee-img_00000021.jpg,18,0 0 0 0 0 1 0 ,0 0 1 0 0 0 ,0 0 1 
Striped_Topstitched_Drop-Sleeve_Sweater-img_00000017.jpg,16,0 0 0 1 0 0 0 ,0 0 0 0 0 1 ,0 0 1 
Heart_Muscle_Tee-img_00000008.jpg,18,0 1 0 0 0 0 0 ,0 0 1 0 0 0 ,0 0 1 
Collarless_Faux_Leather-Sleeve_Blazer-img_00000057.jpg,2,0 1 0 0 0 0 0 ,0 0 0 0 1 0 ,0 0 1 
Varsity_Joggers-img_00000015.jpg,29,0 0 0 0 0 1 0 ,0 0 1 0 0 0 ,0 0 1 
Abstract_Tribal_Print_Tank-img_00000028.jpg,17,1 0 0 0 0 0 0 ,0 1 0 0 0 0 ,0 0 1 
Textured_Crepe_Maxi_Dress-img_00000060.jpg,41,0 0 0 0 0 1 0 ,0 0 1 0 0 0 ,0 0 1 
Buttoned_Denim_Skirt-img_00000043.jpg,33,0 0 0 0 0 1 0 ,1 0 0 0 0 0 ,0 0 1 
Embroidered_Sweetheart_Dress-img_00000007.jpg,41,0 0 0 1 0 0 0 ,0 1 0 0 0 0 ,0 0 1 
Pleated_Woven_Dress-img_00000056.jpg,41,0 0 0 0 1 0 0 ,0 0 1 0 0 0 ,0 0 1 
Faux_Leather_Bomber_Jacket-img_00000005.jpg,11,0 0 0 0 0 1 0 ,0 0 0 1 0 0 ,0 0 1 
Draped_Surplice_Blouse-img_00000070.jpg,3,0 0 1 0 0 0 0 ,0 0 1 0 0 0 ,0 0 1 
City_of_NY_Tank-img_00000063.jpg,17,1 0 0 0 0 0 0 ,0 0 1 0 0 0 ,0 0 1 
Longline_Crepe_Blouse-img_00000049.jpg,3,0 0 0 0 0 1 0 ,0 0 1 0 0 0 ,0 0 1 
Southwestern_Print_Henley_Hoodie-img_00000013.jpg,10,1 0 0 0 0 0 0 ,0 0 1 0 0 0 ,0 0 1 
Abstract_Paint_Splatter_Blouse-img_00000006.jpg,3,0 1 0 0 0 0 0 ,0 0 1 0 0 0 ,0 0 1 
Embroidered_Shift_Dress-img_00000042.jpg,41,0 0 0 0 0 1 0 ,0 0 1 0 0 0 ,0 0 1 
Striped_Tee_Shirt_Dress-img_00000072.jpg,41,0 0 1 0 0 0 0 ,0 0 1 0 0 0 ,0 0 1 
Sheer_Back_Tee-img_00000029.jpg,18,0 0 0 0 0 1 0 ,0 0 1 0 0 0 ,0 0 1 
Abstract_Skort_Romper-img_00000010.jpg,48,1 0 0 0 0 0 0 ,0 0 1 0 0 0 ,0 0 1 
Pintucked_Gingham_Dress-img_00000004.jpg,41,0 0 0 0 0 1 0 ,0 0 1 0 0 0 ,0 0 1 
Crochet-Trimmed_Flounce_Jumpsuit-img_00000002.jpg,42,0 0 0 0 0 1 0 ,0 1 0 0 0 0 ,0 0 1 
Kaleidoscope_Print_Dress-img_00000020.jpg,41,1 0 0 0 0 0 0 ,0 0 1 0 0 0 ,0 0 1 
Checkered_Leggings-img_00000027.jpg,30,0 0 0 0 0 0 1 ,0 0 1 0 0 0 ,1 0 0 
Reason_Tie-Dye_Sweatpants-img_00000033.jpg,34,0 0 0 0 0 1 0 ,0 0 1 0 0 0 ,1 0 0 
Pleated_Floral_Lace_Dress-img_00000050.jpg,41,0 0 0 1 0 0 0 ,0 1 0 0 0 0 ,0 0 1 
High-Waisted_Woven_Shorts-img_00000053.jpg,32,1 0 0 0 0 0 0 ,0 0 1 0 0 0 ,0 0 1 
Tulip_Hem_Tie-Dye_Dress-img_00000015.jpg,41,1 0 0 0 0 0 0 ,0 0 1 0 0 0 ,0 0 1 
Longline_Crepe_Blouse-img_00000107.jpg,3,0 0 0 0 0 1 0 ,0 0 1 0 0 0 ,0 0 1 
Eyelash_Lace_Sheath_Dress-img_00000063.jpg,41,0 0 0 1 0 0 0 ,0 1 0 0 0 0 ,0 1 0 
Striped_Midi_Skirt-img_00000003.jpg,33,0 0 1 0 0 0 0 ,0 0 1 0 0 0 ,1 0 0 
Low-Rise_-_Classic_Skinny_Jeans-img_00000023.jpg,26,0 0 1 0 0 0 0 ,0 0 1 0 0 0 ,0 0 1 
Diamond_Print_Halter_Cami_Dress-img_00000020.jpg,41,1 0 0 0 0 0 0 ,0 0 1 0 0 0 ,0 0 1 
Distressed_Skinny_Jeans-img_00000043.jpg,26,0 0 0 0 0 1 0 ,1 0 0 0 0 0 ,1 0 0 
Textured_High-Waisted_Shorts-img_00000053.jpg,32,0 0 0 0 0 1 0 ,0 0 1 0 0 0 ,0 0 1 
Tribal_Print_Strapless_Jumpsuit-img_00000018.jpg,42,0 1 0 0 0 0 0 ,0 0 1 0 0 0 ,0 0 1 
Flounced_Floral_Dress-img_00000003.jpg,41,1 0 0 0 0 0 0 ,0 1 0 0 0 0 ,0 0 1 
Crochet_Lace-Trimmed_Sweater-img_00000003.jpg,16,0 0 0 0 0 1 0 ,0 0 0 0 0 1 ,0 0 1 
Boho_Babe_Crop_Top-img_00000020.jpg,19,0 0 0 0 0 1 0 ,0 1 0 0 0 0 ,1 0 0 
NYC_Graphic_Tee-img_00000042.jpg,18,0 1 0 0 0 0 0 ,0 0 1 0 0 0 ,0 0 1 
Paisley_Crochet_Skirt-img_00000019.jpg,33,0 0 0 0 0 1 0 ,0 0 1 0 0 0 ,0 0 1 
Tie-Dye_Longline_Cardigan-img_00000048.jpg,6,0 0 1 0 0 0 0 ,0 0 1 0 0 0 ,0 1 0 
Pintucked_Button-Down_Blouse-img_00000070.jpg,3,0 0 0 0 0 1 0 ,0 0 0 1 0 0 ,0 0 1 
Lace_Collar_Shift_Dress-img_00000060.jpg,41,0 0 0 0 0 1 0 ,0 0 1 0 0 0 ,0 0 1 
Burnout_Velvet_Fringe_Kimono-img_00000023.jpg,44,0 0 0 1 0 0 0 ,0 1 0 0 0 0 ,0 1 0 
Bejeweled_Chiffon_Surplice_Romper-img_00000016.jpg,48,1 0 0 0 0 0 0 ,0 1 0 0 0 0 ,0 0 1 
Abstract_Print_Tulip-Front_Shorts-img_00000026.jpg,32,1 0 0 0 0 0 0 ,0 1 0 0 0 0 ,0 0 1 
Smocked_Rose_Print_Dress-img_00000057.jpg,41,0 0 0 0 0 1 0 ,0 1 0 0 0 0 ,0 0 1 
Woven_Chelsea_Collar_Blouse-img_00000042.jpg,3,0 0 0 0 0 1 0 ,0 0 1 0 0 0 ,0 0 1 
Metallic_Slip_Dress-img_00000042.jpg,41,0 0 0 0 0 1 0 ,0 1 0 0 0 0 ,1 0 0 
Striped_Denim_Shorts-img_00000041.jpg,32,0 0 1 0 0 0 0 ,0 0 1 0 0 0 ,0 0 1 
Striped_Sheath_Dress-img_00000009.jpg,41,0 0 1 0 0 0 0 ,0 0 1 0 0 0 ,1 0 0 
Classic_Distressed_Boyfriend_Jeans-img_00000033.jpg,26,0 0 0 0 0 1 0 ,1 0 0 0 0 0 ,0 0 1 
My_Girls_Tank-img_00000026.jpg,17,0 0 0 0 0 1 0 ,0 0 1 0 0 0 ,0 0 1 
Fair_Isle_V-Neck_Poncho-img_00000015.jpg,15,0 0 1 0 0 0 0 ,0 0 0 0 0 1 ,0 1 0 
Corduroy_Hooded_Parka-img_00000060.jpg,13,0 0 0 0 0 1 0 ,0 0 1 0 0 0 ,0 0 1 
Ruffled_Floral_Chiffon_Blouse-img_00000061.jpg,3,1 0 0 0 0 0 0 ,0 0 1 0 0 0 ,0 0 1 
Bodycon_Faux_Wrap_Dress-img_00000048.jpg,41,0 0 0 0 0 1 0 ,0 0 1 0 0 0 ,0 0 1 
Brooklyn_Nets_Logo_Sweatpants-img_00000023.jpg,34,0 1 0 0 0 0 0 ,0 0 1 0 0 0 ,0 1 0 
Boxy_Cropped_Top-img_00000046.jpg,19,0 0 0 0 0 1 0 ,0 0 1 0 0 0 ,1 0 0 
Lace_Insert_Bodycon_Dress-img_00000058.jpg,41,0 0 0 0 0 1 0 ,0 0 1 0 0 0 ,0 0 1 
Chiffon_Maxi_Dress-img_00000043.jpg,41,0 0 0 0 1 0 0 ,0 1 0 0 0 0 ,0 0 1 
Floral_Lace_A-Line_Dress-img_00000036.jpg,41,0 0 0 1 0 0 0 ,0 0 0 0 0 1 ,0 0 1 
Box_Pleat_A-Line_Skirt-img_00000011.jpg,33,0 0 0 0 1 0 0 ,0 0 1 0 0 0 ,0 0 1 
Abstract_Print_Drawstring_Shorts-img_00000019.jpg,32,1 0 0 0 0 0 0 ,0 1 0 0 0 0 ,0 0 1 
On_The_Range_T-Shirt_Dress-img_00000015.jpg,41,0 0 0 0 0 1 0 ,0 0 1 0 0 0 ,0 0 1 
Pleated_Floral_Lace_Dress-img_00000001.jpg,41,0 0 0 1 0 0 0 ,0 0 1 0 0 0 ,0 0 1 
Pleated_Floral_Print_Shorts-img_00000043.jpg,32,1 0 0 0 0 0 0 ,0 0 1 0 0 0 ,0 0 1 
Knit_Crossback_Tee-img_00000030.jpg,18,0 1 0 0 0 0 0 ,0 0 1 0 0 0 ,0 0 1 
Geo_Print_Romper-img_00000013.jpg,48,0 1 0 0 0 0 0 ,0 0 1 0 0 0 ,0 0 1 
Everyday_Skinny_Jeans-img_00000007.jpg,26,0 0 0 0 0 1 0 ,0 0 1 0 0 0 ,1 0 0 
Smocked_Ruffle-Trim_Shorts-img_00000020.jpg,32,0 1 0 0 0 0 0 ,0 0 1 0 0 0 ,1 0 0 
Lace_Insert_Bodycon_Dress-img_00000069.jpg,41,0 0 0 1 0 0 0 ,0 0 1 0 0 0 ,1 0 0 
Sleek_One-Shoulder_Dress-img_00000067.jpg,41,0 0 0 0 0 1 0 ,0 1 0 0 0 0 ,0 0 1 
Ruffled_Tie-Neck_Blouse-img_00000084.jpg,3,0 0 0 0 0 1 0 ,0 1 0 0 0 0 ,0 0 1 
Tie-Dye_Fringe_Tank-img_00000050.jpg,17,1 0 0 0 0 0 0 ,0 0 1 0 0 0 ,0 0 1 
Garfield_and_Odie_Marled_Muscle_Tee-img_00000011.jpg,18,0 1 0 0 0 0 0 ,0 0 1 0 0 0 ,0 0 1 
Clustered_Floral_Heathered_Tee-img_00000027.jpg,18,1 0 0 0 0 0 0 ,0 0 1 0 0 0 ,0 0 1 
Floral_Crochet_Overlay_Dress-img_00000042.jpg,41,0 0 0 1 0 0 0 ,0 1 0 0 0 0 ,0 0 1 
Baroque_Print_Maxi_Dress-img_00000019.jpg,41,1 0 0 0 0 0 0 ,0 0 1 0 0 0 ,0 0 1 
Pleated_Chiffon_Skirt-img_00000053.jpg,33,0 0 0 0 0 1 0 ,0 1 0 0 0 0 ,0 0 1 
Destroyed_Pocket_Tee-img_00000037.jpg,18,0 0 0 0 0 1 0 ,0 0 1 0 0 0 ,0 0 1 
Mesh-Paneled_Skater_Dress-img_00000004.jpg,41,0 0 0 0 1 0 0 ,0 0 1 0 0 0 ,0 0 1 
Crochet-Trimmed_PJ_Romper-img_00000030.jpg,48,0 0 0 1 0 0 0 ,0 1 0 0 0 0 ,0 0 1 
Long_Crew_Neck_Tee-img_00000026.jpg,18,0 0 0 0 0 1 0 ,0 0 1 0 0 0 ,0 0 1 
Classic_Long_Sleeve_Top-img_00000028.jpg,19,0 1 0 0 0 0 0 ,0 0 1 0 0 0 ,0 1 0 
Rose_Print_Crepe_Dress-img_00000002.jpg,41,1 0 0 0 0 0 0 ,0 0 1 0 0 0 ,0 0 1 
Lace-Paneled_Romper-img_00000025.jpg,48,0 0 0 0 0 1 0 ,0 0 1 0 0 0 ,0 0 1 
Open-Back_Jumpsuit-img_00000077.jpg,42,0 0 0 0 0 1 0 ,0 1 0 0 0 0 ,0 0 1 
Tropical_Print_Shorts-img_00000017.jpg,32,0 1 0 0 0 0 0 ,0 0 1 0 0 0 ,0 0 1 
Classic_Denim_Shorts-img_00000020.jpg,32,0 0 0 0 0 1 0 ,1 0 0 0 0 0 ,0 0 1 
Abstract_Animal_Print_Dress-img_00000022.jpg,41,1 0 0 0 0 0 0 ,0 0 1 0 0 0 ,0 1 0 
Nautical-Striped_Cotton_Tee-img_00000032.jpg,18,0 0 1 0 0 0 0 ,0 0 1 0 0 0 ,1 0 0 
Mineral_Wash_Ribbed_Tank-img_00000001.jpg,17,0 0 0 0 0 1 0 ,0 0 1 0 0 0 ,0 0 1 
Abstract_Satin-Front_Top-img_00000017.jpg,19,1 0 0 0 0 0 0 ,0 0 1 0 0 0 ,0 0 1 
Abstract_Print_Pleated_Dress-img_00000052.jpg,41,0 1 0 0 0 0 0 ,0 1 0 0 0 0 ,1 0 0 
Cap-Sleeved_Midi_Dress-img_00000008.jpg,41,0 0 0 0 0 1 0 ,0 0 1 0 0 0 ,1 0 0 
Cuffed_Knit_Blazer-img_00000012.jpg,2,0 0 0 0 0 0 1 ,0 0 1 0 0 0 ,0 0 1 
Classic_Utility_Jumpsuit-img_00000012.jpg,42,0 0 0 0 0 1 0 ,0 0 1 0 0 0 ,0 0 1 
Knit_Bandage_Skirt-img_00000016.jpg,33,0 0 0 0 0 1 0 ,0 0 1 0 0 0 ,1 0 0 
Low-Rise_Skinny_Jeans-img_00000062.jpg,26,0 0 0 0 0 1 0 ,1 0 0 0 0 0 ,0 0 1 
Heathered_Stripe-Pocket_Tank-img_00000010.jpg,17,0 0 1 0 0 0 0 ,0 0 1 0 0 0 ,0 0 1 
Marled_Cable_Knit_Sweater-img_00000013.jpg,16,1 0 0 0 0 0 0 ,0 0 0 0 0 1 ,0 0 1 
Chiffon_Plaid_Blouse-img_00000002.jpg,3,0 0 0 0 0 0 1 ,0 0 1 0 0 0 ,0 1 0 
Believe_Racerback_Tank-img_00000050.jpg,17,0 1 0 0 0 0 0 ,0 0 1 0 0 0 ,0 0 1 
Stripe_Print_Belted_Dress-img_00000028.jpg,41,0 0 1 0 0 0 0 ,0 0 1 0 0 0 ,0 0 1 
Sheer_Embroidered_Tank-img_00000010.jpg,17,0 0 0 1 0 0 0 ,0 1 0 0 0 0 ,0 0 1 
Abstract_Print_Peasant_Top-img_00000004.jpg,19,1 0 0 0 0 0 0 ,0 1 0 0 0 0 ,0 0 1 
Tribal_Print_Cutout_Back_Dress-img_00000026.jpg,41,0 1 0 0 0 0 0 ,0 0 1 0 0 0 ,0 0 1 
Striped_Shawl_Collar_Cardigan-img_00000068.jpg,6,0 0 1 0 0 0 0 ,0 0 0 0 0 1 ,0 0 1 
Lace_Paneled_Shift_Dress-img_00000051.jpg,41,0 0 0 1 0 0 0 ,0 0 1 0 0 0 ,0 0 1 
Damask_Patterned_Mini_Dress-img_00000046.jpg,41,0 1 0 0 0 0 0 ,0 1 0 0 0 0 ,1 0 0 
Diamond_Print_Chiffon_Blouse-img_00000051.jpg,3,1 0 0 0 0 0 0 ,0 1 0 0 0 0 ,0 0 1 
Abstract_Tile_Print_Dress-img_00000007.jpg,41,1 0 0 0 0 0 0 ,0 1 0 0 0 0 ,0 0 1 
Popcorn_Knit_Cardigan-img_00000034.jpg,6,0 0 1 0 0 0 0 ,0 0 0 0 0 1 ,0 0 1 
V-Neck_Striped_Midi_Dress-img_00000001.jpg,41,0 1 0 0 0 0 0 ,0 0 1 0 0 0 ,1 0 0 
Faux_Leather_Pencil_Skirt-img_00000026.jpg,33,0 0 0 0 0 1 0 ,0 0 0 1 0 0 ,1 0 0 
Knit_Chambray_Dolphin_Shorts-img_00000014.jpg,32,0 0 0 0 0 1 0 ,1 0 0 0 0 0 ,0 0 1 
Open-Front_Pointelle_Cardigan-img_00000001.jpg,6,0 0 0 1 0 0 0 ,0 0 0 0 0 1 ,0 1 0 
Tulip_Front_Blazer-img_00000078.jpg,2,0 0 0 0 0 1 0 ,0 0 1 0 0 0 ,0 0 1 
I_Need_Coffee_Tee-img_00000069.jpg,18,0 1 0 0 0 0 0 ,0 0 1 0 0 0 ,0 0 1 
Beaded_Laser-Cut_Blouse-img_00000108.jpg,3,0 0 0 0 0 1 0 ,0 0 1 0 0 0 ,0 0 1 
Open-Front_Crepe_Jacket-img_00000009.jpg,11,0 0 0 0 0 1 0 ,0 0 1 0 0 0 ,0 0 1 
Floral_Print_Maxi_Dress-img_00000015.jpg,41,1 0 0 0 0 0 0 ,0 0 1 0 0 0 ,0 0 1 
Sheer_Polka_Dot_Skirt-img_00000062.jpg,33,0 0 0 0 0 1 0 ,0 0 0 1 0 0 ,0 0 1 
Diamond_Print_Chiffon_Cardigan-img_00000049.jpg,6,0 1 0 0 0 0 0 ,0 0 1 0 0 0 ,0 0 1 
Textured_Polka_Dot_Shorts-img_00000013.jpg,32,0 1 0 0 0 0 0 ,0 0 1 0 0 0 ,1 0 0 
Heathered_Yoga_Shorts-img_00000002.jpg,32,0 1 0 0 0 0 0 ,0 0 1 0 0 0 ,0 0 1 
Striped_Midi_Skirt-img_00000050.jpg,33,0 0 1 0 0 0 0 ,0 0 1 0 0 0 ,0 0 1 
Eagles_Graphic_Muscle_Tee-img_00000007.jpg,18,0 1 0 0 0 0 0 ,0 0 1 0 0 0 ,0 0 1 
Crochet_Maxi_Cardigan-img_00000045.jpg,6,0 0 0 0 0 1 0 ,0 0 0 0 0 1 ,0 0 1 
Slub_Knit_Baseball_Tee-img_00000008.jpg,18,0 0 0 0 0 1 0 ,0 0 1 0 0 0 ,0 0 1 
Varsity_Joggers-img_00000023.jpg,29,0 0 0 0 0 1 0 ,0 0 1 0 0 0 ,0 0 1 
Lace-Paneled_Crepe_Dress-img_00000019.jpg,41,0 0 0 0 0 1 0 ,0 0 1 0 0 0 ,1 0 0 
Tie-Dye_Midi_Dress-img_00000064.jpg,41,1 0 0 0 0 0 0 ,0 0 1 0 0 0 ,1 0 0 
Floral_Knit_Skater_Dress-img_00000067.jpg,41,1 0 0 0 0 0 0 ,0 0 1 0 0 0 ,0 0 1 
Heathered_Knit_Sweatpants-img_00000025.jpg,34,0 0 0 0 0 1 0 ,0 0 1 0 0 0 ,0 0 1 
Tie-Dye_Crochet_Maxi_Dress-img_00000074.jpg,41,0 0 0 1 0 0 0 ,0 0 0 0 0 1 ,0 0 1 
Watercolor_Print_Linen_Tee-img_00000020.jpg,18,1 0 0 0 0 0 0 ,0 0 1 0 0 0 ,0 0 1 
Lace_Overlay_Dress-img_00000049.jpg,41,0 0 0 1 0 0 0 ,0 1 0 0 0 0 ,1 0 0 
Hooded_Drape_Cardigan-img_00000054.jpg,6,0 0 0 0 0 1 0 ,0 0 1 0 0 0 ,0 0 1 
Cloud_Wash_Skinny_Jeans-img_00000020.jpg,26,0 0 0 0 0 1 0 ,1 0 0 0 0 0 ,1 0 0 
Drawstring_Waist_Maxi_Dress-img_00000017.jpg,41,0 0 1 0 0 0 0 ,0 0 1 0 0 0 ,0 0 1 
Mesh-Pocket_Sweatshorts-img_00000035.jpg,35,0 1 0 0 0 0 0 ,0 0 1 0 0 0 ,0 1 0 
Stretch-Knit_Pencil_Skirt-img_00000005.jpg,33,0 0 0 0 0 1 0 ,0 0 1 0 0 0 ,1 0 0 
Boxy_Utility_Jacket-img_00000063.jpg,11,0 0 0 0 1 0 0 ,0 0 1 0 0 0 ,0 0 1 
Twill_Dolphin_Shorts-img_00000031.jpg,32,0 0 0 0 0 1 0 ,0 0 1 0 0 0 ,0 0 1 
Grumpy_Cat_Graphic_Tee-img_00000026.jpg,18,0 1 0 0 0 0 0 ,0 0 1 0 0 0 ,0 0 1 
Cap-Sleeved_Midi_Dress-img_00000066.jpg,41,1 0 0 0 0 0 0 ,0 0 1 0 0 0 ,1 0 0 
Sweetheart_High-Low_Dress-img_00000093.jpg,41,0 0 0 0 0 1 0 ,0 1 0 0 0 0 ,0 0 1 
Sunburst_Crochet_Fringe_Tank-img_00000036.jpg,17,0 0 0 1 0 0 0 ,0 0 1 0 0 0 ,0 0 1 
Crochet-Paneled_Jumpsuit-img_00000012.jpg,42,0 0 0 0 0 1 0 ,0 0 1 0 0 0 ,0 0 1 
Iguana_Print_Tee-img_00000049.jpg,18,0 1 0 0 0 0 0 ,0 0 1 0 0 0 ,0 0 1 
Ikat_Print_Leggings-img_00000048.jpg,30,0 1 0 0 0 0 0 ,0 0 1 0 0 0 ,1 0 0 
Boxy_Denim_Crop_Top-img_00000024.jpg,19,0 0 0 0 0 1 0 ,0 0 1 0 0 0 ,1 0 0 
Zip-Up_Puffer_Jacket-img_00000008.jpg,11,0 0 0 0 0 1 0 ,0 0 1 0 0 0 ,0 0 1 
Strapless_Paisley_Print_Jumpsuit-img_00000032.jpg,42,0 1 0 0 0 0 0 ,0 0 1 0 0 0 ,0 0 1 
Southwestern-Patterned_Shorts-img_00000038.jpg,32,0 0 0 0 0 1 0 ,0 0 1 0 0 0 ,1 0 0 
Abstract_Geo_V-Neck_Top-img_00000006.jpg,19,1 0 0 0 0 0 0 ,0 1 0 0 0 0 ,0 0 1 
Faux_Leather_Shorts-img_00000071.jpg,32,0 0 0 0 0 1 0 ,0 0 0 1 0 0 ,1 0 0 
Cuffed_Herringbone_Shorts-img_00000016.jpg,32,0 0 0 0 0 1 0 ,0 0 1 0 0 0 ,0 0 1 
Striped_Slub_Knit_Tee-img_00000030.jpg,18,0 0 1 0 0 0 0 ,0 0 1 0 0 0 ,0 0 1 
Floral-Embroidered_Romper-img_00000044.jpg,48,0 0 0 1 0 0 0 ,0 0 1 0 0 0 ,0 0 1 
Abstract_Print_Colorblock_Top-img_00000003.jpg,19,0 1 0 0 0 0 0 ,0 0 1 0 0 0 ,0 0 1 
Performance_Shorts-img_00000032.jpg,32,0 0 0 0 0 1 0 ,0 0 1 0 0 0 ,0 0 1 
Colorblocked_Track_Jacket-img_00000062.jpg,11,0 1 0 0 0 0 0 ,0 0 1 0 0 0 ,0 0 1 
Floral_Raglan_Sweater-img_00000038.jpg,16,1 0 0 0 0 0 0 ,0 0 0 0 0 1 ,0 0 1 
Luxe-Printed_Workout_Leggings-img_00000014.jpg,30,1 0 0 0 0 0 0 ,0 0 1 0 0 0 ,1 0 0 
Textured_Open_Front_Blazer-img_00000031.jpg,2,0 0 0 0 0 1 0 ,0 0 1 0 0 0 ,0 0 1 
Barbie_Perfect_Tee-img_00000033.jpg,18,0 1 0 0 0 0 0 ,0 0 1 0 0 0 ,0 1 0 
Fluted_Floral_Print_Dress-img_00000060.jpg,41,1 0 0 0 0 0 0 ,0 0 1 0 0 0 ,0 0 1 
Keyhole_Abstract_Print_Blouse-img_00000064.jpg,3,0 0 1 0 0 0 0 ,0 0 1 0 0 0 ,0 0 1 
Miami_Heat_Graphic_Tank-img_00000022.jpg,17,0 1 0 0 0 0 0 ,0 0 1 0 0 0 ,0 0 1 
Mesh_Maxi_Dress-img_00000062.jpg,41,0 0 0 0 0 1 0 ,0 1 0 0 0 0 ,1 0 0 
Pleated_Floral_Print_Shorts-img_00000024.jpg,32,0 0 0 0 0 1 0 ,0 0 1 0 0 0 ,0 0 1 
Textured_Cutout_Jumpsuit-img_00000042.jpg,42,0 0 0 1 0 0 0 ,0 1 0 0 0 0 ,0 0 1 
Zippered_Woven_Joggers-img_00000003.jpg,29,0 1 0 0 0 0 0 ,0 0 1 0 0 0 ,0 0 1 
Boat_Neck_Heathered_Top-img_00000029.jpg,19,0 0 1 0 0 0 0 ,0 1 0 0 0 0 ,0 0 1 
Draped_Longline_Cardigan-img_00000021.jpg,6,0 1 0 0 0 0 0 ,0 0 1 0 0 0 ,0 0 1 
Favorite_Ankle_Leggings-img_00000064.jpg,30,0 0 0 0 0 1 0 ,0 0 1 0 0 0 ,1 0 0 
Drop-Sleeve_Knit_Tee-img_00000031.jpg,18,0 0 0 0 0 1 0 ,0 0 1 0 0 0 ,0 0 1 
Faux_Leather_Hooded_Jacket-img_00000070.jpg,11,0 0 0 0 0 1 0 ,0 0 0 1 0 0 ,0 0 1 
Tropical_Floral_Print_Dress-img_00000025.jpg,41,1 0 0 0 0 0 0 ,0 0 1 0 0 0 ,0 0 1 
Marled_Stripe_Cardigan-img_00000006.jpg,6,0 0 0 0 0 1 0 ,0 0 1 0 0 0 ,0 0 1 
Textured_Knit_Open-Front_Cardigan-img_00000032.jpg,6,0 0 0 0 0 1 0 ,0 0 0 0 0 1 ,0 0 1 
Strappy_V-Neck_Jumpsuit-img_00000007.jpg,42,0 0 0 0 1 0 0 ,0 1 0 0 0 0 ,0 0 1 
Textured_Crosshatch_Dolman_Tee-img_00000020.jpg,18,0 0 0 0 0 1 0 ,0 0 1 0 0 0 ,0 0 1 
Smocked_Bandana_Print_Skirt-img_00000006.jpg,33,1 0 0 0 0 0 0 ,0 0 1 0 0 0 ,0 0 1 
Tasseled_Neckline_Floral_Blouse-img_00000081.jpg,3,1 0 0 0 0 0 0 ,0 0 1 0 0 0 ,0 0 1 
Abstract-Stripe_Fuzzy_Sweater-img_00000008.jpg,16,0 0 0 0 0 1 0 ,0 0 0 0 0 1 ,0 0 1 
Classic_Slub_Jersey_Tank-img_00000003.jpg,17,0 0 0 0 0 1 0 ,0 0 1 0 0 0 ,0 0 1 
Knife-Pleated_Denim_Shorts-img_00000033.jpg,32,0 0 0 0 0 1 0 ,1 0 0 0 0 0 ,1 0 0 
Abstract_Varsity-Striped_Top-img_00000021.jpg,19,0 0 1 0 0 0 0 ,0 0 1 0 0 0 ,0 0 1 
Single-Button_Blazer-img_00000054.jpg,2,0 0 0 0 0 1 0 ,0 0 1 0 0 0 ,1 0 0 
Mandarin_Collar_Blouse-img_00000072.jpg,3,0 0 0 0 0 1 0 ,0 0 1 0 0 0 ,0 0 1 
Marled_Knit_Tee-img_00000010.jpg,18,1 0 0 0 0 0 0 ,0 0 1 0 0 0 ,0 0 1 
Collarless_Faux_Leather-Sleeve_Blazer-img_00000095.jpg,2,0 0 0 0 0 1 0 ,0 0 0 0 1 0 ,0 0 1 
Hooded_Loose-Knit_Cardigan-img_00000025.jpg,6,0 0 0 0 0 1 0 ,0 0 0 0 0 1 ,0 0 1 
Paisley_Print_Denim_Jumpsuit-img_00000033.jpg,42,0 1 0 0 0 0 0 ,0 0 1 0 0 0 ,0 0 1 
Boxy_Eyelash_Lace_Top-img_00000027.jpg,19,0 0 0 1 0 0 0 ,0 1 0 0 0 0 ,0 0 1 
Abstract_Stripe_Joggers-img_00000020.jpg,29,1 0 0 0 0 0 0 ,0 0 1 0 0 0 ,0 0 1 
Tribal_Print_Shorts-img_00000052.jpg,32,0 1 0 0 0 0 0 ,0 0 1 0 0 0 ,0 0 1 
Daisy_Print_Blouse-img_00000129.jpg,3,1 0 0 0 0 0 0 ,0 0 1 0 0 0 ,0 0 1 
Stripe_Print_Surplice_Blouse-img_00000081.jpg,3,0 0 0 0 0 1 0 ,0 0 1 0 0 0 ,0 0 1 
Cuffed_High-Waist_Shorts-img_00000056.jpg,32,0 0 0 0 0 1 0 ,1 0 0 0 0 0 ,1 0 0 
Leaf_Print_Tank-img_00000010.jpg,17,1 0 0 0 0 0 0 ,0 0 1 0 0 0 ,0 0 1 
Marled_Knit_Sweatpants-img_00000010.jpg,34,1 0 0 0 0 0 0 ,0 0 1 0 0 0 ,1 0 0 
Striped_T-Back_Maxi_Dress-img_00000043.jpg,41,0 0 1 0 0 0 0 ,0 0 1 0 0 0 ,0 0 1 
Tie-Dye_Print_Romper-img_00000047.jpg,48,1 0 0 0 0 0 0 ,0 0 1 0 0 0 ,0 0 1 
Textured_Floral_Skater_Dress-img_00000043.jpg,41,1 0 0 0 0 0 0 ,0 0 1 0 0 0 ,0 0 1 
Linen_Overall_Dress-img_00000079.jpg,41,0 0 0 0 0 1 0 ,0 0 1 0 0 0 ,0 0 1 
Shirred_Chiffon_Dress-img_00000084.jpg,41,0 0 0 0 0 1 0 ,0 1 0 0 0 0 ,0 0 1 
Collarless_Woven_Blazer-img_00000062.jpg,2,0 0 0 0 0 1 0 ,0 0 1 0 0 0 ,0 0 1 
Open-Knit_Fisherman_Sweater-img_00000033.jpg,16,0 0 0 0 0 1 0 ,0 0 0 0 0 1 ,0 0 1 
Low-Rise_Ankle_Jeans-img_00000028.jpg,26,0 0 0 0 0 1 0 ,1 0 0 0 0 0 ,1 0 0 
Longline_Raw-Cut_Hoodie-img_00000021.jpg,10,0 0 0 0 0 1 0 ,0 0 1 0 0 0 ,0 0 1 
Lemon_Print_Shorts-img_00000052.jpg,32,1 0 0 0 0 0 0 ,0 0 1 0 0 0 ,0 0 1 
Shirred_Floral-Embroidered_Blouse-img_00000115.jpg,3,0 1 0 0 0 0 0 ,0 0 1 0 0 0 ,0 0 1 
Abstract_Slub_Knit_Top-img_00000001.jpg,19,1 0 0 0 0 0 0 ,0 0 1 0 0 0 ,0 0 1 
Hooded_Varsity_Jacket-img_00000077.jpg,11,0 1 0 0 0 0 0 ,0 0 1 0 0 0 ,0 0 1 
Button-Front_Blazer-img_00000120.jpg,2,0 0 0 0 0 1 0 ,0 0 1 0 0 0 ,1 0 0 
Cropped_Double-Racer_Tank-img_00000010.jpg,17,0 0 0 0 0 1 0 ,0 0 1 0 0 0 ,1 0 0 
Tie-Dye_Cami_Dress-img_00000013.jpg,41,1 0 0 0 0 0 0 ,0 0 1 0 0 0 ,0 0 1 
Scuba_Knit_Sheath_Dress-img_00000031.jpg,41,0 1 0 0 0 0 0 ,0 0 1 0 0 0 ,1 0 0 
Stretch_Knit_Tank-img_00000025.jpg,17,0 0 0 0 0 1 0 ,0 0 0 0 0 1 ,0 0 1 
Boxy_Wide_Neck_Tee-img_00000026.jpg,18,0 1 0 0 0 0 0 ,0 0 1 0 0 0 ,0 0 1 
Striped_Knit_Skater_Dress-img_00000053.jpg,41,0 0 1 0 0 0 0 ,0 0 1 0 0 0 ,0 0 1 
Chambray_Jumpsuit-img_00000055.jpg,42,0 0 0 0 0 1 0 ,0 0 1 0 0 0 ,0 0 1 
High-Slit_Midi_Dress-img_00000014.jpg,41,0 0 0 0 0 1 0 ,0 0 1 0 0 0 ,1 0 0 
Braided_T-Back_Tank-img_00000052.jpg,17,0 1 0 0 0 0 0 ,0 0 1 0 0 0 ,0 0 1 
Star_Print_T-Shirt_Dress-img_00000011.jpg,41,0 1 0 0 0 0 0 ,0 0 1 0 0 0 ,1 0 0 
Striped_Henley-img_00000041.jpg,9,0 0 1 0 0 0 0 ,0 0 1 0 0 0 ,0 0 1 
Abstract_Dotted_Dress-img_00000052.jpg,41,1 0 0 0 0 0 0 ,0 0 1 0 0 0 ,0 0 1 
Three-Button_Flat_Collar_Blouse-img_00000094.jpg,3,0 1 0 0 0 0 0 ,0 0 1 0 0 0 ,0 0 1 
City_of_Lights_Hoodie-img_00000004.jpg,10,0 1 0 0 0 0 0 ,0 0 1 0 0 0 ,0 0 1 
Embroidered_Peasant_Blouse-img_00000098.jpg,3,0 0 0 1 0 0 0 ,0 1 0 0 0 0 ,0 0 1 
Surplice_Woven_Jumpsuit-img_00000032.jpg,42,1 0 0 0 0 0 0 ,0 0 1 0 0 0 ,0 0 1 
Everlasting_Love_Lace_Dress-img_00000027.jpg,41,0 0 0 1 0 0 0 ,0 0 1 0 0 0 ,0 0 1 
Striped_Cap-Sleeve_Tee-img_00000049.jpg,18,0 0 1 0 0 0 0 ,0 0 1 0 0 0 ,0 0 1 
Classic_Split-Neck_Blouse-img_00000008.jpg,3,0 0 0 0 0 1 0 ,0 0 1 0 0 0 ,0 0 1 
Striped_Stretch-Knit_Tee-img_00000010.jpg,18,0 0 0 0 0 1 0 ,0 0 1 0 0 0 ,0 0 1 
Knit_Crew_Neck_Sweater-img_00000046.jpg,16,0 0 0 0 0 1 0 ,0 0 0 0 0 1 ,0 0 1 
Favorite_Capri_Leggings-img_00000037.jpg,30,0 0 0 0 0 1 0 ,0 0 1 0 0 0 ,1 0 0 
Heathered_Stripe_Romper-img_00000001.jpg,48,0 0 1 0 0 0 0 ,0 0 1 0 0 0 ,0 0 1 
Linen_Pocket_Tee-img_00000032.jpg,18,0 0 0 0 0 1 0 ,0 0 1 0 0 0 ,0 0 1 
Tie-Dye_Cutout_Tee-img_00000019.jpg,18,1 0 0 0 0 0 0 ,0 0 1 0 0 0 ,0 0 1 
Contrast-Trimmed_Drawstring_Sweatshorts-img_00000016.jpg,35,0 0 0 0 0 1 0 ,0 0 1 0 0 0 ,1 0 0 
Classic_Mid-Rise_Shorts-img_00000035.jpg,32,0 0 0 0 0 1 0 ,0 0 1 0 0 0 ,0 1 0 
Tribal_Print_Peasant_Blouse-img_00000006.jpg,3,0 1 0 0 0 0 0 ,0 1 0 0 0 0 ,0 0 1 
Classic_Knit_Top-img_00000021.jpg,19,0 0 0 0 0 1 0 ,0 0 1 0 0 0 ,0 1 0 
Faux_Fur_Collar_Coat-img_00000042.jpg,39,0 0 0 0 0 1 0 ,0 0 1 0 0 0 ,0 0 1 
Mesh_Paneled_Tank-img_00000012.jpg,17,0 0 0 0 0 1 0 ,0 0 1 0 0 0 ,1 0 0 
Heathered_Drawstring_Sweatpants-img_00000034.jpg,34,0 0 1 0 0 0 0 ,0 0 1 0 0 0 ,0 0 1 
Colorblock_Cutout_Jumpsuit-img_00000035.jpg,42,0 0 0 0 0 1 0 ,0 0 1 0 0 0 ,0 0 1 
Leaf_Print_Blouse-img_00000081.jpg,3,0 1 0 0 0 0 0 ,0 1 0 0 0 0 ,0 1 0 
Marble_Print_Tee-img_00000024.jpg,18,1 0 0 0 0 0 0 ,0 0 1 0 0 0 ,0 0 1 
Contrast_Drawstring_Denim_Shorts-img_00000015.jpg,32,0 0 0 0 0 1 0 ,0 0 1 0 0 0 ,0 0 1 
Ditsy_Floral_Print_Leggings-img_00000010.jpg,30,1 0 0 0 0 0 0 ,0 0 1 0 0 0 ,1 0 0 
Rose_Print_Surplice_Dress-img_00000018.jpg,41,0 1 0 0 0 0 0 ,0 0 1 0 0 0 ,0 0 1 
Paisley_Rose_Print_Dress-img_00000008.jpg,41,0 1 0 0 0 0 0 ,0 0 1 0 0 0 ,1 0 0 
Belted_Crop_Top-img_00000011.jpg,19,0 0 0 0 0 1 0 ,0 1 0 0 0 0 ,0 0 1 
Civil_Longline_Mesh_Tee-img_00000023.jpg,18,0 0 0 0 0 1 0 ,0 0 1 0 0 0 ,0 0 1 
Floral_Faux_Leather_Applique_Dress-img_00000022.jpg,41,0 0 0 1 0 0 0 ,0 1 0 0 0 0 ,0 0 1 
Faux_Leather_Bomber_Jacket-img_00000053.jpg,11,0 0 0 0 0 1 0 ,0 0 0 1 0 0 ,0 0 1 
Longline_Side-Slit_Blazer-img_00000047.jpg,2,1 0 0 0 0 0 0 ,0 0 1 0 0 0 ,0 0 1 
Striped_Shaggy_Knit_Sweater-img_00000015.jpg,16,0 0 0 0 0 1 0 ,0 0 0 0 1 0 ,0 0 1 
Burnout_Striped_Athletic_Tank-img_00000009.jpg,17,0 0 1 0 0 0 0 ,0 0 1 0 0 0 ,1 0 0 
Daisy_Shift_Dress-img_00000034.jpg,41,0 0 0 1 0 0 0 ,0 0 0 0 0 1 ,0 0 1 
Diamond_Cutout_Sheath_Dress-img_00000063.jpg,41,0 0 0 0 0 1 0 ,0 0 1 0 0 0 ,0 0 1 
Flowy_Embroidered_Midi_Dress-img_00000005.jpg,41,0 1 0 0 0 0 0 ,0 0 1 0 0 0 ,0 0 1 
Burnout_Geo_Pattern_Top-img_00000001.jpg,19,0 0 1 0 0 0 0 ,0 0 1 0 0 0 ,1 0 0 
Asymmetric_Zip-Front_Cardigan-img_00000038.jpg,6,0 0 0 0 0 1 0 ,0 0 1 0 0 0 ,0 0 1 
Longline_Floral_Lace_Cardigan-img_00000009.jpg,6,0 0 0 1 0 0 0 ,0 1 0 0 0 0 ,0 0 1 
Mixed_Prints_Maxi_Dress-img_00000009.jpg,41,0 1 0 0 0 0 0 ,0 0 1 0 0 0 ,0 0 1 
Textured_Open-Knit_Sweater-img_00000033.jpg,16,0 0 0 0 0 1 0 ,0 0 0 0 0 1 ,0 0 1 
Belted_Floral_Print_Dress-img_00000041.jpg,41,1 0 0 0 0 0 0 ,0 0 1 0 0 0 ,0 0 1 
Striped_Baseball_Tee-img_00000008.jpg,18,0 0 1 0 0 0 0 ,0 0 1 0 0 0 ,0 0 1 
Cable_Knit_Cardigan-img_00000072.jpg,6,0 0 0 0 0 1 0 ,0 0 0 0 0 1 ,0 1 0 
Basic_Bodycon_Dress-img_00000061.jpg,41,0 0 0 0 0 1 0 ,0 1 0 0 0 0 ,1 0 0 
Faux_Leather_Shawl_Collar_Blazer-img_00000046.jpg,2,0 0 0 0 0 1 0 ,0 0 1 0 0 0 ,0 0 1 
Belted_Wide-Leg_Jumpsuit-img_00000010.jpg,42,0 0 0 0 0 1 0 ,0 1 0 0 0 0 ,0 0 1 
Ditsy_Floral_A-Line_Dress-img_00000047.jpg,41,1 0 0 0 0 0 0 ,0 0 1 0 0 0 ,0 0 1 
Varsity-Striped_Baseball_Tee-img_00000011.jpg,18,0 1 0 0 0 0 0 ,0 0 1 0 0 0 ,0 0 1 
Plaid_Pocket_Tee-img_00000038.jpg,18,0 0 0 0 0 1 0 ,0 0 1 0 0 0 ,0 0 1 
Faux_Leather_Biker_Jacket-img_00000060.jpg,11,0 0 0 0 0 1 0 ,0 0 0 1 0 0 ,0 0 1 
Acid_Wash_Distressed_Jeans-img_00000036.jpg,26,1 0 0 0 0 0 0 ,1 0 0 0 0 0 ,1 0 0 
Mineral_Wash_Denim_Shorts-img_00000017.jpg,32,0 0 0 0 0 1 0 ,1 0 0 0 0 0 ,1 0 0 
Denim_Cami_Dress-img_00000002.jpg,41,0 0 0 0 0 1 0 ,0 0 1 0 0 0 ,0 0 1 
Embroidered_Gauze_Maxi_Dress-img_00000017.jpg,41,0 0 0 0 0 1 0 ,0 1 0 0 0 0 ,0 0 1 
Dip-Dye_Sweater-img_00000028.jpg,16,0 0 0 0 0 1 0 ,0 0 1 0 0 0 ,0 0 1 
Control_Sector_Reversible_Drawstring_Shorts-img_00000027.jpg,32,0 0 0 0 0 1 0 ,1 0 0 0 0 0 ,0 0 1 
Cable_Knit_Sweater-img_00000071.jpg,16,0 0 0 0 0 1 0 ,0 0 0 0 0 1 ,0 0 1 
Waldo_Graphic_Tee-img_00000001.jpg,18,0 0 1 0 0 0 0 ,0 0 1 0 0 0 ,0 0 1 
Side-Knot_Muscle_Tee-img_00000050.jpg,18,0 1 0 0 0 0 0 ,0 0 1 0 0 0 ,0 0 1 
Crocheted_Tie-Dye_Maxi_Skirt-img_00000048.jpg,33,1 0 0 0 0 0 0 ,0 0 1 0 0 0 ,0 0 1 
Draped_Open-Front_Cardigan-img_00000040.jpg,6,0 0 0 0 0 1 0 ,0 0 1 0 0 0 ,0 0 1 
Eyelash_Lace_Maxi_Skirt-img_00000017.jpg,33,0 0 0 1 0 0 0 ,0 1 0 0 0 0 ,0 0 1 
Longline_Draped_Open-Front_Jacket-img_00000027.jpg,11,0 0 0 0 0 1 0 ,0 0 1 0 0 0 ,0 0 1 
Unstructured_Cargo_Shorts-img_00000008.jpg,32,0 1 0 0 0 0 0 ,0 0 1 0 0 0 ,0 0 1 
Faux_Wrap_Heathered_Sheath_Dress-img_00000038.jpg,41,0 0 0 0 0 1 0 ,0 0 1 0 0 0 ,0 0 1 
Strappy_V-Neck_Jumpsuit-img_00000025.jpg,42,0 0 0 0 0 1 0 ,0 0 1 0 0 0 ,0 0 1 
Mineral_Wash_High-Rise_Skinny_Jeans-img_00000054.jpg,26,1 0 0 0 0 0 0 ,1 0 0 0 0 0 ,1 0 0 
Darling_Dots_Denim_Shorts-img_00000010.jpg,32,0 1 0 0 0 0 0 ,0 0 1 0 0 0 ,0 0 1 
Tasseled_Crochet_Shift_Dress-img_00000011.jpg,41,0 0 0 1 0 0 0 ,0 1 0 0 0 0 ,0 0 1 
Faux_Gem_Shift_Dress-img_00000041.jpg,41,0 0 0 0 0 1 0 ,0 0 1 0 0 0 ,0 1 0 
Striped_Joggers-img_00000053.jpg,29,0 1 0 0 0 0 0 ,0 0 1 0 0 0 ,0 0 1 
Tropical_Print_Tank-img_00000013.jpg,17,0 0 0 0 0 1 0 ,1 0 0 0 0 0 ,0 0 1 
Striped_A-Line_Skirt-img_00000070.jpg,33,0 0 0 0 0 1 0 ,0 0 1 0 0 0 ,0 0 1 
Crochet-Trimmed_Blouse-img_00000039.jpg,3,0 0 0 0 0 1 0 ,0 0 1 0 0 0 ,0 0 1 
Longline_Rose_Print_Cardigan-img_00000019.jpg,6,0 0 0 0 0 1 0 ,0 0 1 0 0 0 ,0 0 1 
Watercolor_Paneled_Sweater-img_00000006.jpg,16,0 0 0 0 0 1 0 ,0 0 1 0 0 0 ,0 0 1 
Basic_Tank-img_00000036.jpg,17,0 0 0 0 0 1 0 ,0 0 1 0 0 0 ,0 0 1 
Crepe_Henley_Blouse-img_00000035.jpg,3,0 0 0 0 0 1 0 ,0 0 1 0 0 0 ,0 0 1 
Painted_Floral_Maxi_Dress-img_00000011.jpg,41,1 0 0 0 0 0 0 ,0 0 1 0 0 0 ,0 0 1 
Collared_Crossover_Sweater_Coat-img_00000016.jpg,39,0 0 1 0 0 0 0 ,0 0 0 0 0 1 ,0 0 1 
Posh_Tube_Dress-img_00000041.jpg,41,0 0 0 0 0 1 0 ,0 0 1 0 0 0 ,1 0 0 
Crepe_Henley_Blouse-img_00000027.jpg,3,0 0 0 0 0 1 0 ,0 0 1 0 0 0 ,0 0 1 
Boxy_Multi-Striped_Tee-img_00000026.jpg,18,0 0 1 0 0 0 0 ,0 0 1 0 0 0 ,0 0 1 
Brushstroke_Stripe_Deep-V_Jumpsuit-img_00000048.jpg,42,0 1 0 0 0 0 0 ,0 0 1 0 0 0 ,1 0 0 
High-Slit_Dropped_Hem_Tee-img_00000028.jpg,18,0 0 0 0 0 1 0 ,0 0 1 0 0 0 ,1 0 0 
Ribbed_Side_Slit_Dress-img_00000003.jpg,41,0 1 0 0 0 0 0 ,0 0 1 0 0 0 ,0 0 1 
Boxy_Plaid_Flannel-img_00000057.jpg,7,0 0 0 0 0 0 1 ,0 0 1 0 0 0 ,0 0 1 
Faux_Fur-Lined_Parka-img_00000058.jpg,13,0 0 0 0 0 1 0 ,0 0 1 0 0 0 ,0 0 1 
Windowpane_Print_Blouse-img_00000039.jpg,3,0 0 0 0 0 0 1 ,0 0 1 0 0 0 ,0 0 1 
Longline_Split-Back_Tee-img_00000031.jpg,18,0 0 0 0 0 1 0 ,0 0 1 0 0 0 ,0 0 1 
Oversized_Open-Front_Blazer-img_00000022.jpg,2,0 1 0 0 0 0 0 ,0 0 1 0 0 0 ,0 0 1 
Caged-Side_Cami_Romper-img_00000008.jpg,48,0 0 0 0 0 1 0 ,0 0 1 0 0 0 ,1 0 0 
High-Slit_Layered_Tank_Dress-img_00000024.jpg,41,0 0 1 0 0 0 0 ,0 0 1 0 0 0 ,0 0 1 
Paisley_Print_Shorts-img_00000041.jpg,32,0 1 0 0 0 0 0 ,0 0 1 0 0 0 ,0 0 1 
French_Terry_Tee-img_00000002.jpg,18,0 0 0 0 0 1 0 ,0 0 1 0 0 0 ,0 0 1 
Embroidered_Organza_Skirt-img_00000028.jpg,33,0 0 0 1 0 0 0 ,0 1 0 0 0 0 ,0 0 1 
Palm_Springs_Muscle_Tee-img_00000012.jpg,18,0 1 0 0 0 0 0 ,0 0 1 0 0 0 ,0 0 1 
Sheer_Moments_Cropped_Tank-img_00000025.jpg,17,0 0 0 0 0 1 0 ,0 0 1 0 0 0 ,1 0 0 
Embroidered_Floral_Pattern_Blouse-img_00000013.jpg,3,0 0 0 1 0 0 0 ,0 1 0 0 0 0 ,0 1 0 
Eyelash_Lace-Paneled_Romper-img_00000011.jpg,48,0 0 0 1 0 0 0 ,0 1 0 0 0 0 ,0 0 1 
Woven_Chelsea_Collar_Blouse-img_00000038.jpg,3,0 0 0 0 0 0 1 ,0 0 1 0 0 0 ,0 0 1 
Textured_Faux_Fur_Coat-img_00000033.jpg,39,0 0 0 0 0 1 0 ,0 0 0 0 1 0 ,0 0 1 
For_You_Graphic_Tee-img_00000001.jpg,18,0 1 0 0 0 0 0 ,0 0 1 0 0 0 ,0 0 1 
Butterfly_Print_Maxi_Dress-img_00000084.jpg,41,0 1 0 0 0 0 0 ,0 1 0 0 0 0 ,0 0 1 
Boxy_Crepe_Romper-img_00000031.jpg,48,0 0 0 0 0 1 0 ,0 0 1 0 0 0 ,0 0 1 
Tropical_Print_Bodycon_Dress-img_00000057.jpg,41,1 0 0 0 0 0 0 ,0 0 1 0 0 0 ,1 0 0 
Cable_Knit_Cardigan-img_00000025.jpg,6,0 0 0 0 0 1 0 ,0 0 0 0 0 1 ,0 0 1 
Civil_Regime_Tropical_Print_Jersey-img_00000012.jpg,12,1 0 0 0 0 0 0 ,0 0 1 0 0 0 ,0 0 1 
Zippered-Ankle_Skinny_Jeans-img_00000031.jpg,26,0 0 0 0 0 1 0 ,1 0 0 0 0 0 ,1 0 0 
Boxy_Raglan_Sweater-img_00000070.jpg,16,0 0 0 1 0 0 0 ,0 0 0 0 0 1 ,0 0 1 
Mineral_Wash_Denim_Joggers-img_00000020.jpg,29,1 0 0 0 0 0 0 ,1 0 0 0 0 0 ,0 0 1 
Collarless_Faux_Leather-Sleeve_Blazer-img_00000064.jpg,2,0 0 0 0 0 1 0 ,0 0 1 0 0 0 ,0 0 1 
Boxy_Striped_Pocket_Tee-img_00000041.jpg,18,0 0 1 0 0 0 0 ,0 0 1 0 0 0 ,0 0 1 
Woven_Shift_Dress-img_00000001.jpg,41,0 0 0 0 0 1 0 ,0 0 1 0 0 0 ,0 0 1 
Notched_Open-Front_Textured_Blazer-img_00000031.jpg,2,0 0 0 0 0 1 0 ,0 0 1 0 0 0 ,0 0 1 
West_Coast_Mesh_Tank-img_00000018.jpg,17,0 0 0 0 0 0 1 ,0 0 1 0 0 0 ,0 0 1 
Marled_Twist-Front_Blouse-img_00000068.jpg,3,1 0 0 0 0 0 0 ,0 0 1 0 0 0 ,0 0 1 
Crochet_Strap_Dress-img_00000031.jpg,41,0 0 0 0 0 1 0 ,0 0 1 0 0 0 ,0 0 1 
Double-Breasted_Blazer-img_00000125.jpg,2,0 0 0 0 0 1 0 ,0 0 1 0 0 0 ,0 0 1 
Side-Slit_Striped_Blouse-img_00000018.jpg,3,0 0 1 0 0 0 0 ,0 0 1 0 0 0 ,0 0 1 
Structured_Mesh_Skater_Skirt-img_00000003.jpg,33,0 0 1 0 0 0 0 ,0 1 0 0 0 0 ,0 0 1 
Cable_Knit_Turtleneck_Sweater-img_00000014.jpg,16,0 0 0 0 0 1 0 ,0 0 0 0 0 1 ,0 0 1 
Suspender_Button-Down_Maxi_Dress-img_00000006.jpg,41,0 0 0 0 0 1 0 ,0 0 1 0 0 0 ,0 0 1 
Tropical_Print_Pocket_Tank-img_00000004.jpg,17,0 0 0 0 0 1 0 ,0 0 1 0 0 0 ,0 0 1 
Floral_Lace_Kimono-img_00000025.jpg,44,0 0 0 1 0 0 0 ,0 1 0 0 0 0 ,0 0 1 
Cuffed_Drawstring_Denim_Shorts-img_00000020.jpg,32,0 0 0 0 0 1 0 ,0 0 1 0 0 0 ,0 0 1 
Color_Striped_Performance_Leggings-img_00000011.jpg,30,0 0 0 0 0 1 0 ,0 0 1 0 0 0 ,1 0 0 
Tile_Print_Blouse-img_00000042.jpg,3,0 1 0 0 0 0 0 ,0 0 0 0 0 1 ,0 0 1 
Boxy_Stripe_Sweater-img_00000024.jpg,16,0 0 1 0 0 0 0 ,0 0 0 0 0 1 ,0 1 0 
Abstract_Striped_Top-img_00000001.jpg,19,1 0 0 0 0 0 0 ,0 0 1 0 0 0 ,0 0 1 
Reason_Zip_Pocket_Joggers-img_00000021.jpg,29,0 0 0 0 0 1 0 ,0 0 1 0 0 0 ,0 0 1 
Abstract_Print_Button-Shoulder_Dress-img_00000024.jpg,41,0 1 0 0 0 0 0 ,0 0 1 0 0 0 ,0 0 1 
Georgette_Tulip_Back_Blouse-img_00000019.jpg,3,0 0 0 1 0 0 0 ,0 0 0 0 0 1 ,0 0 1 
Favorite_Capri_Leggings-img_00000038.jpg,30,1 0 0 0 0 0 0 ,0 0 1 0 0 0 ,1 0 0 
Abstract_Mandala_Print_Skirt-img_00000014.jpg,33,1 0 0 0 0 0 0 ,0 0 1 0 0 0 ,1 0 0 
V-Neck_Burnout_Tee-img_00000012.jpg,18,0 0 0 0 0 1 0 ,0 0 1 0 0 0 ,0 0 1 
Palm_Tree_Graphic_Tee-img_00000005.jpg,18,0 1 0 0 0 0 0 ,0 0 1 0 0 0 ,0 0 1 
Slouchy_Fuzzy_Knit_Cardigan-img_00000018.jpg,6,0 0 0 0 0 1 0 ,0 0 0 0 0 1 ,0 0 1 
Stripe-Pocket_Tank-img_00000035.jpg,17,0 0 1 0 0 0 0 ,0 0 1 0 0 0 ,0 0 1 
Classic_Heathered_Knit_Top-img_00000025.jpg,19,0 0 0 0 0 1 0 ,0 0 1 0 0 0 ,1 0 0 
Floral_Lace_Halter_Dress-img_00000059.jpg,41,0 0 0 1 0 0 0 ,0 1 0 0 0 0 ,1 0 0 
Faux_Shearling_Aviator_Jacket-img_00000025.jpg,11,0 0 0 0 0 1 0 ,0 0 0 0 1 0 ,0 0 1 
Embroidered_Overlay_Sheath_Dress-img_00000013.jpg,41,0 0 0 1 0 0 0 ,0 1 0 0 0 0 ,0 0 1 
Fringed_Shawl_Cardigan-img_00000023.jpg,6,0 0 0 1 0 0 0 ,0 0 0 0 0 1 ,0 0 1 
Buttoned_Babydoll_Top-img_00000049.jpg,19,1 0 0 0 0 0 0 ,0 1 0 0 0 0 ,0 0 1 
Splatter_Print_Muscle_Tee-img_00000033.jpg,18,0 1 0 0 0 0 0 ,0 0 1 0 0 0 ,0 0 1 
Stripe-Pocket_Tank-img_00000027.jpg,17,0 0 1 0 0 0 0 ,0 0 1 0 0 0 ,0 0 1 
Beaded_Bandage_Dress-img_00000084.jpg,41,0 1 0 0 0 0 0 ,0 0 1 0 0 0 ,1 0 0 
Tuxedo-Inspired_Blazer-img_00000005.jpg,2,0 0 0 0 0 1 0 ,0 0 1 0 0 0 ,0 0 1 
Square_Neck_Bodycon_Dress-img_00000052.jpg,41,0 0 0 1 0 0 0 ,0 0 1 0 0 0 ,1 0 0 
Clean_Wash_-_Skinny_Jeans-img_00000051.jpg,26,0 0 0 0 0 1 0 ,1 0 0 0 0 0 ,0 0 1 
Perforated_Faux_Leather_Tank-img_00000013.jpg,17,0 0 1 0 0 0 0 ,0 0 1 0 0 0 ,0 0 1 
SpongeBob_x_Mina_Kwon_Graphic_Tee-img_00000035.jpg,18,0 1 0 0 0 0 0 ,0 0 1 0 0 0 ,0 0 1 
Front-Slit_Pencil_Skirt-img_00000049.jpg,33,0 0 0 0 0 1 0 ,0 0 1 0 0 0 ,1 0 0 
Boxy_Open_Mesh_Top-img_00000058.jpg,19,0 0 0 1 0 0 0 ,0 0 0 0 0 1 ,0 0 1 
Zippered_Abstract_Print_Dress-img_00000029.jpg,41,1 0 0 0 0 0 0 ,0 0 1 0 0 0 ,0 0 1 
Pleated_Baroque_Print_Shorts-img_00000011.jpg,32,0 0 0 0 0 1 0 ,0 0 1 0 0 0 ,0 0 1 
Origami_Crepe_Dress-img_00000065.jpg,41,0 1 0 0 0 0 0 ,0 0 1 0 0 0 ,0 0 1 
Striped_Tribal_Print_Blouse-img_00000024.jpg,3,0 0 1 0 0 0 0 ,0 0 1 0 0 0 ,0 0 1 
Abstract_Organza_A-Line_Skirt-img_00000025.jpg,33,0 0 0 0 0 1 0 ,0 1 0 0 0 0 ,0 0 1 
Favorite_Parka-img_00000076.jpg,13,0 0 0 0 0 1 0 ,0 0 1 0 0 0 ,0 0 1 
Contrast-Trimmed_Sweater-img_00000053.jpg,16,0 0 0 0 0 1 0 ,0 0 0 0 0 1 ,0 0 1 
Cowl_Neck_Maxi_Dress-img_00000034.jpg,41,0 0 0 0 0 1 0 ,0 1 0 0 0 0 ,0 0 1 
Internet_Graphic_Sweater-img_00000018.jpg,16,0 1 0 0 0 0 0 ,0 0 1 0 0 0 ,0 0 1 
Tribal_Print_Cutout_Back_Dress-img_00000030.jpg,41,0 1 0 0 0 0 0 ,0 0 1 0 0 0 ,0 0 1 
Hooded_Stripe_Dress-img_00000055.jpg,41,1 0 0 0 0 0 0 ,0 0 1 0 0 0 ,0 0 1 
Woven_Drawstring_Joggers-img_00000020.jpg,29,0 0 0 0 0 1 0 ,0 0 1 0 0 0 ,0 0 1 
Buttoned_Distressed_Denim_Cutoffs-img_00000003.jpg,24,0 0 0 0 0 1 0 ,1 0 0 0 0 0 ,1 0 0 
Kiss_Me_Raglan_Tee-img_00000022.jpg,18,0 1 0 0 0 0 0 ,0 0 1 0 0 0 ,0 0 1 
Abstract_Pattern_Fringed_Poncho-img_00000001.jpg,15,0 1 0 0 0 0 0 ,0 0 0 0 0 1 ,0 1 0 
Watercolor_Abstract_Print_Blouse-img_00000075.jpg,3,1 0 0 0 0 0 0 ,0 0 1 0 0 0 ,0 0 1 
Classic_Utility_Jumpsuit-img_00000047.jpg,42,0 0 0 0 0 1 0 ,0 0 1 0 0 0 ,0 0 1 
Woven_Colorblock_Romper-img_00000010.jpg,48,0 0 0 0 0 1 0 ,0 0 1 0 0 0 ,0 0 1 
Rainbow_Print_Workout_Leggings-img_00000032.jpg,30,0 1 0 0 0 0 0 ,0 0 1 0 0 0 ,1 0 0 
Classic_Shift_Dress-img_00000072.jpg,41,0 0 0 0 0 1 0 ,0 0 1 0 0 0 ,0 0 1 
Classic_Button-Down_Cardigan-img_00000065.jpg,6,0 0 0 0 0 1 0 ,0 0 0 0 0 1 ,0 0 1 
Button-Front_Drawstring_Romper-img_00000059.jpg,48,0 0 1 0 0 0 0 ,0 0 1 0 0 0 ,0 0 1 
Button-Down_Plaid_Flannel-img_00000024.jpg,7,0 0 0 0 0 0 1 ,0 0 1 0 0 0 ,0 0 1 
Boxy_Woven_Striped_Top-img_00000019.jpg,19,0 0 0 0 0 1 0 ,0 0 1 0 0 0 ,0 0 1 
Sleeveless_Classic_Woven_Blouse-img_00000021.jpg,3,1 0 0 0 0 0 0 ,0 0 1 0 0 0 ,0 0 1 
Crepe_Midi_Skirt-img_00000006.jpg,33,0 0 0 0 0 1 0 ,0 0 1 0 0 0 ,1 0 0 
Marled_Midi_Turtleneck_Dress-img_00000025.jpg,41,0 0 0 0 0 1 0 ,0 0 1 0 0 0 ,1 0 0 
French_Terry_Pocket_Dress-img_00000058.jpg,41,1 0 0 0 0 0 0 ,0 0 1 0 0 0 ,0 0 1 
Crochet-Paneled_A-Line_Dress-img_00000016.jpg,41,0 0 0 1 0 0 0 ,0 0 1 0 0 0 ,0 0 1 
Crew_Neck_Tee-img_00000070.jpg,18,0 1 0 0 0 0 0 ,0 0 1 0 0 0 ,0 0 1 
Abstract_Print_Draped_Blazer-img_00000085.jpg,2,1 0 0 0 0 0 0 ,0 0 1 0 0 0 ,0 1 0 
Mesh_Tank_Dress-img_00000046.jpg,41,0 0 0 0 0 1 0 ,0 0 1 0 0 0 ,1 0 0 
Boxy_Utility_Jacket-img_00000004.jpg,11,0 0 0 0 0 1 0 ,0 0 0 0 1 0 ,0 0 1 
Elephant_Print_Strapless_Romper-img_00000031.jpg,48,0 0 0 0 0 1 0 ,0 0 1 0 0 0 ,0 0 1 
Faux_Fur_Trimmed_Moto_Jacket-img_00000063.jpg,11,0 0 0 0 0 1 0 ,0 0 1 0 0 0 ,0 0 1 
Reason_Zip_Pocket_Joggers-img_00000029.jpg,29,0 0 0 0 0 1 0 ,0 0 1 0 0 0 ,0 0 1 
Striped_Chambray-Pocket_Henley-img_00000031.jpg,9,0 0 0 0 0 1 0 ,0 0 1 0 0 0 ,0 0 1 
Belted_Tribal_Print_Maxi_Dress-img_00000018.jpg,41,1 0 0 0 0 0 0 ,0 1 0 0 0 0 ,0 0 1 
Denim_Culotte_Jumpsuit-img_00000012.jpg,42,1 0 0 0 0 0 0 ,0 0 1 0 0 0 ,0 0 1 
Watercolor_Floral_Print_Blouse-img_00000076.jpg,3,1 0 0 0 0 0 0 ,0 0 1 0 0 0 ,0 0 1 
Space_Dye_Yoga_Leggings-img_00000046.jpg,30,1 0 0 0 0 0 0 ,0 0 1 0 0 0 ,1 0 0 
DEFYANT_Marble_Logo_Tee-img_00000011.jpg,18,1 0 0 0 0 0 0 ,0 0 1 0 0 0 ,0 0 1 
Boxy_Raglan_Sweater-img_00000067.jpg,16,0 0 0 0 0 1 0 ,0 0 0 0 0 1 ,0 0 1 
Crochet-Trimmed_Dolphin_Shorts-img_00000008.jpg,32,0 1 0 0 0 0 0 ,0 0 1 0 0 0 ,0 0 1 
Boxy_Striped_Crop_Top-img_00000064.jpg,19,0 0 1 0 0 0 0 ,0 0 1 0 0 0 ,1 0 0 
Definition_of_Love_Tee-img_00000026.jpg,18,0 1 0 0 0 0 0 ,0 0 1 0 0 0 ,0 0 1 
High-Waisted_Plaid_Shorts-img_00000072.jpg,32,0 0 0 0 0 0 1 ,0 0 1 0 0 0 ,0 0 1 
Faux_Pearl_Knit_Cardigan-img_00000017.jpg,6,0 0 0 0 0 1 0 ,0 0 0 0 0 1 ,0 0 1 
Southwestern-Inspired_Poncho-img_00000009.jpg,15,0 1 0 0 0 0 0 ,0 0 1 0 0 0 ,0 1 0 
Marled_Knit_Joggers-img_00000038.jpg,29,0 0 0 0 0 1 0 ,0 0 1 0 0 0 ,0 0 1 
Stripe_Racerback_Maxi_Dress-img_00000029.jpg,41,0 0 1 0 0 0 0 ,0 0 1 0 0 0 ,1 0 0 
Sleek_Draped_Blouse-img_00000051.jpg,3,0 0 0 0 0 1 0 ,0 0 1 0 0 0 ,0 0 1 
Tribal_Print_Joggers-img_00000033.jpg,29,1 0 0 0 0 0 0 ,0 0 1 0 0 0 ,0 0 1 
Suede_Fringe_Jacket-img_00000089.jpg,11,0 0 0 0 0 1 0 ,0 0 0 1 0 0 ,0 0 1 
Shredded_Back_Midi_Dress-img_00000019.jpg,41,0 1 0 0 0 0 0 ,0 0 1 0 0 0 ,1 0 0 
Abstract_Diamond_Fringe_Kimono-img_00000011.jpg,44,1 0 0 0 0 0 0 ,0 1 0 0 0 0 ,0 1 0 
Quilted_Drop-Waist_Dress-img_00000060.jpg,41,0 0 0 0 0 1 0 ,0 0 1 0 0 0 ,0 0 1 
Floral_Scuba_Knit_Skirt-img_00000032.jpg,33,1 0 0 0 0 0 0 ,0 0 1 0 0 0 ,0 0 1 
Abstract_Print_Bodycon_Dress-img_00000043.jpg,41,0 0 0 0 0 1 0 ,0 0 1 0 0 0 ,1 0 0 
Eyelash-Knit_Batwing_Cardigan-img_00000022.jpg,6,0 0 0 0 0 1 0 ,0 0 1 0 0 0 ,0 1 0 
Abstract-Printed_Capri_Leggings-img_00000012.jpg,30,0 1 0 0 0 0 0 ,0 0 1 0 0 0 ,1 0 0 
Abstract_Stripe_Sheath_Dress-img_00000039.jpg,41,0 0 1 0 0 0 0 ,0 1 0 0 0 0 ,0 0 1 
Denim_Joggers-img_00000025.jpg,29,0 0 0 0 0 1 0 ,1 0 0 0 0 0 ,0 0 1 
Heathered_Box_Pleat_Tee-img_00000038.jpg,18,0 0 0 0 0 1 0 ,0 0 1 0 0 0 ,0 0 1 
Mid_Rise_-_Distressed_Skinny_Jeans-img_00000007.jpg,26,0 0 0 0 0 1 0 ,1 0 0 0 0 0 ,1 0 0 
Medallion_Print_Sheath_Dress-img_00000026.jpg,41,1 0 0 0 0 0 0 ,0 0 1 0 0 0 ,1 0 0 
Contrast-Cuff_Chinos-img_00000049.jpg,22,0 0 0 0 0 1 0 ,0 0 1 0 0 0 ,0 0 1 
Reason_Heathered_NY_Baseball_Jersey-img_00000012.jpg,12,0 1 0 0 0 0 0 ,0 0 1 0 0 0 ,0 0 1 
Rugby_Stripe_Shift_Dress-img_00000014.jpg,41,0 0 1 0 0 0 0 ,0 0 1 0 0 0 ,0 0 1 
Give_Up_Shopping_Muscle_Tee-img_00000008.jpg,18,0 1 0 0 0 0 0 ,0 0 1 0 0 0 ,0 0 1 
Longline_Boyfriend_Blazer-img_00000094.jpg,2,0 0 0 0 0 1 0 ,0 0 1 0 0 0 ,0 0 1 
Classic_Denim_Cutoffs-img_00000030.jpg,24,0 0 0 0 0 1 0 ,1 0 0 0 0 0 ,0 0 1 
Collared_Surplice_Blouse-img_00000039.jpg,3,0 0 0 0 0 1 0 ,0 1 0 0 0 0 ,0 1 0 
Woven_Pencil_Skirt-img_00000041.jpg,33,0 1 0 0 0 0 0 ,0 0 1 0 0 0 ,1 0 0 
Favorite_Open-Knit_Sweater-img_00000010.jpg,16,0 0 0 1 0 0 0 ,0 0 0 0 0 1 ,0 0 1 
Lace-Paneled_Knit_Dress-img_00000025.jpg,41,1 0 0 0 0 0 0 ,0 0 1 0 0 0 ,0 0 1 
Crochet-Embroidered_Chiffon_Dress-img_00000009.jpg,41,0 0 0 1 0 0 0 ,0 1 0 0 0 0 ,0 0 1 
Cowl_Neck_Sweater-img_00000014.jpg,16,0 0 0 0 0 1 0 ,0 0 0 0 0 1 ,0 0 1 
Southwestern-Inspired_Geo_Print_Dress-img_00000023.jpg,41,0 0 0 0 0 1 0 ,0 0 1 0 0 0 ,1 0 0 
Ruffled_Floral_Blouse-img_00000065.jpg,3,0 0 0 0 0 1 0 ,0 1 0 0 0 0 ,0 0 1 
Quilted_Faux_Leather_Jacket-img_00000032.jpg,11,0 0 0 0 0 1 0 ,0 0 0 1 0 0 ,0 0 1 
Tasseled_Open-Front_Cardigan-img_00000009.jpg,6,0 0 0 0 0 1 0 ,0 0 0 0 0 1 ,0 0 1 
Abstract_Print_Cami_Romper-img_00000020.jpg,48,1 0 0 0 0 0 0 ,0 0 1 0 0 0 ,1 0 0 
Crochet-Trimmed_Layered_Dress-img_00000044.jpg,41,0 0 0 1 0 0 0 ,0 0 1 0 0 0 ,0 0 1 
Marled_Dolman-Sleeve_Hoodie-img_00000016.jpg,10,0 0 0 0 0 1 0 ,0 0 1 0 0 0 ,0 0 1 
Scoop_Back_Striped_Tee-img_00000028.jpg,18,0 0 0 0 0 1 0 ,0 0 1 0 0 0 ,1 0 0 
Woven_Leggings-img_00000005.jpg,30,0 0 0 0 0 1 0 ,0 0 1 0 0 0 ,1 0 0 
Hooded_Bomber_Jacket-img_00000019.jpg,11,0 0 0 0 0 1 0 ,0 0 0 0 1 0 ,0 0 1 
Ruched-Sleeve_Sweater-img_00000053.jpg,16,0 0 0 0 0 1 0 ,0 0 1 0 0 0 ,0 0 1 
Athletic_Mesh-Paneled_Capri_Leggings-img_00000005.jpg,30,0 0 0 0 0 1 0 ,0 0 1 0 0 0 ,1 0 0 
Tropical_Print_Bodycon_Dress-img_00000046.jpg,41,1 0 0 0 0 0 0 ,0 0 1 0 0 0 ,0 0 1 
Butterfly_Print_Maxi_Dress-img_00000040.jpg,41,1 0 0 0 0 0 0 ,0 1 0 0 0 0 ,0 0 1 
Hooded_Woven_Jacket-img_00000025.jpg,11,0 0 0 0 0 1 0 ,0 0 1 0 0 0 ,0 0 1 
Longline_Fringed-Back_Tank-img_00000007.jpg,17,0 0 0 0 0 1 0 ,0 1 0 0 0 0 ,0 0 1 
Floral_Knit_Skater_Dress-img_00000014.jpg,41,1 0 0 0 0 0 0 ,0 0 1 0 0 0 ,0 0 1 
Lace_Trimmed_Blouse-img_00000027.jpg,3,0 0 0 1 0 0 0 ,0 0 1 0 0 0 ,0 0 1 
Lace_Inset_Cami_Dress-img_00000044.jpg,41,0 0 0 1 0 0 0 ,0 1 0 0 0 0 ,0 0 1 
Daisy_Print_Dress-img_00000075.jpg,41,1 0 0 0 0 0 0 ,0 0 1 0 0 0 ,0 0 1 
Floral-Embroidered_Yoke_Layered_Dress-img_00000027.jpg,41,0 0 0 1 0 0 0 ,0 0 1 0 0 0 ,0 0 1 
Favorite_Parka-img_00000036.jpg,13,0 0 0 0 0 1 0 ,0 0 0 0 1 0 ,0 0 1 
Cuffed_Origami-Front_Joggers-img_00000010.jpg,29,0 0 0 0 0 1 0 ,0 0 1 0 0 0 ,0 0 1 
Striped_Statue_Graphic_Tee-img_00000048.jpg,18,0 1 0 0 0 0 0 ,0 0 1 0 0 0 ,0 0 1 
Metallic_Sheer-Paneled_Sweater-img_00000014.jpg,16,0 0 1 0 0 0 0 ,0 0 0 0 0 1 ,0 0 1 
Faux_Leather_Jersey-img_00000014.jpg,12,0 0 0 0 0 1 0 ,0 0 0 1 0 0 ,0 0 1 
Colorblocked_Pocket_Striped_Tee-img_00000049.jpg,18,0 0 1 0 0 0 0 ,0 0 1 0 0 0 ,0 0 1 
Seamed_Skater_Dress-img_00000047.jpg,41,0 0 0 1 0 0 0 ,0 0 1 0 0 0 ,0 0 1 
Lace-Paneled_Cami_Dress-img_00000009.jpg,41,0 0 0 1 0 0 0 ,0 0 1 0 0 0 ,0 0 1 
Faux_Leather-Paneled_Sweatpants-img_00000008.jpg,34,0 0 0 0 0 1 0 ,0 0 1 0 0 0 ,0 1 0 
Iguana_Print_Tee-img_00000042.jpg,18,0 0 0 0 0 1 0 ,0 0 1 0 0 0 ,0 0 1 
Running_Seams_Workout_Leggings-img_00000024.jpg,30,0 0 0 0 0 1 0 ,0 0 1 0 0 0 ,1 0 0 
Striped_Fringe-Trim_Shawl_Cardigan-img_00000019.jpg,6,0 0 1 0 0 0 0 ,0 0 0 0 0 1 ,0 1 0 
Knit_Pocket_Dress-img_00000046.jpg,41,1 0 0 0 0 0 0 ,0 0 1 0 0 0 ,0 0 1 
Clean_Wash_High-Waisted_Shorts-img_00000035.jpg,32,0 0 0 0 0 1 0 ,1 0 0 0 0 0 ,0 0 1 
Bandana_Print-Paneled_Tee-img_00000023.jpg,18,1 0 0 0 0 0 0 ,0 0 1 0 0 0 ,0 0 1 
Woven_Shift_Dress-img_00000061.jpg,41,1 0 0 0 0 0 0 ,0 1 0 0 0 0 ,0 0 1 
Faux_Gem_Woven_Cardigan-img_00000007.jpg,6,0 0 0 0 0 1 0 ,0 1 0 0 0 0 ,0 0 1 
Baroque_Print_Crop_Top-img_00000060.jpg,19,0 0 0 0 0 1 0 ,0 1 0 0 0 0 ,1 0 0 
Front_Row_Graphic_Tee-img_00000038.jpg,18,0 0 0 0 0 1 0 ,0 0 0 0 0 1 ,0 0 1 
Lace_Back_Shift_Dress-img_00000058.jpg,41,0 0 0 1 0 0 0 ,0 0 1 0 0 0 ,0 0 1 
Trust_Nobody_Muscle_Tee-img_00000001.jpg,18,0 0 1 0 0 0 0 ,0 0 1 0 0 0 ,0 0 1 
Drop-Sleeve_Knit_Tee-img_00000007.jpg,18,0 0 0 0 0 1 0 ,0 0 1 0 0 0 ,0 0 1 
Embroidered_Self-Tie_Blouse-img_00000080.jpg,3,0 0 0 0 0 1 0 ,0 0 0 0 0 1 ,0 0 1 
Draped_Longline_Cardigan-img_00000038.jpg,6,0 0 0 0 0 1 0 ,0 0 1 0 0 0 ,0 0 1 
Abstract_Print_Cutout_Dress-img_00000027.jpg,41,1 0 0 0 0 0 0 ,0 0 1 0 0 0 ,0 1 0 
Diamond_Print_Maxi_Dress-img_00000004.jpg,41,0 1 0 0 0 0 0 ,0 1 0 0 0 0 ,0 0 1 
Semi-Sheer_Linen_Tee-img_00000035.jpg,18,0 0 0 0 0 1 0 ,0 0 1 0 0 0 ,0 0 1 
Off-the-Shoulder_Floral_Lace_Dress-img_00000062.jpg,41,0 0 0 0 1 0 0 ,0 1 0 0 0 0 ,0 0 1 
Tribal_Print_Crisscross_Jumpsuit-img_00000003.jpg,42,0 1 0 0 0 0 0 ,0 0 1 0 0 0 ,0 0 1 
Flounced_Knit_Dress-img_00000001.jpg,41,0 0 0 0 0 1 0 ,0 0 1 0 0 0 ,0 0 1 
Strapless_Rose_Print_Dress-img_00000019.jpg,41,1 0 0 0 0 0 0 ,0 0 1 0 0 0 ,0 0 1 
Chiffon_Curved_Hem_Blouse-img_00000053.jpg,3,1 0 0 0 0 0 0 ,0 1 0 0 0 0 ,0 0 1 
Floral_Raglan_Sweater-img_00000032.jpg,16,1 0 0 0 0 0 0 ,0 0 1 0 0 0 ,0 0 1 
Drawstring_Cargo_Dress-img_00000001.jpg,41,0 0 0 0 0 1 0 ,0 0 1 0 0 0 ,0 0 1 
Things_I_Love_Tee-img_00000012.jpg,18,0 1 0 0 0 0 0 ,0 0 1 0 0 0 ,0 0 1 
Boxy_Belted_Top-img_00000005.jpg,19,0 0 0 0 0 1 0 ,0 0 1 0 0 0 ,1 0 0 
Boxy_Striped_Tee-img_00000036.jpg,18,0 0 1 0 0 0 0 ,0 0 1 0 0 0 ,0 0 1 
Braided-Back_Abstract_Maxi_Dress-img_00000048.jpg,41,0 1 0 0 0 0 0 ,0 0 1 0 0 0 ,0 0 1 
Ladder_Cutout_Halter_Tank-img_00000008.jpg,17,0 0 0 0 0 1 0 ,0 0 1 0 0 0 ,0 0 1 
Rad_Graphic_Tee-img_00000029.jpg,18,0 1 0 0 0 0 0 ,0 0 1 0 0 0 ,0 0 1 
Boxy_Shirt_Dress-img_00000056.jpg,41,0 0 0 0 0 1 0 ,0 1 0 0 0 0 ,0 1 0 
Favorite_Strappy_Shift_Dress-img_00000016.jpg,41,0 0 0 1 0 0 0 ,0 0 1 0 0 0 ,0 1 0 
Layered_Landscape_Print_Tee-img_00000018.jpg,18,1 0 0 0 0 0 0 ,0 0 1 0 0 0 ,0 0 1 
Striped_Colorblock_Tank-img_00000009.jpg,17,0 0 1 0 0 0 0 ,0 0 1 0 0 0 ,0 0 1 
Chevron_High-Low_Combo_Dress-img_00000010.jpg,41,0 1 0 0 0 0 0 ,0 1 0 0 0 0 ,0 0 1 
Striped_Shift_Drawstring_Dress-img_00000007.jpg,41,0 0 1 0 0 0 0 ,0 0 1 0 0 0 ,0 0 1 
Textured_Funnel_Neck_Dress-img_00000058.jpg,41,1 0 0 0 0 0 0 ,0 1 0 0 0 0 ,0 0 1 
Hello_Kitty_PJ_Romper-img_00000014.jpg,48,0 1 0 0 0 0 0 ,0 0 1 0 0 0 ,0 0 1 
Geo_Print_Open-Shoulder_Dress-img_00000002.jpg,41,0 1 0 0 0 0 0 ,0 0 1 0 0 0 ,0 0 1 
Duo-Stripe_Tee-img_00000002.jpg,18,0 0 1 0 0 0 0 ,0 0 1 0 0 0 ,0 0 1 
Stone_Washed_Denim_Joggers-img_00000018.jpg,29,1 0 0 0 0 0 0 ,1 0 0 0 0 0 ,0 0 1 
Floral_Lace_Overlay_Dress-img_00000013.jpg,41,0 0 0 1 0 0 0 ,0 0 1 0 0 0 ,0 0 1 
Lily_Print_Dress-img_00000028.jpg,41,1 0 0 0 0 0 0 ,0 0 1 0 0 0 ,0 0 1 
Heathered_Knit_Cocoon_Jacket-img_00000024.jpg,11,0 0 0 0 0 1 0 ,0 0 1 0 0 0 ,0 0 1 
Longline_Cotton_Shirt_Dress-img_00000038.jpg,41,0 0 0 0 0 1 0 ,0 1 0 0 0 0 ,0 0 1 
Faux_Fur_Collar_Cardigan-img_00000080.jpg,6,0 0 0 0 0 1 0 ,0 0 0 0 0 1 ,0 0 1 
Stretch_Knit_Pencil_Skirt-img_00000004.jpg,33,0 0 0 0 0 1 0 ,0 0 1 0 0 0 ,1 0 0 
Draped-Lapel_Trench_Coat-img_00000046.jpg,39,0 0 0 0 0 1 0 ,0 0 1 0 0 0 ,0 0 1 
Athletic-Striped_Pencil_Skirt-img_00000029.jpg,33,0 0 1 0 0 0 0 ,0 0 0 1 0 0 ,0 0 1 
Faux_Leather-Paneled_Shorts-img_00000002.jpg,32,0 0 0 0 0 1 0 ,0 0 1 0 0 0 ,1 0 0 
Woven_Surplice_Romper-img_00000034.jpg,48,1 0 0 0 0 0 0 ,0 0 1 0 0 0 ,0 0 1 
Colorblocked_Popover_Shirt_Dress-img_00000021.jpg,41,0 0 0 0 0 1 0 ,0 0 1 0 0 0 ,0 1 0 
Front-Slit_Pleated_Shift_Dress-img_00000025.jpg,41,0 0 0 0 0 1 0 ,0 0 1 0 0 0 ,1 0 0 
Zip-Front_Hoodie-img_00000084.jpg,10,0 0 0 0 0 1 0 ,0 0 1 0 0 0 ,0 0 1 
Colorblocked_Tee-img_00000002.jpg,18,0 0 0 0 0 1 0 ,0 0 1 0 0 0 ,0 0 1 
V-Cut_Back_Romper-img_00000042.jpg,48,0 0 0 0 0 1 0 ,0 0 1 0 0 0 ,0 0 1 
Crochet_Fringe_Tank-img_00000028.jpg,17,0 0 0 1 0 0 0 ,0 0 0 0 0 1 ,0 0 1 
Raw-Edged_Distressed_Tank-img_00000024.jpg,17,0 0 0 0 0 1 0 ,0 0 1 0 0 0 ,0 0 1 
Ribbed_Knit_Striped_Dress-img_00000009.jpg,41,0 0 1 0 0 0 0 ,0 0 1 0 0 0 ,1 0 0 
Marled_Midi_Turtleneck_Dress-img_00000011.jpg,41,0 0 0 0 0 1 0 ,0 0 1 0 0 0 ,0 0 1 
Faux_Leather_Moto_Jacket-img_00000027.jpg,11,0 0 0 0 0 1 0 ,0 0 0 1 0 0 ,0 0 1 
Distressed_Straight-Leg_Jeans-img_00000027.jpg,26,0 0 0 0 0 1 0 ,1 0 0 0 0 0 ,0 0 1 
Cutout-Back_Floral_Print_Dress-img_00000071.jpg,41,1 0 0 0 0 0 0 ,0 0 1 0 0 0 ,0 0 1 
French_Terry_Shorts-img_00000059.jpg,32,0 0 0 0 0 1 0 ,0 0 1 0 0 0 ,0 0 1 
Cutout_Back_Tank-img_00000035.jpg,17,0 1 0 0 0 0 0 ,0 0 1 0 0 0 ,0 0 1 
Basic_Heathered_Tee-img_00000023.jpg,18,0 0 0 0 0 1 0 ,0 0 1 0 0 0 ,0 0 1 
Abstract-Stripe_Fuzzy_Sweater-img_00000002.jpg,16,0 0 1 0 0 0 0 ,0 0 0 0 0 1 ,1 0 0 
Tribal-Inspired_Skater_Dress-img_00000016.jpg,41,0 1 0 0 0 0 0 ,0 0 1 0 0 0 ,0 0 1 
Beaded_Self-Tie_Romper-img_00000024.jpg,48,0 0 0 0 1 0 0 ,0 0 1 0 0 0 ,0 0 1 
Slub_Knit_Henley-img_00000034.jpg,9,0 0 0 0 0 1 0 ,0 0 1 0 0 0 ,0 0 1 
Box-Pleated_Gingham_Skirt-img_00000017.jpg,33,0 0 0 0 1 0 0 ,0 0 1 0 0 0 ,0 0 1 
Strapless_Chiffon_Maxi_Dress-img_00000030.jpg,41,0 0 0 0 0 1 0 ,0 1 0 0 0 0 ,0 0 1 
Striped_Cutout-Back_Dress-img_00000060.jpg,41,0 0 1 0 0 0 0 ,0 0 1 0 0 0 ,0 0 1 
Ribbed_Racerback_Tank-img_00000011.jpg,17,0 0 0 0 0 1 0 ,0 0 1 0 0 0 ,1 0 0 
Flatfront_Denim_Skirt-img_00000031.jpg,33,0 0 0 0 0 1 0 ,1 0 0 0 0 0 ,0 0 1 
Faded_Distressed_Jeans-img_00000028.jpg,26,0 0 0 0 0 1 0 ,1 0 0 0 0 0 ,0 0 1 
Racerback_Mini_Dress-img_00000035.jpg,41,0 0 0 0 0 1 0 ,0 0 1 0 0 0 ,0 0 1 
City_Print_Dolman_Top-img_00000010.jpg,19,0 1 0 0 0 0 0 ,0 0 1 0 0 0 ,0 0 1 
Triangle_Stripe_Batwing_Cardigan-img_00000018.jpg,6,0 1 0 0 0 0 0 ,0 0 1 0 0 0 ,0 0 1 
Varsity-Striped_Scuba_Knit_Skirt-img_00000019.jpg,33,0 1 0 0 0 0 0 ,0 0 1 0 0 0 ,1 0 0 
Open-Back_Knit_Blouse-img_00000067.jpg,3,0 0 0 0 0 1 0 ,0 0 1 0 0 0 ,1 0 0 
Champagne_Slub_Knit_Top-img_00000014.jpg,19,1 0 0 0 0 0 0 ,0 0 1 0 0 0 ,0 0 1 
French_Terry_Hoodie-img_00000050.jpg,10,0 0 0 0 0 1 0 ,0 0 1 0 0 0 ,0 0 1 
Crochet-Back_Cami_Dress-img_00000028.jpg,41,0 0 0 0 0 1 0 ,0 0 1 0 0 0 ,0 0 1 
Classic_Slim_Denim_Jeans-img_00000064.jpg,26,0 0 0 0 0 1 0 ,1 0 0 0 0 0 ,1 0 0 
Always_Be_Chic_Top-img_00000019.jpg,19,1 0 0 0 0 0 0 ,0 0 1 0 0 0 ,0 0 1 
Paisley_Pattern_Pencil_Skirt-img_00000022.jpg,33,1 0 0 0 0 0 0 ,0 0 1 0 0 0 ,0 0 1 
Faux_Leather_Pencil_Skirt-img_00000053.jpg,33,0 0 0 0 0 1 0 ,0 0 1 0 0 0 ,1 0 0 
Keyhole_Abstract_Print_Blouse-img_00000046.jpg,3,0 1 0 0 0 0 0 ,0 0 1 0 0 0 ,0 0 1 
Floral_Print_Kimono-img_00000028.jpg,44,1 0 0 0 0 0 0 ,0 1 0 0 0 0 ,0 1 0 
Southwestern_Pattern_Drawstring_Shorts-img_00000011.jpg,32,0 0 0 0 0 1 0 ,0 0 1 0 0 0 ,0 0 1 
Mesh_Racerback_Tank-img_00000035.jpg,17,0 0 0 0 0 1 0 ,0 0 1 0 0 0 ,0 0 1 
Kitten_Graphic_Sweater-img_00000027.jpg,16,0 1 0 0 0 0 0 ,0 0 1 0 0 0 ,0 0 1 
Classic_Soft_Jeggings-img_00000033.jpg,27,0 0 0 0 0 1 0 ,1 0 0 0 0 0 ,1 0 0 
Layered_A-Line_Dress-img_00000030.jpg,41,0 0 0 0 0 1 0 ,0 0 1 0 0 0 ,0 0 1 
Eyelash-Knit_Batwing_Cardigan-img_00000008.jpg,6,0 0 0 1 0 0 0 ,0 0 0 0 0 1 ,0 0 1 
Cap-Sleeved_Slub-Knit_Top-img_00000021.jpg,19,0 0 0 0 0 1 0 ,0 0 1 0 0 0 ,0 0 1 
Layered_Lace_Dress-img_00000007.jpg,41,0 0 0 1 0 0 0 ,0 0 1 0 0 0 ,0 0 1 
Rock_N_Roll_Tee-img_00000010.jpg,18,0 1 0 0 0 0 0 ,0 0 1 0 0 0 ,0 0 1 
Ribbed_Turtleneck_Sweater-img_00000043.jpg,16,0 0 0 0 0 1 0 ,0 0 0 0 0 1 ,0 0 1 
LA_Longline_Baseball_Tee-img_00000013.jpg,18,0 0 0 0 0 1 0 ,0 0 1 0 0 0 ,0 0 1 
Pleated_Skater_Skirt-img_00000063.jpg,33,0 0 0 0 1 0 0 ,0 0 1 0 0 0 ,0 0 1 
Collarless_Draped-Front_Blazer-img_00000001.jpg,2,0 0 0 0 0 1 0 ,0 0 1 0 0 0 ,0 0 1 
Textured_Knit_Varsity_Sweater-img_00000027.jpg,16,0 1 0 0 0 0 0 ,0 0 1 0 0 0 ,0 0 1 
Palm_Print_Bodycon_Dress-img_00000001.jpg,41,1 0 0 0 0 0 0 ,0 0 1 0 0 0 ,1 0 0 
Striped_Ornate_Print_Kimono-img_00000001.jpg,44,0 1 0 0 0 0 0 ,0 0 1 0 0 0 ,0 0 1 
Snoopy_Print_Tee-img_00000048.jpg,18,0 1 0 0 0 0 0 ,0 0 1 0 0 0 ,0 0 1 
Heathered_Crew_Neck_Tee-img_00000004.jpg,18,0 1 0 0 0 0 0 ,0 0 1 0 0 0 ,0 0 1 
Classic_Turtleneck_Sweater-img_00000018.jpg,16,0 0 0 0 0 1 0 ,0 0 0 0 0 1 ,0 0 1 
Pintuck_Pleated_Chiffon_Blouse-img_00000044.jpg,3,0 0 0 0 0 1 0 ,0 0 1 0 0 0 ,0 0 1 
Classic_Twill_Chinos-img_00000025.jpg,22,0 0 0 0 0 1 0 ,0 0 1 0 0 0 ,0 0 1 
Semi-Sheer_Racerback_Tank-img_00000025.jpg,17,0 0 0 0 0 1 0 ,0 0 1 0 0 0 ,0 0 1 
Heathered_Zip_Pocket_Sweatpants-img_00000032.jpg,34,0 1 0 0 0 0 0 ,0 0 1 0 0 0 ,0 0 1 
Hooded_Henley_Sweater-img_00000057.jpg,16,0 0 0 0 0 1 0 ,0 0 0 0 0 1 ,0 0 1 
Classic_Denim_Blazer-img_00000044.jpg,2,0 0 0 0 0 1 0 ,1 0 0 0 0 0 ,0 0 1 
Embroidered_Sheath_Dress-img_00000024.jpg,41,0 0 0 1 0 0 0 ,0 1 0 0 0 0 ,0 0 1 
Gauze_Layered-Trim_Blouse-img_00000092.jpg,3,0 0 0 0 0 1 0 ,0 0 1 0 0 0 ,0 0 1 
Fuzzy_Hooded_Toggle_Cardigan-img_00000036.jpg,6,0 0 0 0 0 1 0 ,0 0 0 0 0 1 ,0 0 1 
Striped_Maxi_Cami_Dress-img_00000040.jpg,41,0 0 1 0 0 0 0 ,0 0 1 0 0 0 ,0 0 1 
Crochet-Trimmed_Floral_Babydoll_Dress-img_00000004.jpg,41,1 0 0 0 0 0 0 ,0 0 1 0 0 0 ,0 0 1 
Favorite_Ankle-Length_Skinny_Jeans-img_00000058.jpg,26,0 0 0 0 0 1 0 ,1 0 0 0 0 0 ,1 0 0 
Classic_Faded_Jeggings-img_00000037.jpg,27,0 1 0 0 0 0 0 ,0 0 1 0 0 0 ,1 0 0 
Chandelier_Print_Tee-img_00000008.jpg,18,0 0 0 0 0 1 0 ,0 1 0 0 0 0 ,0 0 1 
Knit_Romper-img_00000021.jpg,48,0 0 0 1 0 0 0 ,0 0 0 0 0 1 ,0 0 1 
Crocheted_Shift_Dress-img_00000051.jpg,41,0 0 0 1 0 0 0 ,0 0 0 0 0 1 ,0 0 1 
Embroidered_Longline_Cardigan-img_00000020.jpg,6,0 0 0 1 0 0 0 ,0 1 0 0 0 0 ,0 0 1 
Camo_Utility_Jacket-img_00000019.jpg,11,0 1 0 0 0 0 0 ,0 0 1 0 0 0 ,0 0 1 
Faux_Wrap_Stripe_Dress-img_00000002.jpg,41,0 0 1 0 0 0 0 ,0 0 1 0 0 0 ,0 0 1 
Ruffled_Floral_Blouse-img_00000032.jpg,3,0 0 0 1 0 0 0 ,0 0 1 0 0 0 ,0 0 1 
Linen_Colorblock_Tee-img_00000029.jpg,18,0 1 0 0 0 0 0 ,0 0 1 0 0 0 ,0 0 1 
Twisted_Open-Back_Tee-img_00000014.jpg,18,0 1 0 0 0 0 0 ,0 0 1 0 0 0 ,0 0 1 
Heathered_Baseball_Stripe_Tee-img_00000017.jpg,18,0 0 0 0 0 1 0 ,0 0 1 0 0 0 ,0 0 1 
Lace_A-Line_Skirt-img_00000023.jpg,33,0 0 0 1 0 0 0 ,0 0 1 0 0 0 ,0 0 1 
Acid_Wash_Distressed_Cutoffs-img_00000004.jpg,24,1 0 0 0 0 0 0 ,1 0 0 0 0 0 ,0 0 1 
Heathered_Zip-Up_Hoodie-img_00000048.jpg,10,0 0 0 0 0 1 0 ,0 0 1 0 0 0 ,0 0 1 
Bleached_Thermal_Top-img_00000021.jpg,19,0 1 0 0 0 0 0 ,0 0 1 0 0 0 ,0 0 1 
Structured_Quilted_Jacket-img_00000061.jpg,11,0 0 0 0 0 1 0 ,0 0 1 0 0 0 ,0 0 1 
Layered_Sleeveless_Dress-img_00000071.jpg,41,0 0 0 1 0 0 0 ,0 0 1 0 0 0 ,0 0 1 
Rose_Print_Pleated_Skirt-img_00000044.jpg,33,1 0 0 0 0 0 0 ,0 0 1 0 0 0 ,0 0 1 
Strapless_Paisley_Dress-img_00000044.jpg,41,0 1 0 0 0 0 0 ,0 0 1 0 0 0 ,0 0 1 
Classic_Baseball_Jersey-img_00000035.jpg,12,0 0 1 0 0 0 0 ,0 0 1 0 0 0 ,0 0 1 
Open-Front_Zippered_Blazer-img_00000020.jpg,2,0 0 0 0 0 1 0 ,0 0 1 0 0 0 ,0 0 1 
Slub_Knit_Tee-img_00000023.jpg,18,0 0 0 0 0 1 0 ,0 0 1 0 0 0 ,0 0 1 
Cities_Graphic_Trapeze_Top-img_00000037.jpg,19,0 1 0 0 0 0 0 ,0 0 1 0 0 0 ,0 0 1 
Textured_Bodycon_Dress-img_00000054.jpg,41,0 0 0 0 0 1 0 ,0 0 1 0 0 0 ,1 0 0 
Faux_Leather_Midi_Pencil_Skirt-img_00000060.jpg,33,0 0 0 0 0 1 0 ,0 0 0 1 0 0 ,1 0 0 
Embroidered_Racerback_Tank-img_00000012.jpg,17,0 0 1 0 0 0 0 ,0 0 1 0 0 0 ,0 0 1 
Marled_Knit_Bodycon_Dress-img_00000027.jpg,41,0 0 0 0 0 1 0 ,0 0 1 0 0 0 ,1 0 0 
Woven_Sheath_Dress-img_00000020.jpg,41,1 0 0 0 0 0 0 ,0 0 1 0 0 0 ,0 0 1 
Racerback_Tank-img_00000007.jpg,17,0 0 0 0 0 1 0 ,0 0 1 0 0 0 ,0 0 1 
Buttoned_Collarless_Blouse-img_00000011.jpg,3,0 0 0 0 0 1 0 ,1 0 0 0 0 0 ,0 0 1 
Crossback_Cami_Skater_Dress-img_00000032.jpg,41,0 0 0 0 0 1 0 ,0 0 1 0 0 0 ,0 0 1 
Forget-Me-Not_Sweater-img_00000014.jpg,16,0 1 0 0 0 0 0 ,0 0 0 0 1 0 ,0 0 1 
Lace_Raglan_Romper-img_00000036.jpg,48,0 0 0 1 0 0 0 ,0 0 1 0 0 0 ,0 0 1 
Polka_Dot_Print_Blouse-img_00000022.jpg,3,0 1 0 0 0 0 0 ,0 0 1 0 0 0 ,0 0 1 
Layered_Sleeveless_Dress-img_00000044.jpg,41,0 0 0 1 0 0 0 ,0 1 0 0 0 0 ,0 0 1 
Lush_Floral_Tea_Dress-img_00000009.jpg,41,1 0 0 0 0 0 0 ,0 0 1 0 0 0 ,0 0 1 
Sunglass_Girl_Graphic_Tee-img_00000021.jpg,18,0 1 0 0 0 0 0 ,0 0 1 0 0 0 ,0 0 1 
Rock_N_Roll_Tee-img_00000045.jpg,18,0 1 0 0 0 0 0 ,0 0 1 0 0 0 ,0 0 1 
Boxy_Illusion_Neckline_Top-img_00000038.jpg,19,0 0 0 0 0 1 0 ,0 1 0 0 0 0 ,0 1 0 
Marled_French_Terry_Hoodie-img_00000051.jpg,10,0 0 0 0 0 1 0 ,0 0 1 0 0 0 ,0 0 1 
Striped_Fringe_Cardigan-img_00000078.jpg,6,0 0 0 0 0 1 0 ,0 0 1 0 0 0 ,0 0 1 
Eyelash_Knit_Ribbed_Sweater-img_00000026.jpg,16,0 0 0 0 0 1 0 ,0 0 0 0 1 0 ,0 0 1 
Lace-Paneled_Lattice-Back_Blouse-img_00000037.jpg,3,0 0 0 1 0 0 0 ,0 0 1 0 0 0 ,1 0 0 
Open-Front_Crepe_Jacket-img_00000014.jpg,11,0 0 0 0 0 1 0 ,0 0 1 0 0 0 ,0 0 1 
Boxy_Dotted_Tee-img_00000025.jpg,18,0 1 0 0 0 0 0 ,0 0 1 0 0 0 ,0 0 1 
Sleeveless_Classic_Woven_Blouse-img_00000083.jpg,3,0 0 0 0 0 1 0 ,0 1 0 0 0 0 ,0 0 1 
Abstract_Print_Zipper_Blouse-img_00000105.jpg,3,0 0 0 0 0 1 0 ,0 0 1 0 0 0 ,0 0 1 
Floral_Print_Halter_Dress-img_00000028.jpg,41,1 0 0 0 0 0 0 ,0 0 1 0 0 0 ,0 0 1 
Classic_Trapeze_Tank-img_00000017.jpg,17,0 0 0 0 0 1 0 ,0 0 1 0 0 0 ,0 0 1 
Embellished_Boxy_Tee-img_00000012.jpg,18,0 1 0 0 0 0 0 ,0 0 1 0 0 0 ,0 0 1 
Textured_Bow-Front_Blouse-img_00000086.jpg,3,0 0 0 0 0 1 0 ,0 1 0 0 0 0 ,0 0 1 
Different_Tee-img_00000052.jpg,18,0 1 0 0 0 0 0 ,0 0 1 0 0 0 ,0 0 1 
Pintucked_High-Waisted_Shorts-img_00000044.jpg,32,0 0 0 0 0 1 0 ,0 0 1 0 0 0 ,0 0 1 
Acid_Wash_Denim_Romper-img_00000043.jpg,48,1 0 0 0 0 0 0 ,1 0 0 0 0 0 ,1 0 0 
Longline_Cutout_Cami_Dress-img_00000028.jpg,41,0 0 0 0 0 1 0 ,0 1 0 0 0 0 ,0 0 1 
Abstract_Floral_Fringe_Crop_Top-img_00000029.jpg,19,0 0 0 0 0 1 0 ,0 1 0 0 0 0 ,0 1 0 
Faux_Leather_Mini_Skirt-img_00000023.jpg,33,0 0 0 0 0 1 0 ,0 0 0 1 0 0 ,1 0 0 
Dynamite_Lace_Bodycon_Dress-img_00000029.jpg,41,0 0 0 1 0 0 0 ,0 1 0 0 0 0 ,1 0 0 
Boxy_Polka_Dot_Pocket_Tee-img_00000015.jpg,18,0 1 0 0 0 0 0 ,0 0 1 0 0 0 ,1 0 0 
Abstract_Print_Zipper_Blouse-img_00000025.jpg,3,1 0 0 0 0 0 0 ,0 1 0 0 0 0 ,0 0 1 
Micro-Striped_Tank-img_00000042.jpg,17,0 0 1 0 0 0 0 ,0 0 1 0 0 0 ,0 0 1 
Striped_Waffle_Knit_Sweater-img_00000036.jpg,16,0 0 1 0 0 0 0 ,0 0 1 0 0 0 ,0 0 1 
Floral_Paisley_Crochet_Jacket-img_00000046.jpg,11,0 0 0 1 0 0 0 ,0 0 1 0 0 0 ,0 0 1 
Ribbed_Open-Front_Cardigan-img_00000020.jpg,6,0 0 0 0 0 1 0 ,0 0 0 0 0 1 ,0 0 1 
Whale_Print_Tee-img_00000017.jpg,18,0 1 0 0 0 0 0 ,0 0 1 0 0 0 ,0 0 1 
Slub_Knit_Cardigan-img_00000027.jpg,6,0 0 1 0 0 0 0 ,0 0 0 0 0 1 ,0 0 1 
Boat_Neck_Top-img_00000032.jpg,19,0 0 0 1 0 0 0 ,0 1 0 0 0 0 ,0 0 1 
Classic_Mini_Skirt-img_00000034.jpg,33,0 0 0 0 0 1 0 ,1 0 0 0 0 0 ,1 0 0 
Abstract_Print_Workout_Leggings-img_00000012.jpg,30,1 0 0 0 0 0 0 ,0 0 1 0 0 0 ,1 0 0 
Asymmetrical_Pencil_Skirt-img_00000034.jpg,33,0 1 0 0 0 0 0 ,0 0 1 0 0 0 ,0 0 1 
Textured_Knit_Dolman_Cardigan-img_00000046.jpg,6,0 0 0 0 0 1 0 ,0 0 0 0 0 1 ,0 0 1 
Scuba_Knit_A-Line_Dress-img_00000023.jpg,41,0 0 1 0 0 0 0 ,0 0 1 0 0 0 ,0 0 1 
Boxy_Denim_Crop_Top-img_00000022.jpg,19,0 0 0 0 0 1 0 ,1 0 0 0 0 0 ,0 0 1 
Crochet-Embroidered_Midi_Dress-img_00000009.jpg,41,0 0 0 1 0 0 0 ,0 0 1 0 0 0 ,0 0 1 
Abstract_Stripe_Bodycon_Dress-img_00000036.jpg,41,1 0 0 0 0 0 0 ,0 1 0 0 0 0 ,0 1 0 
Forget_Me_Not_Babydoll_Dress-img_00000017.jpg,41,1 0 0 0 0 0 0 ,0 0 1 0 0 0 ,1 0 0 
Knit_Open-Front_Blazer-img_00000069.jpg,2,0 0 0 0 0 1 0 ,0 0 1 0 0 0 ,0 0 1 
Zippered_Sweatpants-img_00000012.jpg,34,0 0 0 0 0 0 1 ,0 0 1 0 0 0 ,0 0 1 
Voyager_Maxi_Skirt-img_00000024.jpg,33,0 0 0 0 1 0 0 ,0 0 1 0 0 0 ,0 0 1 
Drawstring_Legging_Shorts-img_00000051.jpg,32,0 0 0 0 0 1 0 ,0 0 1 0 0 0 ,0 0 1 
Two-Tone_Chunky_Cardigan-img_00000050.jpg,6,0 0 0 0 0 1 0 ,0 0 0 0 0 1 ,0 0 1 
Mesh_Striped_Performance_Shorts-img_00000017.jpg,32,0 0 0 0 0 1 0 ,0 0 1 0 0 0 ,0 0 1 
Velveteen_Denim_Shorts-img_00000031.jpg,32,0 0 0 0 0 1 0 ,0 0 1 0 0 0 ,0 0 1 
Watercolor_Halter_Romper-img_00000002.jpg,48,0 0 0 0 0 1 0 ,0 0 1 0 0 0 ,0 0 1 
Belted_High-Waisted_Shorts-img_00000043.jpg,32,0 0 0 0 0 1 0 ,0 0 1 0 0 0 ,0 0 1 
Crochet_Lace_Midi_Skirt-img_00000006.jpg,33,0 0 0 1 0 0 0 ,0 0 0 0 0 1 ,1 0 0 
Everyday_Maxi_Skirt-img_00000018.jpg,33,0 0 0 0 0 1 0 ,0 0 1 0 0 0 ,0 0 1 
Floral_Stripe_Midi_Skirt-img_00000005.jpg,33,1 0 0 0 0 0 0 ,0 1 0 0 0 0 ,0 0 1 
Front_Row_Graphic_Tee-img_00000043.jpg,18,0 0 0 0 0 1 0 ,0 0 0 1 0 0 ,0 0 1 
Self-Tie_Ruffled_Shorts-img_00000007.jpg,32,0 0 0 0 0 1 0 ,0 0 1 0 0 0 ,0 0 1 
Medallion_Print_Halter_Dress-img_00000038.jpg,41,0 0 0 1 0 0 0 ,0 0 1 0 0 0 ,0 0 1 
Fuzzy_Knit_V-Neck_Cardigan-img_00000007.jpg,6,0 0 1 0 0 0 0 ,0 0 0 0 0 1 ,0 0 1 
Elephant_Print_Cami_Dress-img_00000042.jpg,41,0 1 0 0 0 0 0 ,0 0 1 0 0 0 ,1 0 0 
Strapless_Skort_Romper-img_00000001.jpg,48,1 0 0 0 0 0 0 ,0 0 1 0 0 0 ,0 0 1 
Striped_Polo_Dress-img_00000068.jpg,41,0 0 1 0 0 0 0 ,0 0 1 0 0 0 ,1 0 0 
Striped_Racerback_Maxi_Dress-img_00000064.jpg,41,0 0 1 0 0 0 0 ,0 0 1 0 0 0 ,0 0 1 
Teenage_Mutant_Ninja_Turtles_Tee-img_00000065.jpg,18,0 1 0 0 0 0 0 ,0 0 1 0 0 0 ,0 0 1 
Classic_Denim_Blazer-img_00000039.jpg,2,0 0 0 0 0 1 0 ,1 0 0 0 0 0 ,0 0 1 
L.A.T.H.C._Legend_Jersey-img_00000008.jpg,12,0 1 0 0 0 0 0 ,0 0 1 0 0 0 ,0 0 1 
Tie-Dye_Paradise_Tank-img_00000001.jpg,17,0 1 0 0 0 0 0 ,0 0 1 0 0 0 ,0 0 1 
Harry_Potter_Muscle_Tee-img_00000061.jpg,18,0 1 0 0 0 0 0 ,0 0 1 0 0 0 ,0 0 1 
Fitted_V-Neck_Tee-img_00000061.jpg,18,0 0 0 0 0 1 0 ,0 0 1 0 0 0 ,0 0 1 
Zippered_Colorblock_Crepe_Jumpsuit-img_00000019.jpg,42,0 0 0 0 0 1 0 ,0 0 1 0 0 0 ,1 0 0 
V-Neck_Tee-img_00000010.jpg,18,0 0 0 0 0 1 0 ,0 0 1 0 0 0 ,0 0 1 
Wide-Leg_Jeans-img_00000042.jpg,26,0 0 0 0 0 1 0 ,1 0 0 0 0 0 ,0 0 1 
Knit_Bodycon_Dress-img_00000022.jpg,41,0 0 0 0 0 1 0 ,0 0 0 0 0 1 ,1 0 0 
Petal-Sleeved_Blouse-img_00000066.jpg,3,0 0 0 0 0 1 0 ,0 0 1 0 0 0 ,0 0 1 
On_The_Range_T-Shirt_Dress-img_00000054.jpg,41,0 0 0 0 0 1 0 ,0 0 1 0 0 0 ,1 0 0 
Smocked_Drawstring_Woven_Shorts-img_00000005.jpg,32,1 0 0 0 0 0 0 ,0 0 1 0 0 0 ,0 1 0 
Layered_Split-Front_Blouse-img_00000037.jpg,3,0 1 0 0 0 0 0 ,0 1 0 0 0 0 ,0 0 1 
Strapless_Diamond_Print_Dress-img_00000023.jpg,41,0 0 0 1 0 0 0 ,0 1 0 0 0 0 ,0 0 1 
Favorite_Slub_Knit_Tee-img_00000004.jpg,18,0 0 0 0 0 1 0 ,0 0 1 0 0 0 ,0 0 1 
Textured_Stripe_Smocked_Dress-img_00000048.jpg,41,0 1 0 0 0 0 0 ,0 0 1 0 0 0 ,0 0 1 
Striped_Mini_Dress-img_00000058.jpg,41,0 0 1 0 0 0 0 ,0 0 1 0 0 0 ,1 0 0 
Southwestern-Patterned_Poncho-img_00000002.jpg,15,1 0 0 0 0 0 0 ,0 0 1 0 0 0 ,0 1 0 
Tie-Dye_Kimono-img_00000031.jpg,44,1 0 0 0 0 0 0 ,0 0 1 0 0 0 ,0 1 0 
Caged_Back_Bandage_Dress-img_00000055.jpg,41,0 0 0 0 0 1 0 ,0 0 1 0 0 0 ,1 0 0 
Shirred_Waist_Mini_Skirt-img_00000021.jpg,33,0 0 0 0 0 1 0 ,0 0 1 0 0 0 ,0 0 1 
Clean_Dark_Wash_-_Slim_Fit_Jeans-img_00000005.jpg,26,0 0 0 0 0 1 0 ,1 0 0 0 0 0 ,0 0 1 
Sunburst_Print_Swim_Trunks-img_00000031.jpg,36,0 1 0 0 0 0 0 ,0 0 1 0 0 0 ,1 0 0 
Seamless_Athletic_Tank-img_00000006.jpg,17,0 0 0 0 0 1 0 ,0 0 1 0 0 0 ,1 0 0 
Cutout_Lace_Cami_Dress-img_00000055.jpg,41,0 0 0 1 0 0 0 ,0 0 0 0 0 1 ,0 0 1 
Faux_Shearling_Moto_Jacket-img_00000028.jpg,11,0 0 0 0 0 1 0 ,0 0 0 1 0 0 ,0 0 1 
Geo_Print_Drawstring_Jumpsuit-img_00000002.jpg,42,0 1 0 0 0 0 0 ,0 0 1 0 0 0 ,0 0 1 
Lace-Paneled_Crepe_Dress-img_00000008.jpg,41,0 0 0 1 0 0 0 ,0 0 1 0 0 0 ,1 0 0 
Striped_Twist-Front_Blouse-img_00000056.jpg,3,0 0 1 0 0 0 0 ,0 0 1 0 0 0 ,0 0 1 
Stretch-Knit_Mini_Skirt-img_00000036.jpg,33,1 0 0 0 0 0 0 ,0 0 1 0 0 0 ,0 0 1 
Embroidered_Self-Tie_Blouse-img_00000076.jpg,3,0 0 0 0 0 1 0 ,0 1 0 0 0 0 ,0 0 1 
Abstract_Mosaic_Racerback_Dress-img_00000014.jpg,41,1 0 0 0 0 0 0 ,0 0 1 0 0 0 ,1 0 0 
Space_Dye_Capri_Leggings-img_00000021.jpg,30,1 0 0 0 0 0 0 ,0 0 1 0 0 0 ,1 0 0 
Toucan_Print_Tee-img_00000018.jpg,18,1 0 0 0 0 0 0 ,0 0 1 0 0 0 ,0 0 1 
Floral-Embroidered_Kimono-img_00000019.jpg,44,0 0 0 1 0 0 0 ,0 0 1 0 0 0 ,0 0 1 
Ruffled_Rose_Blouse-img_00000101.jpg,3,0 0 0 0 0 1 0 ,0 0 1 0 0 0 ,0 0 1 
Embroidered_Gauze_Blouse-img_00000056.jpg,3,0 0 0 0 0 1 0 ,0 1 0 0 0 0 ,0 1 0 
Tribal_Print_Tank-img_00000033.jpg,17,0 1 0 0 0 0 0 ,0 0 1 0 0 0 ,0 0 1 
Abstract_Print_Dolman_Top-img_00000050.jpg,19,1 0 0 0 0 0 0 ,0 1 0 0 0 0 ,0 1 0 
Voila_Graphic_Muscle_Tee-img_00000017.jpg,18,0 1 0 0 0 0 0 ,0 0 1 0 0 0 ,0 0 1 
Flared_Jeans-img_00000030.jpg,26,0 0 0 0 0 1 0 ,1 0 0 0 0 0 ,0 0 1 
Crisscross-Back_Striped_Tee-img_00000011.jpg,18,0 0 1 0 0 0 0 ,0 0 1 0 0 0 ,0 0 1 
Crepe_Woven_Shift_Dress-img_00000015.jpg,41,0 0 0 0 0 1 0 ,0 0 1 0 0 0 ,0 1 0 
NYC_Graphic_Tee-img_00000031.jpg,18,0 1 0 0 0 0 0 ,0 0 1 0 0 0 ,0 0 1 
Crochet-Trimmed_Crepe_Maxi_Dress-img_00000037.jpg,41,0 0 0 0 0 1 0 ,0 0 1 0 0 0 ,0 0 1 
Striped_Geo_Pocket_Tank-img_00000001.jpg,17,0 0 0 0 0 1 0 ,0 0 1 0 0 0 ,0 0 1 
Control_Sector_Drawstring_Harem_Joggers-img_00000049.jpg,29,0 0 0 0 0 1 0 ,0 0 1 0 0 0 ,0 0 1 
Geo_Knit_Maxi_Dress-img_00000007.jpg,41,0 1 0 0 0 0 0 ,0 0 1 0 0 0 ,0 0 1 
Polka_Dot_Shift_Dress-img_00000022.jpg,41,0 1 0 0 0 0 0 ,0 0 1 0 0 0 ,0 0 1 
Striped_Crop_Sweater-img_00000065.jpg,16,0 0 1 0 0 0 0 ,0 0 0 0 0 1 ,0 0 1 
Drawstring_Denim_Dress-img_00000040.jpg,41,0 0 0 0 0 1 0 ,1 0 0 0 0 0 ,0 0 1 
Floral_Print_Skater_Dress-img_00000055.jpg,41,1 0 0 0 0 0 0 ,0 0 1 0 0 0 ,0 0 1 
Classic_Distressed_Denim_Jacket-img_00000031.jpg,11,0 0 0 0 0 1 0 ,1 0 0 0 0 0 ,0 0 1 
Diamond_Print_Cami_Jumpsuit-img_00000002.jpg,42,0 1 0 0 0 0 0 ,0 0 1 0 0 0 ,0 0 1 
Open-Front_Gauze_Kimono-img_00000030.jpg,44,0 0 0 1 0 0 0 ,0 1 0 0 0 0 ,0 0 1 
Striped_Denim_Shorts-img_00000005.jpg,32,0 0 0 0 0 1 0 ,1 0 0 0 0 0 ,0 0 1 
Longline_Batwing_Cardigan-img_00000043.jpg,6,0 0 0 0 0 1 0 ,0 0 1 0 0 0 ,0 1 0 
Belted_Rose_Babydoll_Dress-img_00000006.jpg,41,1 0 0 0 0 0 0 ,0 1 0 0 0 0 ,0 0 1 
Ribbed_Crop_Tank-img_00000025.jpg,17,0 0 0 0 0 1 0 ,0 0 0 0 0 1 ,1 0 0 
Embroidered_Shift_Dress-img_00000023.jpg,41,0 0 0 1 0 0 0 ,0 0 1 0 0 0 ,0 0 1 
Slub_Knit_Cardigan-img_00000038.jpg,6,0 0 0 0 0 1 0 ,0 0 0 0 0 1 ,0 0 1 
Metallic_Wrap_Skirt-img_00000052.jpg,33,0 0 0 0 0 1 0 ,0 0 0 1 0 0 ,0 0 1 
Chiffon_Plaid_Blouse-img_00000098.jpg,3,0 0 0 0 0 0 1 ,0 1 0 0 0 0 ,0 0 1 
Quilted_Moto_Jacket-img_00000063.jpg,11,0 0 0 0 0 1 0 ,0 0 0 1 0 0 ,0 0 1 
Chiffon-Paneled_Marled_Sweater-img_00000031.jpg,16,1 0 0 0 0 0 0 ,0 0 0 0 0 1 ,0 0 1 
Embroidered_Floral_Dress-img_00000012.jpg,41,0 0 0 1 0 0 0 ,0 1 0 0 0 0 ,0 0 1 
Chambray_Shirt_Dress-img_00000054.jpg,41,0 0 0 0 0 1 0 ,1 0 0 0 0 0 ,0 0 1 
Heathered_Pocket_Tee-img_00000017.jpg,18,0 0 0 0 0 1 0 ,0 0 1 0 0 0 ,0 0 1 
Faux_Fur_Trimmed_Moto_Jacket-img_00000079.jpg,11,0 0 0 0 0 1 0 ,0 0 1 0 0 0 ,0 0 1 
Ruffled_Rose_Blouse-img_00000068.jpg,3,0 0 0 0 0 1 0 ,0 0 1 0 0 0 ,0 0 1 
Mesh_Drawstring_Shorts-img_00000022.jpg,32,0 0 0 1 0 0 0 ,0 0 1 0 0 0 ,0 0 1 
Open_Knit_Raglan_Sweater-img_00000026.jpg,16,0 0 0 0 0 1 0 ,0 0 0 0 0 1 ,0 0 1 
Backless_Surplice_Cami_Dress-img_00000021.jpg,41,0 0 0 0 0 1 0 ,0 0 1 0 0 0 ,0 0 1 
Lace_Cami_Jumpsuit-img_00000014.jpg,42,0 0 0 0 0 1 0 ,0 0 1 0 0 0 ,0 0 1 
Stripe_Slub_Knit_Tee-img_00000023.jpg,18,0 0 1 0 0 0 0 ,0 0 1 0 0 0 ,0 0 1 
Solid_Denim_Cutoffs-img_00000060.jpg,24,0 0 0 0 0 1 0 ,1 0 0 0 0 0 ,0 0 1 
Cutout_Back_Striped_Sweater-img_00000024.jpg,16,0 0 1 0 0 0 0 ,0 0 0 0 0 1 ,0 0 1 
Linen_Drawstring_Shorts-img_00000064.jpg,32,0 0 0 0 0 1 0 ,0 0 1 0 0 0 ,0 0 1 
Cutout_Halter_Maxi_Dress-img_00000054.jpg,41,0 0 0 0 0 1 0 ,0 0 1 0 0 0 ,0 0 1 
Hooded_Longline_Cardigan-img_00000018.jpg,6,0 0 0 0 0 1 0 ,0 0 0 0 0 1 ,0 0 1 
Striped_Strapless_Jumpsuit-img_00000010.jpg,42,0 0 1 0 0 0 0 ,0 0 1 0 0 0 ,0 0 1 
Everyday_Tank-img_00000061.jpg,17,1 0 0 0 0 0 0 ,0 0 1 0 0 0 ,0 0 1 
Dotted_Ruffle_Blouse-img_00000040.jpg,3,0 1 0 0 0 0 0 ,0 0 1 0 0 0 ,0 0 1 
Tie-Dye_Dolman_Sleeve_Dress-img_00000040.jpg,41,0 0 0 0 0 1 0 ,0 0 1 0 0 0 ,0 0 1 
Striped_Ikat_Drawstring_Shorts-img_00000024.jpg,32,1 0 0 0 0 0 0 ,0 0 1 0 0 0 ,0 0 1 
Hooded_Bomber_Jacket-img_00000066.jpg,11,0 0 0 0 0 1 0 ,0 0 1 0 0 0 ,0 0 1 
Striped_Sweater-img_00000032.jpg,16,0 0 1 0 0 0 0 ,0 0 0 0 0 1 ,0 0 1 
Southwestern-Printed_Babydoll_Dress-img_00000008.jpg,41,0 1 0 0 0 0 0 ,0 0 1 0 0 0 ,0 0 1 
Button-Front_Blazer-img_00000100.jpg,2,0 0 0 0 0 1 0 ,1 0 0 0 0 0 ,1 0 0 
Longline_Plaid_Shirt_Dress-img_00000006.jpg,41,0 0 0 0 0 0 1 ,0 0 1 0 0 0 ,0 0 1 
Heathered_Scuba_Knit_Bomber_Jacket-img_00000018.jpg,11,0 0 0 0 0 1 0 ,0 0 1 0 0 0 ,0 0 1 
V-Cut_Back_Dress-img_00000013.jpg,41,0 0 0 1 0 0 0 ,0 1 0 0 0 0 ,0 0 1 
Floral_Print_Tank-img_00000062.jpg,17,1 0 0 0 0 0 0 ,0 0 1 0 0 0 ,0 0 1 
Civil_Colorblocked_Mesh_Tee-img_00000003.jpg,18,0 1 0 0 0 0 0 ,0 0 1 0 0 0 ,0 0 1 
Ribbed_Side_Zipper_Tank-img_00000024.jpg,17,0 0 0 0 0 1 0 ,0 0 1 0 0 0 ,1 0 0 
Boxy_Rose_Print_Tee-img_00000014.jpg,18,1 0 0 0 0 0 0 ,0 0 1 0 0 0 ,0 0 1 
Dotted_Stripes_Tank-img_00000019.jpg,17,0 0 1 0 0 0 0 ,0 0 1 0 0 0 ,0 0 1 
Star_Print_T-Shirt_Dress-img_00000001.jpg,41,0 1 0 0 0 0 0 ,0 0 1 0 0 0 ,0 0 1 
Mesh-Paneled_Drawstring_Skirt-img_00000005.jpg,33,0 0 0 0 0 1 0 ,0 0 1 0 0 0 ,0 0 1 
Triangle-Patterned_Dolman_Cardigan-img_00000021.jpg,6,0 1 0 0 0 0 0 ,0 0 1 0 0 0 ,0 1 0 
Athletic-Striped_Racerback_Crop_Top-img_00000045.jpg,19,0 0 0 0 0 1 0 ,0 1 0 0 0 0 ,1 0 0 
Lace_Trimmed_Blouse-img_00000001.jpg,3,0 0 0 1 0 0 0 ,0 1 0 0 0 0 ,0 0 1 
Crisscross_Neckline_Peasant_Blouse-img_00000023.jpg,3,0 0 0 1 0 0 0 ,0 0 1 0 0 0 ,0 1 0 
Floral_Cami_Dress-img_00000076.jpg,41,1 0 0 0 0 0 0 ,0 0 1 0 0 0 ,0 0 1 
Tasseled_Crochet_Shift_Dress-img_00000024.jpg,41,0 0 0 1 0 0 0 ,0 0 0 0 0 1 ,0 0 1 
Textured_Zigzag_Bodycon_Dress-img_00000048.jpg,41,0 1 0 0 0 0 0 ,0 0 1 0 0 0 ,0 0 1 
Mesh-Trimmed_Bib_Blouse-img_00000016.jpg,3,0 0 0 0 0 1 0 ,0 0 1 0 0 0 ,0 0 1 
Abstract_Geo_V-Neck_Top-img_00000033.jpg,19,0 1 0 0 0 0 0 ,0 0 1 0 0 0 ,0 1 0 
Crochet_Drawstring_Shorts-img_00000012.jpg,32,0 0 0 1 0 0 0 ,0 0 0 0 0 1 ,0 0 1 
Crepe_Woven_Sleeveless_Blouse-img_00000053.jpg,3,0 0 0 0 0 1 0 ,0 1 0 0 0 0 ,0 0 1 
Chiffon_Longline_Halter_Top-img_00000017.jpg,19,0 0 0 0 0 1 0 ,0 1 0 0 0 0 ,0 0 1 
Longline_Side-Slit_Blazer-img_00000051.jpg,2,0 0 0 0 0 1 0 ,0 0 1 0 0 0 ,0 0 1 
Chiffon-Paneled_Maxi_Dress-img_00000029.jpg,41,0 0 0 0 0 1 0 ,0 0 1 0 0 0 ,0 0 1 
Faux_Suede_Fringe_Jacket-img_00000027.jpg,11,0 0 0 0 0 1 0 ,0 0 0 1 0 0 ,0 0 1 
Embroidered_Chiffon_Blouse-img_00000061.jpg,3,0 0 0 1 0 0 0 ,0 1 0 0 0 0 ,0 0 1 
Distressed_Denim_Jeans-img_00000037.jpg,26,0 0 0 0 0 1 0 ,1 0 0 0 0 0 ,0 0 1 
Floral_Foliage_Peasant_Dress-img_00000030.jpg,41,1 0 0 0 0 0 0 ,0 0 1 0 0 0 ,0 0 1 
Tie-Front_Striped_Tee-img_00000011.jpg,18,0 0 1 0 0 0 0 ,0 0 1 0 0 0 ,0 0 1 
Lace-Paneled_Smock_Dress-img_00000023.jpg,41,0 0 0 1 0 0 0 ,0 0 1 0 0 0 ,0 0 1 
Open-Back_Jumpsuit-img_00000019.jpg,42,0 0 0 0 0 1 0 ,0 0 1 0 0 0 ,1 0 0 
Floral_Cami_Dress-img_00000063.jpg,41,1 0 0 0 0 0 0 ,0 0 1 0 0 0 ,0 0 1 
Colorblock_Woven_Running_Shorts-img_00000035.jpg,32,0 0 0 0 0 1 0 ,0 0 1 0 0 0 ,0 0 1 
Mesh-Paneled_Shift_Dress-img_00000011.jpg,41,0 0 0 0 0 1 0 ,0 0 1 0 0 0 ,1 0 0 
Geo_Moment_High-Waisted_Shorts-img_00000033.jpg,32,0 0 0 0 0 1 0 ,0 1 0 0 0 0 ,0 0 1 
Crochet_Trim_Tribal_Print_Shorts-img_00000011.jpg,32,0 1 0 0 0 0 0 ,0 0 1 0 0 0 ,0 0 1 
Geo_Striped_Maxi_Dress-img_00000032.jpg,41,0 0 0 1 0 0 0 ,0 0 0 0 0 1 ,0 0 1 
Mesh-Paneled_Capri_Leggings-img_00000013.jpg,30,0 0 0 0 0 1 0 ,0 0 1 0 0 0 ,1 0 0 
Best_Friend_Muscle_Tee-img_00000003.jpg,18,0 1 0 0 0 0 0 ,0 0 1 0 0 0 ,0 1 0 
Embroidered_Mini_Skirt-img_00000047.jpg,33,0 0 0 1 0 0 0 ,0 0 1 0 0 0 ,0 0 1 
Crochet-Patch_Boyfriend_Jeans-img_00000009.jpg,26,0 0 0 0 0 1 0 ,1 0 0 0 0 0 ,0 0 1 
Tupac_Graphic_Tee-img_00000048.jpg,18,0 1 0 0 0 0 0 ,0 0 1 0 0 0 ,0 0 1 
Strapless_Jumpsuit-img_00000037.jpg,42,1 0 0 0 0 0 0 ,0 0 1 0 0 0 ,0 0 1 
Leopard_Print_Longline_Cardigan-img_00000005.jpg,6,0 1 0 0 0 0 0 ,0 0 1 0 0 0 ,0 0 1 
Abstract_Pattern_Bodycon_Dress-img_00000001.jpg,41,0 1 0 0 0 0 0 ,0 0 1 0 0 0 ,1 0 0 
Crochet-Trimmed_Gauze_Maxi_Dress-img_00000001.jpg,41,0 0 0 0 0 1 0 ,0 0 1 0 0 0 ,0 0 1 
Caged_Back_Jumpsuit-img_00000024.jpg,42,0 0 0 0 0 1 0 ,0 0 1 0 0 0 ,1 0 0 
Ribbed_Knit_Dress-img_00000044.jpg,41,0 0 0 0 0 1 0 ,0 0 0 0 0 1 ,1 0 0 
Colorblocked_Tee-img_00000004.jpg,18,0 0 1 0 0 0 0 ,0 0 1 0 0 0 ,0 0 1 
Whale_Print_Tee-img_00000019.jpg,18,0 1 0 0 0 0 0 ,0 0 1 0 0 0 ,0 0 1 
Embroidered_Mini_Skirt-img_00000027.jpg,33,0 0 0 1 0 0 0 ,0 0 1 0 0 0 ,0 0 1 
Striped_Metallic-Woven_Sweater-img_00000042.jpg,16,0 0 0 0 0 1 0 ,0 0 0 0 0 1 ,0 0 1 
Tie-Dye_Sweatshorts-img_00000026.jpg,35,1 0 0 0 0 0 0 ,0 0 1 0 0 0 ,0 0 1 
Free_Spirit_Muscle_Tee-img_00000020.jpg,18,0 1 0 0 0 0 0 ,0 0 1 0 0 0 ,0 0 1 
Sleeveless_Zip-Front_Hoodie-img_00000007.jpg,10,0 1 0 0 0 0 0 ,0 0 1 0 0 0 ,0 0 1 
Lace-Paneled_Satin_Robe-img_00000020.jpg,47,0 0 0 1 0 0 0 ,0 1 0 0 0 0 ,0 0 1 
Leaf_Print_Halter_Dress-img_00000019.jpg,41,1 0 0 0 0 0 0 ,0 0 1 0 0 0 ,1 0 0 
Embroidered_Tunic_Dress-img_00000035.jpg,41,0 1 0 0 0 0 0 ,0 0 1 0 0 0 ,0 0 1 
Southwestern-Printed_Surplice_Romper-img_00000004.jpg,48,0 1 0 0 0 0 0 ,0 0 1 0 0 0 ,0 0 1 
Polka_Dot_Matelot_Shorts-img_00000038.jpg,32,0 1 0 0 0 0 0 ,0 0 1 0 0 0 ,0 0 1 
Brooklyn_Nets_Graphic_Tank-img_00000001.jpg,17,0 1 0 0 0 0 0 ,0 1 0 0 0 0 ,0 0 1 
Boxy_Crochet_Top-img_00000014.jpg,19,0 0 0 0 0 1 0 ,0 0 1 0 0 0 ,0 0 1 
Rose_Print_Flutter_Sleeve_Blouse-img_00000057.jpg,3,0 0 0 0 0 1 0 ,0 0 1 0 0 0 ,0 0 1 
Dainty_A-Line_Dress-img_00000054.jpg,41,0 1 0 0 0 0 0 ,0 0 0 0 1 0 ,0 0 1 
Stripe_V-Neck_Tee-img_00000018.jpg,18,0 0 1 0 0 0 0 ,0 0 1 0 0 0 ,0 0 1 
Textured_Bodycon_Dress-img_00000067.jpg,41,0 0 0 0 0 1 0 ,0 0 1 0 0 0 ,1 0 0 
Contrast-Trimmed_Sweater-img_00000041.jpg,16,0 0 1 0 0 0 0 ,0 0 0 0 0 1 ,0 0 1 
Southwest_Bound_Shag_Sweater-img_00000035.jpg,16,0 0 1 0 0 0 0 ,0 0 0 0 0 1 ,0 0 1 
Textured_Woven_Blazer-img_00000031.jpg,2,0 0 0 0 0 1 0 ,0 0 1 0 0 0 ,1 0 0 
Draped_Marled_Knit_Cardigan-img_00000034.jpg,6,0 0 0 0 0 1 0 ,0 0 1 0 0 0 ,0 1 0 
Floral_Lace_Shorts-img_00000052.jpg,32,1 0 0 0 0 0 0 ,0 0 1 0 0 0 ,0 0 1 
Shirred_Sateen_Maxi_Skirt-img_00000017.jpg,33,0 1 0 0 0 0 0 ,0 0 1 0 0 0 ,0 0 1 
Striped_Maxi_Dress-img_00000004.jpg,41,0 0 1 0 0 0 0 ,0 0 1 0 0 0 ,0 0 1 
Classic_Split-Neck_Blouse-img_00000037.jpg,3,0 1 0 0 0 0 0 ,0 0 1 0 0 0 ,0 0 1 
Paisley_Print_Dress-img_00000015.jpg,41,1 0 0 0 0 0 0 ,0 0 1 0 0 0 ,0 0 1 
Collarless_Floral_Print_Jacket-img_00000008.jpg,11,1 0 0 0 0 0 0 ,0 0 1 0 0 0 ,0 0 1 
Scoop_Neck_Tee-img_00000038.jpg,18,0 0 0 0 0 1 0 ,0 0 1 0 0 0 ,0 0 1 
Embroidered_Mini_Skirt-img_00000043.jpg,33,0 1 0 0 0 0 0 ,0 0 1 0 0 0 ,0 0 1 
Dotted_Crepe_Blouse-img_00000015.jpg,3,0 0 0 0 0 1 0 ,0 1 0 0 0 0 ,0 0 1 
High_Waist_Striped_Shorts-img_00000075.jpg,32,0 0 0 0 0 1 0 ,0 0 1 0 0 0 ,1 0 0 
Cuffed_Chino_Shorts-img_00000011.jpg,32,0 0 0 0 0 1 0 ,0 0 1 0 0 0 ,0 0 1 
Caged_Halter_Top-img_00000030.jpg,19,0 0 0 0 0 1 0 ,0 0 1 0 0 0 ,1 0 0 
Longline_Baseball_Jersey-img_00000029.jpg,12,0 0 0 0 0 1 0 ,0 0 1 0 0 0 ,0 0 1 
Striped_Sweater-Knit_Hoodie-img_00000042.jpg,10,0 1 0 0 0 0 0 ,0 0 0 0 0 1 ,0 0 1 
Embroidered_Lace_A-Line_Dress-img_00000051.jpg,41,0 0 0 1 0 0 0 ,0 1 0 0 0 0 ,0 0 1 
Prep_School_Varsity_Cardigan-img_00000039.jpg,6,0 0 0 0 0 1 0 ,0 0 1 0 0 0 ,0 0 1 
Classic_Crocheted_Lace_Blouse-img_00000046.jpg,3,0 0 0 1 0 0 0 ,0 1 0 0 0 0 ,0 0 1 
Faux_Leather_Cutout_Jacket-img_00000024.jpg,11,0 0 0 0 0 1 0 ,0 0 0 1 0 0 ,0 0 1 
Kaleidoscope_Flounce_Maxi_Dress-img_00000005.jpg,41,1 0 0 0 0 0 0 ,0 0 1 0 0 0 ,0 0 1 
Collarless_Popover_Blouse-img_00000046.jpg,3,0 0 0 0 0 1 0 ,0 0 1 0 0 0 ,0 0 1 
Chevron-Striped_Maxi_Dress-img_00000010.jpg,41,0 1 0 0 0 0 0 ,0 0 1 0 0 0 ,0 0 1 
Cowl_Neck_Sweater-img_00000073.jpg,16,0 0 0 0 0 1 0 ,0 0 0 0 0 1 ,0 0 1 
Cross-Back_Bodycon_Dress-img_00000013.jpg,41,0 0 0 0 0 1 0 ,0 0 1 0 0 0 ,0 0 1 
Distressed_Ghostbusters_Muscle_Tank-img_00000009.jpg,17,0 1 0 0 0 0 0 ,0 0 1 0 0 0 ,0 0 1 
Boxy_Crepe_Top-img_00000001.jpg,19,0 0 0 0 0 1 0 ,0 1 0 0 0 0 ,0 0 1 
Cutout-Front_Textured_Bodycon_Dress-img_00000024.jpg,41,0 0 0 0 0 1 0 ,0 0 1 0 0 0 ,0 0 1 
Butterfly_Sleeve_Sheath_Dress-img_00000014.jpg,41,0 1 0 0 0 0 0 ,0 1 0 0 0 0 ,0 0 1 
Colorblocked_Raglan_Baseball_Tee-img_00000002.jpg,18,0 0 0 0 0 1 0 ,0 0 1 0 0 0 ,0 0 1 
Classic_Woven_Top-img_00000010.jpg,19,0 1 0 0 0 0 0 ,0 0 1 0 0 0 ,0 0 1 
Fold-Over_Capri_Leggings-img_00000030.jpg,30,0 0 0 0 0 1 0 ,0 0 1 0 0 0 ,1 0 0 
Cotton_Modal-Blend_Tank-img_00000024.jpg,17,0 0 0 0 0 1 0 ,0 0 1 0 0 0 ,0 0 1 
Two-Button_Blazer-img_00000050.jpg,2,0 0 0 0 0 1 0 ,0 0 1 0 0 0 ,0 0 1 
Above_Average_Linen_Tee-img_00000028.jpg,18,0 0 0 0 0 1 0 ,0 0 1 0 0 0 ,0 0 1 
Sheer_Embroidered_Tank-img_00000008.jpg,17,0 0 0 1 0 0 0 ,0 1 0 0 0 0 ,0 0 1 
Classic_Striped_Tee-img_00000066.jpg,18,0 0 1 0 0 0 0 ,0 0 1 0 0 0 ,0 0 1 
Abstract_Windowpane-Patterned_Skirt-img_00000011.jpg,33,1 0 0 0 0 0 0 ,0 1 0 0 0 0 ,0 0 1 
Pleated_Maxi_Skirt-img_00000064.jpg,33,0 0 0 0 1 0 0 ,0 1 0 0 0 0 ,0 1 0 
City_of_NY_Tank-img_00000026.jpg,17,0 1 0 0 0 0 0 ,0 0 1 0 0 0 ,0 0 1 
Vibrant_Rose_Strapless_Dress-img_00000043.jpg,41,0 0 0 0 1 0 0 ,0 1 0 0 0 0 ,0 0 1 
Cutout_A-Line_Dress-img_00000014.jpg,41,0 0 0 0 1 0 0 ,0 0 1 0 0 0 ,0 0 1 
Draped_Tie-Back_Midi_Dress-img_00000063.jpg,41,0 0 0 0 0 1 0 ,0 0 1 0 0 0 ,0 0 1 
Faux_Fur-Trimmed_Southwestern-Patterned_Cardigan-img_00000015.jpg,6,1 0 0 0 0 0 0 ,0 0 0 0 0 1 ,0 0 1 
N.W.A._Graphic_Tank-img_00000001.jpg,17,0 1 0 0 0 0 0 ,0 0 1 0 0 0 ,0 0 1 
Bull_Graphic_Muscle_Tee-img_00000004.jpg,18,0 1 0 0 0 0 0 ,0 0 1 0 0 0 ,0 0 1 
Abstract_Print_Maxi_Dress-img_00000049.jpg,41,0 1 0 0 0 0 0 ,0 1 0 0 0 0 ,0 0 1 
Lace_Trimmed_Blouse-img_00000117.jpg,3,0 0 0 0 0 1 0 ,0 1 0 0 0 0 ,0 0 1 
Botanical_Print_V-Neck_Romper-img_00000022.jpg,48,0 0 0 0 0 1 0 ,0 1 0 0 0 0 ,0 0 1 
Abstract_Stripe_Top-img_00000023.jpg,19,0 0 1 0 0 0 0 ,0 1 0 0 0 0 ,0 0 1 
Draped_Asymmetrical_Front_Jacket-img_00000049.jpg,11,0 0 0 0 0 1 0 ,0 0 1 0 0 0 ,0 0 1 
Tupac_Baroque_Print_Jersey_Tank-img_00000001.jpg,17,0 1 0 0 0 0 0 ,0 0 1 0 0 0 ,0 0 1 
Must-Have_Ruched_Blazer-img_00000042.jpg,2,0 0 0 0 0 1 0 ,0 0 1 0 0 0 ,1 0 0 
Geo_Stripe_Tank-img_00000029.jpg,17,0 0 1 0 0 0 0 ,0 0 1 0 0 0 ,0 0 1 
Open-Knit_High-Slit_Maxi_Dress-img_00000006.jpg,41,1 0 0 0 0 0 0 ,0 0 1 0 0 0 ,0 0 1 
Open-Back_Blouse-img_00000145.jpg,3,0 0 0 0 0 1 0 ,0 1 0 0 0 0 ,0 0 1 
Tribal_Patterned_Jacket-img_00000027.jpg,11,0 0 0 0 0 1 0 ,0 0 1 0 0 0 ,0 0 1 
Cuffed_Knit_Blazer-img_00000063.jpg,2,0 0 0 1 0 0 0 ,0 0 0 0 0 1 ,0 0 1 
Basic_V-Neck_Tee-img_00000001.jpg,18,0 0 0 0 0 1 0 ,0 0 1 0 0 0 ,0 0 1 
Pintucked_Pleat-Hem_Blouse-img_00000036.jpg,3,0 0 0 0 0 1 0 ,0 0 1 0 0 0 ,0 0 1 
Sleeveless_Hoodie-img_00000044.jpg,10,0 0 0 0 0 1 0 ,0 0 1 0 0 0 ,0 0 1 
Mock_Neck_Velveteen_Dress-img_00000018.jpg,41,0 0 0 0 0 1 0 ,0 0 1 0 0 0 ,0 0 1 
Crochet_Yoke_Embroidered_Dress-img_00000022.jpg,41,0 0 0 0 0 1 0 ,0 1 0 0 0 0 ,0 0 1 
Southwestern_Print_Poncho-img_00000040.jpg,15,0 1 0 0 0 0 0 ,0 0 1 0 0 0 ,0 1 0 
Destroyed_Slim-Leg_Jeans-img_00000002.jpg,26,0 0 0 0 0 1 0 ,1 0 0 0 0 0 ,1 0 0 
Crinkled_Satin_Halter_Dress-img_00000036.jpg,41,0 0 0 0 1 0 0 ,0 1 0 0 0 0 ,0 0 1 
Sporty_Girl_Skater_Dress-img_00000003.jpg,41,0 1 0 0 0 0 0 ,0 0 1 0 0 0 ,0 0 1 
Classic_Cuffed_Blazer-img_00000029.jpg,2,0 0 0 0 0 1 0 ,0 0 1 0 0 0 ,1 0 0 
Pleated_Woven_Blouse-img_00000080.jpg,3,0 0 0 0 0 1 0 ,0 0 1 0 0 0 ,0 0 1 
Mesh-Paneled_Capri_Leggings-img_00000024.jpg,30,0 0 0 1 0 0 0 ,0 0 1 0 0 0 ,1 0 0 
Eyelash_Lace-Paneled_Blouse-img_00000057.jpg,3,0 0 0 1 0 0 0 ,0 1 0 0 0 0 ,0 0 1 
High-Rise_Denim_Shorts-img_00000074.jpg,32,0 0 0 0 0 1 0 ,1 0 0 0 0 0 ,1 0 0 
Mesh-Pocket_Sweatshorts-img_00000055.jpg,35,0 1 0 0 0 0 0 ,0 0 1 0 0 0 ,0 0 1 
Marled_Tuxedo-Stripe_Joggers-img_00000019.jpg,29,1 0 0 0 0 0 0 ,0 0 1 0 0 0 ,0 0 1 
Distressed_Paris_Muscle_Tee-img_00000019.jpg,18,0 0 0 0 0 1 0 ,0 0 1 0 0 0 ,0 0 1 
Tribal-Inspired_Print_Kimono-img_00000023.jpg,44,1 0 0 0 0 0 0 ,0 0 1 0 0 0 ,0 0 1 
Faux_Fur_Collar_Coat-img_00000018.jpg,39,0 0 0 0 0 1 0 ,0 0 1 0 0 0 ,0 0 1 
Striped_Topstitched_Drop-Sleeve_Sweater-img_00000023.jpg,16,0 0 0 0 0 1 0 ,0 0 1 0 0 0 ,0 0 1 
Chevron-Striped_Maxi_Dress-img_00000026.jpg,41,0 1 0 0 0 0 0 ,0 0 1 0 0 0 ,0 0 1 
Tribal_Print_Dolphin_Shorts-img_00000005.jpg,32,0 1 0 0 0 0 0 ,0 0 1 0 0 0 ,0 0 1 
Boxy_Ribbed_Knit_Tank-img_00000030.jpg,17,0 0 1 0 0 0 0 ,0 0 1 0 0 0 ,0 0 1 
Belted_Skater_Dress-img_00000028.jpg,41,0 0 0 0 0 1 0 ,0 0 1 0 0 0 ,0 0 1 
Enchanted_Maxi_Dress-img_00000005.jpg,41,1 0 0 0 0 0 0 ,0 0 1 0 0 0 ,0 0 1 
V-Neck_Sweater-img_00000007.jpg,16,0 0 0 0 0 1 0 ,0 0 0 0 0 1 ,0 0 1 
Linen_Overall_Dress-img_00000042.jpg,41,0 0 0 0 0 1 0 ,0 0 1 0 0 0 ,0 0 1 
Chambray_Jumpsuit-img_00000036.jpg,42,0 0 0 0 0 1 0 ,1 0 0 0 0 0 ,0 0 1 
Quilted_Drawstring_Sweatshorts-img_00000001.jpg,35,0 0 0 0 0 1 0 ,0 0 1 0 0 0 ,0 0 1 
Chunky_Marled_Knit_Sweater-img_00000030.jpg,16,1 0 0 0 0 0 0 ,0 0 0 0 0 1 ,0 0 1 
Square_Neck_Skater_Dress-img_00000029.jpg,41,0 0 0 0 0 1 0 ,0 0 1 0 0 0 ,0 0 1 
Southwestern-Patterned_Pocket_Tee-img_00000042.jpg,18,0 1 0 0 0 0 0 ,0 0 1 0 0 0 ,0 0 1 
Transformers_Muscle_Tee-img_00000003.jpg,18,0 1 0 0 0 0 0 ,0 0 1 0 0 0 ,0 0 1 
Classic_Longline_Knit_Cardigan-img_00000005.jpg,6,0 0 0 0 0 0 1 ,0 0 0 0 0 1 ,0 0 1 
West_Coast_Mesh_Jersey-img_00000027.jpg,12,0 1 0 0 0 0 0 ,0 0 1 0 0 0 ,0 0 1 
Longline_Batwing_Cardigan-img_00000011.jpg,6,0 0 0 0 0 1 0 ,0 0 1 0 0 0 ,0 1 0 
Malibu_Beach_Muscle_Tee-img_00000006.jpg,18,0 0 0 0 0 1 0 ,0 0 1 0 0 0 ,0 0 1 
Butterfly_Print_Scuba_Knit_Skirt-img_00000020.jpg,33,1 0 0 0 0 0 0 ,0 0 1 0 0 0 ,1 0 0 
Cap-Sleeved_Midi_Dress-img_00000039.jpg,41,0 1 0 0 0 0 0 ,0 0 1 0 0 0 ,1 0 0 
Daisy_Print_Drawstring_Shorts-img_00000030.jpg,32,1 0 0 0 0 0 0 ,0 0 1 0 0 0 ,0 0 1 
Strapless_X-Ray_Roses_Dress-img_00000010.jpg,41,0 0 0 0 0 1 0 ,0 0 1 0 0 0 ,0 0 1 
Floral_Windowpane_Print_Dress-img_00000054.jpg,41,1 0 0 0 0 0 0 ,0 0 1 0 0 0 ,0 0 1 
Geo-Patterned_Lace_Fringe_Cardigan-img_00000034.jpg,6,0 0 0 1 0 0 0 ,0 0 0 0 0 1 ,0 0 1 
Paint_It_Red_Wanderlust_Dress-img_00000031.jpg,41,1 0 0 0 0 0 0 ,0 0 1 0 0 0 ,0 0 1 
Twisted_V-Back_Dress-img_00000051.jpg,41,0 0 0 0 0 1 0 ,0 0 1 0 0 0 ,0 0 1 
Colorblocked_Foldover_Leggings-img_00000022.jpg,30,0 0 0 0 0 1 0 ,0 0 1 0 0 0 ,1 0 0 
2-in-1_Space_Dye_Athletic_Tank-img_00000023.jpg,17,1 0 0 0 0 0 0 ,0 0 1 0 0 0 ,1 0 0 
Garden_Party_Bow_Dress-img_00000024.jpg,41,1 0 0 0 0 0 0 ,0 0 1 0 0 0 ,0 0 1 
Collarless_Faux_Fur_Jacket-img_00000031.jpg,11,0 0 0 0 0 1 0 ,0 0 0 0 1 0 ,0 0 1 
Prairie-Embroidered_Peplum_Blouse-img_00000006.jpg,3,0 0 0 0 0 1 0 ,0 0 1 0 0 0 ,0 0 1 
Tribal-Inspired_Maxi_Dress-img_00000025.jpg,41,0 0 0 1 0 0 0 ,0 1 0 0 0 0 ,0 0 1 
Longline_Chambray_Overall_Dress-img_00000020.jpg,41,0 1 0 0 0 0 0 ,0 0 1 0 0 0 ,0 0 1 
Lace-Trimmed_Cutout_Halter_Romper-img_00000020.jpg,48,0 0 0 0 0 1 0 ,0 0 1 0 0 0 ,1 0 0 
Wearing_Today_Tee-img_00000071.jpg,18,0 1 0 0 0 0 0 ,0 0 1 0 0 0 ,0 0 1 
Abstract_Self-Tie_Back_Dress-img_00000037.jpg,41,1 0 0 0 0 0 0 ,0 0 1 0 0 0 ,0 0 1 
West_Coast_Jersey-img_00000046.jpg,12,0 1 0 0 0 0 0 ,0 0 1 0 0 0 ,0 0 1 
Tropical_Floral_Bodycon_Dress-img_00000033.jpg,41,1 0 0 0 0 0 0 ,0 0 1 0 0 0 ,1 0 0 
Sleeveless_Combo_Jumpsuit-img_00000031.jpg,42,0 0 0 0 0 1 0 ,0 0 1 0 0 0 ,0 0 1 
Tulip_Sleeve_Satin_Blouse-img_00000086.jpg,3,0 0 0 0 0 1 0 ,0 0 1 0 0 0 ,0 0 1 
Yes_Please_Knot-Front_Tee-img_00000002.jpg,18,0 0 0 0 0 1 0 ,0 0 1 0 0 0 ,0 0 1 
Diamond_Print_Cami_Jumpsuit-img_00000027.jpg,42,1 0 0 0 0 0 0 ,0 0 1 0 0 0 ,0 0 1 
Floral_Print_Cutout_Dress-img_00000015.jpg,41,1 0 0 0 0 0 0 ,0 1 0 0 0 0 ,0 0 1 
Cutout-Back_Floral_Print_Dress-img_00000030.jpg,41,1 0 0 0 0 0 0 ,0 1 0 0 0 0 ,0 1 0 
Life_in_Progress_Bleached_Chambray_Romper-img_00000003.jpg,48,0 0 0 0 0 1 0 ,1 0 0 0 0 0 ,0 0 1 
Ornate_Lace_Romper-img_00000016.jpg,48,0 0 0 0 0 1 0 ,0 0 1 0 0 0 ,0 0 1 
Floral_Lace_Strapless_Dress-img_00000042.jpg,41,0 0 0 1 0 0 0 ,0 0 0 0 0 1 ,0 0 1 
Longline_Boyfriend_Blazer-img_00000113.jpg,2,0 0 0 0 0 1 0 ,0 0 1 0 0 0 ,0 0 1 
Ribbed_Knit_Cardigan-img_00000013.jpg,6,0 0 0 0 0 1 0 ,0 0 0 0 0 1 ,0 0 1 
Crochet_Pleated_Sheath_Dress-img_00000038.jpg,41,0 0 0 1 0 0 0 ,0 1 0 0 0 0 ,0 0 1 
Floral_Print_Tie-Front_Blouse-img_00000091.jpg,3,1 0 0 0 0 0 0 ,0 0 1 0 0 0 ,0 0 1 
Faux_Suede_Shift_Dress-img_00000021.jpg,41,0 0 0 0 0 1 0 ,0 0 1 0 0 0 ,0 0 1 
Faux_Leather_Tank-img_00000029.jpg,17,0 0 0 0 0 1 0 ,0 0 0 1 0 0 ,0 0 1 
Life_In_Progress_Pixelated_Print_Chambray_Jumpsuit-img_00000007.jpg,42,0 1 0 0 0 0 0 ,0 0 1 0 0 0 ,0 0 1 
Brushed_Knit_Fringe_Top-img_00000003.jpg,19,0 0 0 1 0 0 0 ,0 1 0 0 0 0 ,0 0 1 
Laid_Back_Striped_Sweater-img_00000010.jpg,16,0 0 0 0 0 1 0 ,0 0 1 0 0 0 ,0 0 1 
Wild_At_Heart_Tee-img_00000053.jpg,18,0 1 0 0 0 0 0 ,0 0 1 0 0 0 ,0 0 1 
Button-Front_Drawstring_Romper-img_00000023.jpg,48,0 0 0 0 0 1 0 ,0 0 1 0 0 0 ,0 0 1 
Crisscross_Open-Back_Jumpsuit-img_00000052.jpg,42,0 0 0 0 1 0 0 ,0 1 0 0 0 0 ,0 0 1 
Button-Down_Plaid_Flannel-img_00000054.jpg,7,0 0 0 0 0 0 1 ,0 0 1 0 0 0 ,0 0 1 
Mineral_Wash_Jeggings-img_00000054.jpg,27,0 0 0 0 0 1 0 ,1 0 0 0 0 0 ,1 0 0 
Brushstroke_Print_Shirt_Dress-img_00000045.jpg,41,0 1 0 0 0 0 0 ,0 0 1 0 0 0 ,0 1 0 
Striped_Snoopy_Graphic_Tee-img_00000023.jpg,18,0 1 0 0 0 0 0 ,0 0 1 0 0 0 ,0 0 1 
Iconic_V-Neck_Cardigan-img_00000026.jpg,6,0 0 0 0 0 1 0 ,0 0 1 0 0 0 ,0 0 1 
Striped_Drop-Waist_Dress-img_00000027.jpg,41,0 0 1 0 0 0 0 ,0 0 1 0 0 0 ,0 0 1 
Wild_Youth_Cropped_Tee-img_00000034.jpg,18,0 0 1 0 0 0 0 ,0 0 1 0 0 0 ,0 0 1 
Rhinestone-Embellished_Maxi_Dress-img_00000052.jpg,41,0 0 0 1 0 0 0 ,0 1 0 0 0 0 ,0 0 1 
Faux_Fur_Collared_Zippered_Coat-img_00000002.jpg,39,0 0 0 0 0 1 0 ,0 0 0 1 0 0 ,0 0 1 
Collarless_Sequined_Jacket-img_00000030.jpg,11,0 0 0 0 0 1 0 ,0 0 1 0 0 0 ,0 0 1 
Heathered_V-Neck_Tee-img_00000019.jpg,18,0 1 0 0 0 0 0 ,0 0 1 0 0 0 ,0 0 1 
Abstract_Windowpane-Patterned_Skirt-img_00000001.jpg,33,0 0 1 0 0 0 0 ,0 0 1 0 0 0 ,0 0 1 
Abstract_Pattern_Bodycon_Dress-img_00000058.jpg,41,0 1 0 0 0 0 0 ,0 1 0 0 0 0 ,1 0 0 
Sleek_V-Back_Dress-img_00000050.jpg,41,0 0 0 0 0 1 0 ,0 0 1 0 0 0 ,0 0 1 
Box-Pleated_Maxi_Dress-img_00000048.jpg,41,0 0 0 0 0 1 0 ,0 0 1 0 0 0 ,0 0 1 
Dropped_Hem_Muscle_Tee-img_00000030.jpg,18,0 0 0 0 0 1 0 ,0 0 1 0 0 0 ,0 0 1 
Slouchy_Open-Knit_Cardigan-img_00000033.jpg,6,0 0 0 0 0 1 0 ,0 0 1 0 0 0 ,0 0 1 
Trimmed_Pocket_Tank-img_00000017.jpg,17,0 0 0 0 0 1 0 ,0 0 1 0 0 0 ,0 0 1 
Woven_Chelsea_Collar_Blouse-img_00000072.jpg,3,0 0 0 0 0 1 0 ,0 1 0 0 0 0 ,0 0 1 
Lace_Mini_Skirt-img_00000060.jpg,33,0 0 0 1 0 0 0 ,0 1 0 0 0 0 ,0 0 1 
Open-Front_Gauze_Kimono-img_00000014.jpg,44,0 1 0 0 0 0 0 ,0 0 1 0 0 0 ,0 0 1 
Cutoff_Sweat_Shorts-img_00000018.jpg,32,0 0 0 0 0 1 0 ,0 0 1 0 0 0 ,0 0 1 
Striped_Muscle_Tee-img_00000043.jpg,18,0 0 1 0 0 0 0 ,0 0 1 0 0 0 ,0 0 1 
Waist_Pocket_Shift_Dress-img_00000030.jpg,41,0 0 0 0 0 1 0 ,0 0 1 0 0 0 ,0 0 1 
Striped_Seersucker_Dress-img_00000040.jpg,41,0 0 1 0 0 0 0 ,0 0 1 0 0 0 ,0 0 1 
Open-Front_Multi-Stripe_Cardigan-img_00000011.jpg,6,0 0 1 0 0 0 0 ,0 0 0 0 0 1 ,0 0 1 
Geo_Knit_Maxi_Dress-img_00000017.jpg,41,0 1 0 0 0 0 0 ,0 0 1 0 0 0 ,0 0 1 
Racerback_Tank-img_00000012.jpg,17,0 0 0 0 0 1 0 ,0 0 1 0 0 0 ,0 0 1 
Tribal_Print_Drawstring_Joggers-img_00000037.jpg,29,0 0 0 0 0 1 0 ,0 0 1 0 0 0 ,0 0 1 
Double-Breasted_Blazer-img_00000067.jpg,2,0 0 0 0 0 0 1 ,0 0 1 0 0 0 ,1 0 0 
Ornate_Caged-Back_Dress-img_00000026.jpg,41,0 0 0 1 0 0 0 ,0 0 1 0 0 0 ,1 0 0 
Cotton_Modal-Blend_Tank-img_00000062.jpg,17,0 1 0 0 0 0 0 ,0 0 1 0 0 0 ,0 0 1 
Colorblock_Trapeze_Dress-img_00000025.jpg,41,0 0 0 0 1 0 0 ,0 1 0 0 0 0 ,0 0 1 
Diamond_Print_Halter_Cami_Dress-img_00000039.jpg,41,0 1 0 0 0 0 0 ,0 0 1 0 0 0 ,0 0 1 
Striped_Crop_Sweater-img_00000013.jpg,16,0 0 1 0 0 0 0 ,0 0 1 0 0 0 ,0 0 1 
Watercolor_Floral_Print_Blazer-img_00000049.jpg,2,0 0 0 0 0 1 0 ,0 0 1 0 0 0 ,0 0 1 
Floral_Paisley_Crochet_Jacket-img_00000039.jpg,11,0 0 0 1 0 0 0 ,0 0 0 0 0 1 ,0 0 1 
Leopard_Print_Maxi_Dress-img_00000059.jpg,41,0 1 0 0 0 0 0 ,0 0 1 0 0 0 ,0 0 1 
Ornate-Embroidered_Denim_Shorts-img_00000003.jpg,32,0 0 0 0 0 1 0 ,1 0 0 0 0 0 ,0 0 1 
Breton_Stripe_A-Line_Dress-img_00000012.jpg,41,0 0 1 0 0 0 0 ,0 0 1 0 0 0 ,0 0 1 
EPTM._Zippered_Stripe_Hoodie-img_00000008.jpg,10,0 1 0 0 0 0 0 ,0 0 1 0 0 0 ,0 0 1 
Mesh-Pocket_Sweatshorts-img_00000064.jpg,35,0 1 0 0 0 0 0 ,0 0 1 0 0 0 ,0 0 1 
Striped_Stretch-Knit_Dress-img_00000048.jpg,41,0 0 0 0 0 1 0 ,0 1 0 0 0 0 ,0 0 1 
Cami_Crochet_Romper-img_00000056.jpg,48,1 0 0 0 0 0 0 ,0 0 1 0 0 0 ,0 0 1 
Perforated_Faux_Leather_Tank-img_00000011.jpg,17,0 0 0 0 0 1 0 ,0 1 0 0 0 0 ,0 0 1 
Rolled-Edge_Sweater-img_00000016.jpg,16,0 0 0 0 0 1 0 ,0 0 0 0 0 1 ,0 0 1 
Polka_Dot_Print_Tee-img_00000016.jpg,18,0 1 0 0 0 0 0 ,0 0 1 0 0 0 ,0 0 1 
Boat_Neck_Heathered_Top-img_00000010.jpg,19,0 0 1 0 0 0 0 ,0 0 1 0 0 0 ,0 0 1 
Plaid_Fringe_Poncho-img_00000013.jpg,15,0 0 0 0 0 0 1 ,0 0 0 0 0 1 ,0 1 0 
Gathered_Floral_Lace_Dress-img_00000019.jpg,41,0 0 0 1 0 0 0 ,0 1 0 0 0 0 ,0 0 1 
Polka_Dot_Skater_Dress-img_00000016.jpg,41,0 1 0 0 0 0 0 ,0 0 1 0 0 0 ,0 0 1 
Cap-Sleeved_Midi_Dress-img_00000020.jpg,41,0 1 0 0 0 0 0 ,0 0 1 0 0 0 ,1 0 0 
Clear_Cut_High-Waisted_Shorts-img_00000029.jpg,32,0 0 0 0 0 1 0 ,1 0 0 0 0 0 ,0 0 1 
Abstract_Varsity-Striped_Top-img_00000003.jpg,19,1 0 0 0 0 0 0 ,0 0 1 0 0 0 ,0 0 1 
Contrast-Trimmed_Tank-img_00000032.jpg,17,0 0 0 0 0 1 0 ,0 0 1 0 0 0 ,0 0 1 
Belted_Utility_Romper-img_00000033.jpg,48,0 0 0 0 0 1 0 ,0 1 0 0 0 0 ,0 0 1 
Braided_Halter_Top-img_00000026.jpg,19,1 0 0 0 0 0 0 ,0 0 1 0 0 0 ,0 0 1 
Floral_Print_Kimono-img_00000042.jpg,44,1 0 0 0 0 0 0 ,0 0 1 0 0 0 ,0 1 0 
Linen_Racerback_Tank-img_00000059.jpg,17,0 0 0 0 0 1 0 ,0 0 0 0 0 1 ,0 0 1 
Contrast_Chiffon_Shift_Dress-img_00000038.jpg,41,0 0 0 1 0 0 0 ,0 1 0 0 0 0 ,0 0 1 
Tie-Dye_Crochet_Maxi_Dress-img_00000028.jpg,41,1 0 0 0 0 0 0 ,0 0 1 0 0 0 ,0 0 1 
Flounced_Metallic_Dotted_Cami_Dress-img_00000010.jpg,41,0 0 0 0 0 1 0 ,0 0 1 0 0 0 ,0 0 1 
Ornate_Surplice_Maxi_Dress-img_00000008.jpg,41,0 1 0 0 0 0 0 ,0 0 1 0 0 0 ,0 0 1 
V-Neck_Shift_Dress-img_00000002.jpg,41,0 0 0 0 0 1 0 ,0 0 1 0 0 0 ,0 0 1 
Backless_Bodycon_Dress-img_00000017.jpg,41,0 0 0 0 0 1 0 ,0 0 1 0 0 0 ,1 0 0 
Folk_Print_Cropped_Kimono-img_00000009.jpg,44,1 0 0 0 0 0 0 ,0 1 0 0 0 0 ,0 1 0 
Faux_Leather_Combo_Jumpsuit-img_00000016.jpg,42,0 0 0 0 0 1 0 ,0 0 1 0 0 0 ,0 0 1 
Floral_Print_Trapeze_Romper-img_00000015.jpg,48,1 0 0 0 0 0 0 ,0 1 0 0 0 0 ,0 1 0 
Draped_Cowl_Neck_Poncho-img_00000052.jpg,15,0 0 0 0 0 1 0 ,0 0 0 0 0 1 ,0 1 0 
Tribal_Print_Peasant_Blouse-img_00000084.jpg,3,0 1 0 0 0 0 0 ,0 0 1 0 0 0 ,0 0 1 
Lattice_Knit_Sweater-img_00000030.jpg,16,0 0 0 0 0 0 1 ,0 0 0 0 1 0 ,0 0 1 
Big_Apples_Tee-img_00000057.jpg,18,0 1 0 0 0 0 0 ,0 0 1 0 0 0 ,0 0 1 
Bodycon_Tank_Dress-img_00000082.jpg,41,0 0 0 0 0 1 0 ,0 0 1 0 0 0 ,1 0 0 
Wake_Up_Graphic_Tee-img_00000001.jpg,18,0 1 0 0 0 0 0 ,0 0 1 0 0 0 ,0 0 1 
High_Waist_Striped_Shorts-img_00000038.jpg,32,0 0 1 0 0 0 0 ,0 0 1 0 0 0 ,0 0 1 
Surplice_Woven_Dress-img_00000026.jpg,41,1 0 0 0 0 0 0 ,0 1 0 0 0 0 ,0 0 1 
Linen_Chambray_Shorts-img_00000004.jpg,32,0 0 0 0 0 1 0 ,0 0 1 0 0 0 ,0 0 1 
Floral_Print_Cami_Dress-img_00000020.jpg,41,1 0 0 0 0 0 0 ,0 0 1 0 0 0 ,0 0 1 
Texas_Longhorns_Muscle_Tee-img_00000018.jpg,18,0 0 0 0 0 1 0 ,0 0 1 0 0 0 ,0 0 1 
Beaded_Self-Tie_Romper-img_00000020.jpg,48,1 0 0 0 0 0 0 ,0 1 0 0 0 0 ,0 0 1 
Zippered_Knit_Leggings-img_00000005.jpg,30,0 0 0 0 0 1 0 ,0 0 1 0 0 0 ,1 0 0 
Longline_Crinkled_Blouse-img_00000066.jpg,3,0 0 0 0 0 1 0 ,0 0 1 0 0 0 ,0 0 1 
Tribal-Inspired_Maxi_Dress-img_00000030.jpg,41,0 1 0 0 0 0 0 ,0 0 1 0 0 0 ,0 0 1 
Butterfly_Print_Tie-Neck_Blouse-img_00000024.jpg,3,0 1 0 0 0 0 0 ,0 0 1 0 0 0 ,0 0 1 
Dainty_A-Line_Dress-img_00000020.jpg,41,0 1 0 0 0 0 0 ,0 0 1 0 0 0 ,0 0 1 
Marled_Colorblock_Capri_Leggings-img_00000028.jpg,30,0 0 0 0 0 1 0 ,0 0 1 0 0 0 ,1 0 0 
Bandana_Print_Muscle_Tee-img_00000020.jpg,18,1 0 0 0 0 0 0 ,0 0 1 0 0 0 ,0 0 1 
Heathered_Seamless_Capri_Leggings-img_00000021.jpg,30,0 0 0 0 0 1 0 ,0 0 1 0 0 0 ,1 0 0 
Heathered_Knit_Skater_Skirt-img_00000043.jpg,33,0 0 0 0 0 1 0 ,0 0 1 0 0 0 ,0 0 1 
Belted_Drapey_Crepe_Jacket-img_00000019.jpg,11,0 0 0 0 0 1 0 ,0 1 0 0 0 0 ,0 0 1 
Leopard_Print_Knit_Sweatpants-img_00000040.jpg,34,0 1 0 0 0 0 0 ,0 0 1 0 0 0 ,0 0 1 
Soft_Pleated_Skater_Dress-img_00000016.jpg,41,0 0 0 1 0 0 0 ,0 0 1 0 0 0 ,0 0 1 
Refined_Twill_Shorts-img_00000015.jpg,32,0 0 0 0 0 1 0 ,0 0 1 0 0 0 ,0 0 1 
Clustered_Floral_Print_Skater_Skirt-img_00000021.jpg,33,0 0 0 0 0 1 0 ,0 0 1 0 0 0 ,0 0 1 
Pintucked_Crochet-Paneled_Blouse-img_00000009.jpg,3,0 0 0 0 0 1 0 ,0 0 1 0 0 0 ,0 0 1 
Vegan_Leather-Sleeved_Bomber_Jacket-img_00000002.jpg,11,0 0 0 0 0 1 0 ,0 0 1 0 0 0 ,0 0 1 
Floral-Embroidered_Bomber_Jacket-img_00000002.jpg,11,0 0 0 1 0 0 0 ,0 0 1 0 0 0 ,0 0 1 
Panda-Hood_Pajama_Onesie-img_00000007.jpg,46,0 0 0 0 0 1 0 ,0 0 1 0 0 0 ,0 0 1 
High-Waisted_Denim_Skirt-img_00000048.jpg,33,0 0 0 0 0 1 0 ,1 0 0 0 0 0 ,1 0 0 
Diamond-Quilted_Sweatshorts-img_00000024.jpg,35,0 0 0 0 0 1 0 ,0 0 1 0 0 0 ,0 0 1 
Boho_Babe_Crop_Top-img_00000009.jpg,19,0 0 0 0 0 1 0 ,0 0 1 0 0 0 ,0 1 0 
Double-V_Slip_Dress-img_00000042.jpg,41,0 0 0 1 0 0 0 ,0 1 0 0 0 0 ,0 0 1 
Mid_Rise-_Destroyed_Straight_Leg_Ankle_Jeans-img_00000006.jpg,26,0 0 0 0 0 1 0 ,1 0 0 0 0 0 ,1 0 0 
Bell_Sleeve_Blouse-img_00000164.jpg,3,0 0 0 0 0 1 0 ,0 1 0 0 0 0 ,0 0 1 
Def_Leppard_Burnout_Tank-img_00000016.jpg,17,0 1 0 0 0 0 0 ,0 0 1 0 0 0 ,0 0 1 
Essential_Draped_Cardigan-img_00000013.jpg,6,0 0 0 0 0 1 0 ,0 0 1 0 0 0 ,0 0 1 
Tupac_Baroque_Print_Jersey_Tank-img_00000017.jpg,17,1 0 0 0 0 0 0 ,0 0 1 0 0 0 ,0 0 1 
Rose-Patterned_Bodycon_Dress-img_00000013.jpg,41,0 0 0 1 0 0 0 ,0 1 0 0 0 0 ,1 0 0 
Textured_Sheath_Dress-img_00000024.jpg,41,0 0 0 0 0 1 0 ,0 0 1 0 0 0 ,0 0 1 
Floral_Print_Mock_Neck_Dress-img_00000016.jpg,41,1 0 0 0 0 0 0 ,0 0 1 0 0 0 ,0 0 1 
Crinkled_Crepe_Halter_Dress-img_00000037.jpg,41,0 0 0 0 0 1 0 ,0 0 1 0 0 0 ,0 0 1 
Sushi_Roll_Graphic_Tee-img_00000032.jpg,18,0 1 0 0 0 0 0 ,0 0 1 0 0 0 ,0 0 1 
Rose_Print_Lace_Cutout_Dress-img_00000005.jpg,41,1 0 0 0 0 0 0 ,0 0 1 0 0 0 ,1 0 0 
Sleek_Cutout_Maxi_Dress-img_00000026.jpg,41,0 0 0 0 0 1 0 ,0 0 1 0 0 0 ,1 0 0 
Drawstring_Waist_Maxi_Dress-img_00000034.jpg,41,0 0 1 0 0 0 0 ,0 0 1 0 0 0 ,0 0 1 
Rustic_Plaid_Flannel-img_00000014.jpg,7,0 0 0 0 0 1 0 ,0 0 1 0 0 0 ,0 0 1 
Give_Up_Shopping_Muscle_Tee-img_00000022.jpg,18,0 1 0 0 0 0 0 ,0 0 1 0 0 0 ,0 0 1 
Crocheted_Southwestern_Print_Tank-img_00000027.jpg,17,0 0 0 0 0 1 0 ,0 0 1 0 0 0 ,0 0 1 
Yoga_Capri_Leggings-img_00000057.jpg,30,0 0 0 0 0 1 0 ,0 0 1 0 0 0 ,1 0 0 
Daisy_Shift_Dress-img_00000040.jpg,41,0 0 0 1 0 0 0 ,0 0 0 0 0 1 ,0 0 1 
Marled_Midi_Turtleneck_Dress-img_00000008.jpg,41,0 0 0 0 0 1 0 ,0 0 1 0 0 0 ,0 0 1 
Paisley_Print_Sun_Dress-img_00000006.jpg,41,1 0 0 0 0 0 0 ,0 0 1 0 0 0 ,0 0 1 
Boxy_Illusion_Neckline_Top-img_00000021.jpg,19,0 0 0 0 0 1 0 ,0 1 0 0 0 0 ,0 1 0 
Longline_Utility_Jacket-img_00000003.jpg,11,0 0 0 0 0 1 0 ,0 0 1 0 0 0 ,0 0 1 
Longline_Crepe_Blouse-img_00000053.jpg,3,0 0 0 0 0 1 0 ,0 0 1 0 0 0 ,0 0 1 
Cable_Knit_Cardigan-img_00000085.jpg,6,0 0 0 0 0 1 0 ,0 0 0 0 1 0 ,0 0 1 
Lace_Back_Shift_Dress-img_00000016.jpg,41,0 0 0 1 0 0 0 ,0 0 1 0 0 0 ,0 0 1 
Classic_Mini_Skirt-img_00000043.jpg,33,0 0 0 0 0 1 0 ,1 0 0 0 0 0 ,1 0 0 
Zippered_Mesh-Paneled_Tee-img_00000043.jpg,18,0 0 0 0 0 1 0 ,0 0 1 0 0 0 ,0 0 1 
Speckled_Slub_Knit_Blouse-img_00000079.jpg,3,0 0 0 0 0 1 0 ,0 0 1 0 0 0 ,0 0 1 
Clean_Wash_Bootleg_Jeans-img_00000027.jpg,26,0 0 0 0 0 1 0 ,1 0 0 0 0 0 ,0 0 1 
Fringed_Cutout_T-Shirt_Dress-img_00000009.jpg,41,0 0 0 0 0 1 0 ,0 0 0 0 1 0 ,1 0 0 
Crochet-Trimmed_Dolphin_Shorts-img_00000012.jpg,32,0 1 0 0 0 0 0 ,0 0 1 0 0 0 ,0 0 1 
Bell-Sleeved_Floral_Print_Romper-img_00000029.jpg,48,1 0 0 0 0 0 0 ,0 1 0 0 0 0 ,0 0 1 
Palm_Print_Bodycon_Dress-img_00000007.jpg,41,1 0 0 0 0 0 0 ,0 0 1 0 0 0 ,1 0 0 
Eating_Plans_Tee-img_00000005.jpg,18,0 1 0 0 0 0 0 ,0 0 1 0 0 0 ,0 0 1 
Floral_Lace_Mini_Dress-img_00000068.jpg,41,0 0 0 1 0 0 0 ,0 1 0 0 0 0 ,1 0 0 
Crinkled_Asymmetrical_Kimono-img_00000010.jpg,44,1 0 0 0 0 0 0 ,0 0 1 0 0 0 ,0 0 1 
Bandana_Print_Muscle_Tee-img_00000005.jpg,18,1 0 0 0 0 0 0 ,0 0 1 0 0 0 ,0 1 0 
Hooded_Side-Slit_Maxi_Dress-img_00000016.jpg,41,0 0 0 0 0 1 0 ,0 0 1 0 0 0 ,0 0 1 
Boxy_Crepe_Romper-img_00000004.jpg,48,0 0 0 0 0 1 0 ,0 0 1 0 0 0 ,0 0 1 
Textured_Faux_Fur_Coat-img_00000066.jpg,39,0 0 0 0 0 1 0 ,0 0 0 0 1 0 ,0 0 1 
Buttoned_Floral_Maxi_Dress-img_00000039.jpg,41,1 0 0 0 0 0 0 ,0 0 1 0 0 0 ,0 0 1 
Chiffon-Layered_Top-img_00000033.jpg,19,0 0 0 0 0 1 0 ,0 1 0 0 0 0 ,0 1 0 
Crochet_Yoke_Embroidered_Dress-img_00000019.jpg,41,0 0 0 0 0 1 0 ,0 1 0 0 0 0 ,0 0 1 
Athletic_Dolphin_Shorts-img_00000025.jpg,32,0 0 0 0 0 1 0 ,0 0 1 0 0 0 ,1 0 0 
Rose_Print_Cardigan-img_00000024.jpg,6,1 0 0 0 0 0 0 ,0 0 1 0 0 0 ,0 0 1 
Tile_Print_Jumpsuit-img_00000013.jpg,42,1 0 0 0 0 0 0 ,0 0 1 0 0 0 ,0 0 1 
Side_Vent_Heathered_Tank-img_00000006.jpg,17,0 0 0 0 0 1 0 ,0 0 1 0 0 0 ,1 0 0 
Heathered_Curved-Hem_Tank-img_00000014.jpg,17,0 0 1 0 0 0 0 ,0 0 1 0 0 0 ,0 0 1 
High-Waisted_Skinny_Jeans-img_00000013.jpg,26,0 0 0 0 0 1 0 ,1 0 0 0 0 0 ,1 0 0 
