imdbID	Genre	Country
tt0079285	Adventure	UK
tt0079302	Comedy	USA
tt0080339	Comedy	USA
tt0080360	Horror	USA
tt0080365	Crime	USA
tt0080377	Action	USA
tt0080402	Horror	UK
tt0080437	Drama	USA
tt0080442	Crime	USA
tt0080453	Adventure	USA
tt0080455	Action	USA
tt0080461	Animation	USA
tt0080469	Drama	UK
tt0080472	Action	USA
tt0080474	Drama	USA
tt0080487	Comedy	USA
tt0080500	Drama	USA
tt0080520	Comedy	USA
tt0080549	Biography	USA
tt0080550	Comedy	USA
tt0080556	Drama	USA
tt0080569	Crime	USA
tt0080634	Documentary	USA
tt0080661	Mystery	USA
tt0080678	Biography	USA
tt0080684	Action	USA
tt0080724	Comedy	USA
tt0080731	Comedy	USA
tt0080736	Action	USA
tt0080739	Comedy	USA
tt0080745	Action	UK
tt0080749	Fantasy	USA
tt0080754	Crime	West Germany
tt0080756	Drama	USA
tt0080762	Documentary	USA
tt0080790	Comedy	USA
tt0080798	Crime	USA
tt0080808	Comedy	USA
tt0080850	Horror	USA
tt0080854	Drama	USA
tt0080855	Adventure	USA
tt0080861	Adventure	USA
tt0080863	Comedy	USA
tt0080868	Drama	USA
tt0080881	Comedy	USA
tt0080888	Music	USA
tt0080907	Action	USA
tt0080913	Biography	USA
tt0080948	Drama	USA
tt0080975	Comedy	USA
tt0080979	Drama	Japan
tt0081031	Adventure	USA
tt0081032	Comedy	USA
tt0081044	Romance	USA
tt0081060	Comedy	USA
tt0081063	Comedy	USA
tt0081071	Western	USA
tt0081080	Comedy	USA
tt0081150	Comedy	USA
tt0081159	Family	USA
tt0081163	Crime	UK
tt0081184	Comedy	USA
tt0081207	Comedy	USA
tt0081235	Biography	USA
tt0081249	Comedy	USA
tt0081259	Action	USA
tt0081268	Comedy	USA
tt0081269	Comedy	USA
tt0081280	Drama	USA
tt0081283	Drama	USA
tt0081334	Drama	Canada
tt0081353	Adventure	USA
tt0081375	Comedy	USA
tt0081383	Horror	Canada
tt0081398	Biography	USA
tt0081414	Drama	USA
tt0081433	Comedy	USA
tt0081439	Adventure	USA
tt0081480	Comedy	USA
tt0081485	Comedy	USA
tt0081505	Drama	USA
tt0081528	Drama	USA
tt0081529	Action	USA
tt0081534	Drama	USA
tt0081554	Comedy	USA
tt0081562	Comedy	USA
tt0081568	Action	USA
tt0081625	Comedy	USA
tt0081633	Adventure	UK
tt0081656	Comedy	Canada
tt0081696	Drama	USA
tt0081698	Comedy	USA
tt0081747	Action	Canada
tt0081748	Biography	USA
tt0081751	Comedy	USA
tt0081758	Comedy	USA
tt0081759	Drama	USA
tt0081777	Fantasy	USA
tt0081964	Comedy	USA
tt0081974	Drama	USA
tt0082001	Comedy	USA
tt0082010	Comedy	UK
tt0082031	Comedy	USA
tt0082042	Adventure	USA
tt0082085	Drama	USA
tt0082089	Crime	USA
tt0082111	Comedy	USA
tt0082121	Comedy	USA
tt0082136	Action	USA
tt0082138	Comedy	USA
tt0082146	Comedy	USA
tt0082158	Biography	UK
tt0082193	Western	Italy
tt0082200	Comedy	USA
tt0082220	Crime	USA
tt0082222	Drama	Poland
tt0082245	Horror	USA
tt0082263	Comedy	USA
tt0082288	Action	USA
tt0082329	Drama	USA
tt0082340	Action	UK
tt0082348	Adventure	USA
tt0082351	Romance	UK
tt0082352	Horror	USA
tt0082353	Romance	USA
tt0082382	Comedy	USA
tt0082398	Action	UK
tt0082402	Crime	USA
tt0082405	Comedy	USA
tt0082406	Animation	USA
tt0082416	Drama	UK
tt0082418	Horror	USA
tt0082432	Adventure	Australia
tt0082449	Drama	USA
tt0082457	Comedy	USA
tt0082474	Comedy	UK
tt0082495	Horror	USA
tt0082497	Drama	USA
tt0082499	Drama	USA
tt0082507	Sci-Fi	USA
tt0082517	Comedy	USA
tt0082525	Action	USA
tt0082533	Horror	USA
tt0082558	Comedy	USA
tt0082619	Drama	USA
tt0082648	Action	USA
tt0082763	Comedy	USA
tt0082764	Comedy	USA
tt0082766	Biography	USA
tt0082812	Horror	USA
tt0082816	Drama	USA
tt0082817	Action	USA
tt0082846	Drama	UK
tt0082853	Comedy	USA
tt0082869	Action	UK
tt0082886	Comedy	USA
tt0082894	Drama	USA
tt0082934	Crime	USA
tt0082945	Crime	USA
tt0082948	Comedy	USA
tt0082958	Adventure	USA
tt0082969	Drama	USA
tt0082970	Drama	USA
tt0082971	Action	USA
tt0082979	Biography	USA
tt0082992	Drama	USA
tt0083006	Drama	USA
tt0083015	Comedy	USA
tt0083041	Comedy	USA
tt0083064	Action	USA
tt0083079	Drama	Canada
tt0083113	Adventure	USA
tt0083131	Action	USA
tt0083133	Comedy	USA
tt0083163	Comedy	USA
tt0083169	Drama	USA
tt0083170	Adventure	USA
tt0083190	Action	USA
tt0083193	Biography	USA
tt0083232	Crime	USA
tt0083254	Comedy	USA
tt0083284	Action	USA
tt0083326	Drama	USA
tt0083336	Horror	USA
tt0083365	Drama	USA
tt0084058	Drama	UK
tt0084867	Action	USA
tt0085121	Crime	USA
tt0085154	Drama	USA
tt0085159	Horror	USA
tt0085208	Comedy	USA
tt0085236	Drama	UK
tt0085244	Comedy	USA
tt0085248	Adventure	USA
tt0085255	Action	USA
tt0085271	Sci-Fi	USA
tt0085276	Action	USA
tt0085318	Action	USA
tt0085320	Biography	UK
tt0085333	Action	USA
tt0085334	Comedy	USA
tt0085346	Comedy	USA
tt0085382	Horror	USA
tt0085384	Comedy	UK
tt0085387	Comedy	USA
tt0085398	Drama	UK
tt0085407	Horror	USA
tt0085412	Comedy	USA
tt0085450	Comedy	USA
tt0085461	Drama	UK
tt0085470	Comedy	USA
tt0085473	Action	USA
tt0085475	Drama	USA
tt0085478	Comedy	UK
tt0085542	Animation	USA
tt0085549	Drama	USA
tt0085551	Comedy	USA
tt0085588	Comedy	USA
tt0085608	Adventure	USA
tt0085615	Crime	USA
tt0085656	Biography	USA
tt0085678	Adventure	USA
tt0085694	Horror	USA
tt0085701	Fantasy	UK
tt0085750	Horror	USA
tt0085764	Comedy	USA
tt0085780	Horror	USA
tt0085811	Action	UK
tt0085838	Drama	USA
tt0085859	Comedy	UK
tt0085862	Action	USA
tt0085863	Drama	USA
tt0085867	Thriller	USA
tt0085868	Comedy	Canada
tt0085873	Comedy	USA
tt0085891	Comedy	USA
tt0085895	Drama	USA
tt0085919	Comedy	USA
tt0085933	Drama	UK
tt0085935	Adventure	USA
tt0085970	Comedy	USA
tt0085980	Comedy	USA
tt0085995	Adventure	USA
tt0086005	Adventure	USA
tt0086006	Action	UK
tt0086011	Drama	USA
tt0086014	Horror	USA
tt0086034	Action	UK
tt0086036	Horror	Canada
tt0086058	Action	USA
tt0086066	Crime	USA
tt0086112	Comedy	UK
tt0086129	Comedy	Canada
tt0086143	Comedy	USA
tt0086154	Crime	USA
tt0086192	Action	USA
tt0086197	Adventure	USA
tt0086200	Comedy	USA
tt0086205	Comedy	USA
tt0086216	Drama	USA
tt0086220	Drama	Canada
tt0086264	Comedy	Canada
tt0086312	Biography	USA
tt0086325	Comedy	USA
tt0086336	Fantasy	USA
tt0086346	Action	Canada
tt0086352	Comedy	USA
tt0086355	Biography	USA
tt0086356	Drama	USA
tt0086361	Drama	USA
tt0086370	Comedy	USA
tt0086373	Comedy	Canada
tt0086374	Horror	USA
tt0086377	Crime	USA
tt0086379	Action	USA
tt0086381	Action	Philippines
tt0086383	Action	USA
tt0086393	Action	UK
tt0086397	Comedy	USA
tt0086405	Drama	USA
tt0086423	Drama	USA
tt0086425	Comedy	USA
tt0086429	Drama	USA
tt0086461	Action	USA
tt0086465	Comedy	USA
tt0086476	Comedy	USA
tt0086491	Horror	USA
tt0086494	Comedy	USA
tt0086508	Action	USA
tt0086510	Drama	USA
tt0086525	Comedy	USA
tt0086541	Horror	Canada
tt0086567	Sci-Fi	USA
tt0086582	Adventure	UK
tt0086593	Drama	USA
tt0086618	Action	UK
tt0086619	Drama	UK
tt0086637	Comedy	USA
tt0086837	Mystery	USA
tt0086856	Adventure	USA
tt0086859	Action	USA
tt0086873	Comedy	USA
tt0086876	Comedy	USA
tt0086877	Crime	USA
tt0086879	Biography	USA
tt0086886	Comedy	USA
tt0086896	Action	USA
tt0086927	Comedy	USA
tt0086946	Drama	USA
tt0086955	Comedy	USA
tt0086960	Action	USA
tt0086969	Drama	USA
tt0086984	Crime	USA
tt0086985	Drama	USA
tt0086987	Comedy	USA
tt0086992	Drama	UK
tt0086993	Action	UK
tt0086998	Comedy	USA
tt0086999	Comedy	USA
tt0087003	Comedy	USA
tt0087004	Comedy	USA
tt0087015	Horror	USA
tt0087032	Action	USA
tt0087050	Horror	USA
tt0087054	Comedy	USA
tt0087062	Action	USA
tt0087072	Comedy	UK
tt0087078	Action	USA
tt0087089	Crime	USA
tt0087091	Drama	USA
tt0087096	Adventure	USA
tt0087127	Adventure	Argentina
tt0087130	Action	Canada
tt0087175	Adventure	USA
tt0087182	Action	USA
tt0087197	Comedy	USA
tt0087222	Action	Mexico
tt0087231	Biography	UK
tt0087233	Drama	USA
tt0087260	Comedy	USA
tt0087262	Action	USA
tt0087263	Drama	USA
tt0087265	Comedy	USA
tt0087277	Drama	USA
tt0087313	Comedy	USA
tt0087332	Adventure	USA
tt0087359	Drama	USA
tt0087363	Comedy	USA
tt0087365	Adventure	UK
tt0087384	Drama	USA
tt0087385	Comedy	USA
tt0087425	Comedy	USA
tt0087428	Comedy	UK
tt0087451	Action	USA
tt0087452	Drama	USA
tt0087464	Horror	USA
tt0087469	Action	USA
tt0087482	Comedy	USA
tt0087507	Action	USA
tt0087513	Comedy	USA
tt0087525	Comedy	USA
tt0087538	Action	USA
tt0087553	Drama	UK
tt0087589	Action	USA
tt0087597	Action	USA
tt0087629	Thriller	USA
tt0087635	Comedy	USA
tt0087666	Comedy	USA
tt0087688	Drama	USA
tt0087722	Drama	USA
tt0087727	Action	USA
tt0087730	Drama	Italy
tt0087746	Horror	USA
tt0087747	Comedy	USA
tt0087751	Drama	USA
tt0087755	Comedy	USA
tt0087781	Drama	USA
tt0087799	Comedy	USA
tt0087800	Horror	USA
tt0087810	Comedy	USA
tt0087835	Comedy	USA
tt0087843	Crime	Italy
tt0087866	Comedy	UK
tt0087884	Drama	West Germany
tt0087892	Adventure	UK
tt0087910	Adventure	USA
tt0087921	Drama	USA
tt0087928	Comedy	USA
tt0087932	Action	USA
tt0087951	Comedy	USA
tt0087956	Drama	USA
tt0087957	Drama	USA
tt0087968	Comedy	USA
tt0087980	Drama	USA
tt0087981	Horror	Australia
tt0087983	Drama	USA
tt0087995	Comedy	USA
tt0088000	Comedy	USA
tt0088001	Comedy	USA
tt0088006	Adventure	USA
tt0088007	Drama	USA
tt0088011	Action	USA
tt0088024	Action	USA
tt0088046	Comedy	UK
tt0088103	Adventure	UK
tt0088117	Horror	USA
tt0088128	Comedy	USA
tt0088146	Crime	USA
tt0088153	Drama	USA
tt0088161	Comedy	USA
tt0088170	Action	USA
tt0088172	Adventure	USA
tt0088176	Drama	USA
tt0088178	Documentary	USA
tt0088184	Comedy	USA
tt0088194	Action	USA
tt0088206	Action	UK
tt0088213	Drama	USA
tt0088224	Action	USA
tt0088242	Comedy	USA
tt0088247	Action	UK
tt0088249	Horror	USA
tt0088256	Drama	USA
tt0088258	Comedy	USA
tt0088272	Mystery	USA
tt0088286	Comedy	USA
tt0088318	Drama	France
tt0088322	Drama	Mexico
tt0088323	Adventure	West Germany
tt0088330	Drama	USA
tt0088333	Comedy	USA
tt0088379	Adventure	Argentina
tt0088385	Comedy	USA
tt0088402	Comedy	USA
tt0088414	Comedy	USA
tt0088680	Comedy	USA
tt0088683	Drama	USA
tt0088707	Drama	USA
tt0088708	Action	USA
tt0088757	Action	USA
tt0088760	Family	USA
tt0088763	Adventure	USA
tt0088765	Comedy	USA
tt0088794	Comedy	USA
tt0088814	Animation	USA
tt0088846	Drama	UK
tt0088847	Comedy	USA
tt0088850	Comedy	USA
tt0088851	Fantasy	UK
tt0088855	Documentary	USA
tt0088885	Animation	Canada
tt0088889	Comedy	USA
tt0088895	Action	USA
tt0088915	Drama	USA
tt0088930	Comedy	USA
tt0088933	Sci-Fi	USA
tt0088936	Action	USA
tt0088939	Drama	USA
tt0088944	Action	USA
tt0088947	Comedy	USA
tt0088960	Comedy	USA
tt0088979	Family	UK
tt0088987	Biography	UK
tt0088993	Horror	USA
tt0089003	Action	USA
tt0089017	Comedy	USA
tt0089034	Horror	UK
tt0089052	Biography	UK
tt0089079	Drama	USA
tt0089087	Action	UK
tt0089092	Action	USA
tt0089114	Adventure	USA
tt0089118	Action	USA
tt0089126	Comedy	USA
tt0089129	Drama	USA
tt0089155	Comedy	USA
tt0089160	Drama	USA
tt0089167	Comedy	USA
tt0089175	Fantasy	USA
tt0089208	Comedy	USA
tt0089218	Adventure	USA
tt0089221	Comedy	UK
tt0089222	Action	USA
tt0089243	Action	USA
tt0089264	Comedy	USA
tt0089265	Comedy	USA
tt0089272	Animation	USA
tt0089276	Drama	Argentina
tt0089283	Action	UK
tt0089304	Comedy	USA
tt0089346	Comedy	USA
tt0089348	Action	USA
tt0089360	Crime	USA
tt0089370	Action	USA
tt0089383	Comedy	Canada
tt0089385	Family	USA
tt0089393	Comedy	USA
tt0089420	Adventure	UK
tt0089421	Action	USA
tt0089424	Drama	Brazil
tt0089444	Comedy	USA
tt0089457	Adventure	USA
tt0089461	Action	USA
tt0089470	Action	USA
tt0089489	Action	UK
tt0089504	Comedy	USA
tt0089523	Comedy	USA
tt0089530	Action	Australia
tt0089543	Comedy	USA
tt0089555	Drama	USA
tt0089560	Biography	USA
tt0089569	Comedy	USA
tt0089572	Crime	USA
tt0089601	Comedy	USA
tt0089603	Biography	USA
tt0089622	Comedy	UK
tt0089629	Comedy	USA
tt0089643	Comedy	USA
tt0089652	Action	USA
tt0089670	Comedy	USA
tt0089679	Drama	USA
tt0089686	Fantasy	USA
tt0089695	Action	USA
tt0089716	Biography	Yugoslavia
tt0089730	Comedy	USA
tt0089731	Family	Canada
tt0089748	Drama	Yugoslavia
tt0089755	Biography	USA
tt0089767	Western	USA
tt0089791	Adventure	USA
tt0089798	Drama	USA
tt0089822	Comedy	USA
tt0089839	Comedy	USA
tt0089841	Comedy	USA
tt0089853	Comedy	USA
tt0089869	Drama	New Zealand
tt0089877	Animation	USA
tt0089880	Action	USA
tt0089881	Action	Japan
tt0089883	Drama	USA
tt0089885	Comedy	USA
tt0089886	Comedy	USA
tt0089893	Action	Netherlands
tt0089901	Action	USA
tt0089907	Comedy	USA
tt0089913	Adventure	UK
tt0089927	Drama	USA
tt0089941	Action	USA
tt0089981	Comedy	USA
tt0090021	Horror	USA
tt0090022	Action	USA
tt0090036	Comedy	USA
tt0090037	Drama	UK
tt0090056	Adventure	USA
tt0090060	Drama	USA
tt0090065	Adventure	South Korea
tt0090073	Action	USA
tt0090092	Documentary	USA
tt0090095	Comedy	France
tt0090098	Comedy	USA
tt0090103	Comedy	USA
tt0090110	Biography	USA
tt0090112	Drama	USA
tt0090130	Action	USA
tt0090142	Comedy	USA
tt0090151	Crime	USA
tt0090152	Documentary	USA
tt0090180	Action	USA
tt0090184	Comedy	USA
tt0090196	Comedy	Yugoslavia
tt0090203	Drama	USA
tt0090209	Comedy	USA
tt0090213	Action	USA
tt0090217	Action	USA
tt0090223	Drama	USA
tt0090264	Action	UK
tt0090270	Drama	USA
tt0090274	Comedy	USA
tt0090293	Drama	USA
tt0090305	Comedy	USA
tt0090310	Drama	UK
tt0090319	Drama	USA
tt0090323	Adventure	UK
tt0090327	Horror	UK
tt0090329	Crime	USA
tt0090350	Action	USA
tt0090357	Adventure	USA
tt0090555	Adventure	Australia
tt0090557	Drama	USA
tt0090559	Documentary	USA
tt0090563	Drama	France
tt0090567	Crime	USA
tt0090568	Action	USA
tt0090570	Biography	UK
tt0090576	Drama	Netherlands
tt0090583	Comedy	USA
tt0090585	Drama	UK
tt0090605	Action	UK
tt0090631	Drama	USA
tt0090633	Animation	USA
tt0090655	Horror	USA
tt0090660	Action	USA
tt0090670	Crime	USA
tt0090678	Action	USA
tt0090685	Comedy	USA
tt0090693	Action	USA
tt0090710	Drama	USA
tt0090713	Comedy	USA
tt0090728	Action	USA
tt0090735	Action	USA
tt0090738	Crime	USA
tt0090753	Action	USA
tt0090756	Mystery	USA
tt0090768	Drama	USA
tt0090769	Biography	Canada
tt0090774	Comedy	USA
tt0090779	Action	Canada
tt0090830	Drama	USA
tt0090848	Adventure	USA
tt0090852	Comedy	UK
tt0090856	Comedy	USA
tt0090859	Action	USA
tt0090863	Drama	USA
tt0090886	Comedy	USA
tt0090887	Action	USA
tt0090904	Action	USA
tt0090917	Drama	USA
tt0090927	Action	USA
tt0090934	Drama	USA
tt0090966	Comedy	USA
tt0090967	Comedy	USA
tt0090970	Crime	USA
tt0090985	Comedy	Canada
tt0091003	Action	USA
tt0091019	Drama	Israel
tt0091024	Drama	USA
tt0091042	Comedy	USA
tt0091051	Action	USA
tt0091053	Drama	USA
tt0091055	Action	USA
tt0091059	Adventure	USA
tt0091064	Drama	USA
tt0091080	Horror	USA
tt0091083	Horror	USA
tt0091113	Comedy	Italy
tt0091123	Animation	USA
tt0091129	Action	USA
tt0091149	Animation	USA
tt0091159	Comedy	USA
tt0091164	Thriller	UK
tt0091167	Comedy	USA
tt0091173	Comedy	USA
tt0091178	Horror	USA
tt0091187	Action	USA
tt0091188	Comedy	USA
tt0091203	Action	UK
tt0091209	Thriller	USA
tt0091213	Action	USA
tt0091217	Drama	UK
tt0091223	Comedy	USA
tt0091225	Action	USA
tt0091276	Horror	USA
tt0091278	Action	USA
tt0091282	Adventure	USA
tt0091295	Biography	USA
tt0091306	Comedy	USA
tt0091310	Drama	USA
tt0091313	Action	USA
tt0091326	Action	USA
tt0091343	Horror	USA
tt0091344	Action	USA
tt0091369	Adventure	UK
tt0091374	Biography	UK
tt0091396	Comedy	USA
tt0091400	Action	USA
tt0091415	Horror	UK
tt0091419	Comedy	USA
tt0091445	Comedy	USA
tt0091472	Sci-Fi	USA
tt0091474	Crime	USA
tt0091499	Action	USA
tt0091508	Drama	USA
tt0091530	Adventure	UK
tt0091534	Comedy	USA
tt0091538	Crime	UK
tt0091541	Comedy	USA
tt0091554	Crime	USA
tt0091557	Adventure	USA
tt0091575	Action	USA
tt0091579	Comedy	USA
tt0091584	Animation	USA
tt0091603	Drama	USA
tt0091605	Crime	Italy
tt0091613	Drama	USA
tt0091630	Comedy	USA
tt0091637	Crime	USA
tt0091647	Horror	USA
tt0091653	Comedy	USA
tt0091668	Comedy	USA
tt0091680	Comedy	USA
tt0091706	Action	USA
tt0091707	Horror	USA
tt0091738	Comedy	USA
tt0091756	Comedy	UK
tt0091763	Drama	UK
tt0091777	Comedy	USA
tt0091778	Horror	USA
tt0091786	Drama	USA
tt0091790	Comedy	USA
tt0091814	Crime	USA
tt0091815	Action	USA
tt0091817	Drama	USA
tt0091828	Action	USA
tt0091836	Drama	USA
tt0091859	Comedy	UK
tt0091875	Action	USA
tt0091877	Comedy	USA
tt0091886	Drama	UK
tt0091934	Adventure	UK
tt0091939	Comedy	USA
tt0091949	Comedy	USA
tt0091954	Biography	UK
tt0091963	Action	UK
tt0091981	Action	USA
tt0091983	Comedy	USA
tt0091991	Comedy	USA
tt0092005	Adventure	USA
tt0092007	Adventure	USA
tt0092022	Drama	USA
tt0092034	Drama	Greece
tt0092035	Comedy	USA
tt0092042	Adventure	USA
tt0092068	Comedy	France
tt0092074	Comedy	USA
tt0092076	Comedy	USA
tt0092079	Comedy	USA
tt0092086	Comedy	USA
tt0092099	Action	USA
tt0092104	Comedy	USA
tt0092105	Comedy	USA
tt0092106	Animation	USA
tt0092112	Comedy	USA
tt0092115	Fantasy	USA
tt0092117	Musical	USA
tt0092133	Comedy	USA
tt0092147	Comedy	USA
tt0092172	Action	Canada
tt0092173	Drama	USA
tt0092195	Action	USA
tt0092205	Adventure	USA
tt0092214	Comedy	USA
tt0092226	Comedy	USA
tt0092240	Action	USA
tt0092272	Drama	USA
tt0092493	Action	Australia
tt0092494	Comedy	USA
tt0092513	Action	USA
tt0092537	Comedy	USA
tt0092546	Comedy	USA
tt0092548	Action	USA
tt0092559	Comedy	USA
tt0092563	Horror	UK
tt0092585	Action	USA
tt0092605	Comedy	USA
tt0092608	Comedy	USA
tt0092615	Fantasy	USA
tt0092618	Comedy	USA
tt0092627	Crime	USA
tt0092632	Crime	USA
tt0092638	Adventure	USA
tt0092641	Action	USA
tt0092644	Action	USA
tt0092646	Comedy	USA
tt0092655	Adventure	USA
tt0092656	Drama	USA
tt0092666	Comedy	USA
tt0092675	Action	USA
tt0092690	Comedy	USA
tt0092699	Comedy	USA
tt0092710	Comedy	USA
tt0092717	Comedy	USA
tt0092718	Comedy	USA
tt0092721	Drama	Canada
tt0092751	Action	USA
tt0092752	Animation	USA
tt0092758	Documentary	USA
tt0092767	Action	USA
tt0092796	Comedy	USA
tt0092798	Comedy	USA
tt0092802	Comedy	USA
tt0092804	Biography	UK
tt0092809	Sci-Fi	USA
tt0092822	Comedy	USA
tt0092834	Comedy	USA
tt0092842	Drama	USA
tt0092843	Drama	UK
tt0092850	Comedy	USA
tt0092854	Action	USA
tt0092857	Action	USA
tt0092890	Drama	USA
tt0092897	Comedy	USA
tt0092925	Comedy	USA
tt0092934	Drama	USA
tt0092948	Documentary	USA
tt0092965	Drama	USA
tt0092967	Comedy	USA
tt0092974	Family	USA
tt0092997	Action	USA
tt0093010	Drama	USA
tt0093011	Action	USA
tt0093036	Drama	USA
tt0093042	Comedy	USA
tt0093044	Thriller	UK
tt0093051	Comedy	USA
tt0093058	Drama	UK
tt0093067	Drama	USA
tt0093072	Adventure	USA
tt0093073	Drama	USA
tt0093075	Fantasy	Canada
tt0093093	Drama	USA
tt0093105	Biography	USA
tt0093137	Drama	USA
tt0093143	Drama	USA
tt0093145	Comedy	USA
tt0093148	Comedy	USA
tt0093166	Documentary	USA
tt0093175	Comedy	USA
tt0093177	Fantasy	UK
tt0093185	Action	USA
tt0093186	Comedy	USA
tt0093200	Comedy	USA
tt0093204	Comedy	Canada
tt0093209	Comedy	UK
tt0093215	Comedy	USA
tt0093217	Adventure	Italy
tt0093220	Comedy	USA
tt0093223	Crime	USA
tt0093225	Comedy	USA
tt0093231	Comedy	USA
tt0093253	Comedy	USA
tt0093260	Action	USA
tt0093276	Action	Italy
tt0093277	Drama	USA
tt0093278	Action	USA
tt0093315	Comedy	USA
tt0093347	Thriller	USA
tt0093378	Biography	USA
tt0093389	Biography	China
tt0093405	Action	USA
tt0093407	Crime	USA
tt0093409	Action	USA
tt0093415	Drama	USA
tt0093418	Comedy	USA
tt0093428	Action	UK
tt0093437	Comedy	USA
tt0093467	Comedy	USA
tt0093476	Fantasy	USA
tt0093477	Comedy	USA
tt0093483	Action	USA
tt0093493	Comedy	USA
tt0093507	Action	USA
tt0093509	Drama	USA
tt0093512	Drama	UK
tt0093539	Comedy	USA
tt0093558	Documentary	USA
tt0093560	Action	USA
tt0093565	Comedy	USA
tt0093567	Comedy	USA
tt0093589	Comedy	USA
tt0093596	Comedy	USA
tt0093605	Action	USA
tt0093617	Comedy	USA
tt0093626	Horror	USA
tt0093629	Fantasy	USA
tt0093640	Action	USA
tt0093648	Action	USA
tt0093654	Action	USA
tt0093658	Action	USA
tt0093660	Drama	USA
tt0093664	Comedy	Italy
tt0093690	Comedy	USA
tt0093692	Action	USA
tt0093693	Comedy	USA
tt0093714	Comedy	USA
tt0093727	Comedy	UK
tt0093737	Comedy	USA
tt0093743	Animation	USA
tt0093744	Family	Sweden
tt0093756	Comedy	USA
tt0093771	Action	UK
tt0093773	Action	USA
tt0093776	Biography	UK
tt0093777	Horror	USA
tt0093778	Comedy	Yugoslavia
tt0093779	Adventure	USA
tt0093780	Action	USA
tt0093818	Comedy	USA
tt0093822	Comedy	USA
tt0093828	Action	USA
tt0093854	Comedy	USA
tt0093857	Comedy	USA
tt0093870	Action	USA
tt0093881	Crime	USA
tt0093886	Comedy	USA
tt0093894	Action	USA
tt0093898	Drama	USA
tt0093913	Comedy	UK
tt0093940	Drama	USA
tt0093966	Action	USA
tt0093969	Drama	USA
tt0093970	Documentary	USA
tt0094006	Drama	USA
tt0094008	Crime	USA
tt0094012	Adventure	USA
tt0094020	Drama	USA
tt0094021	Action	USA
tt0094025	Comedy	USA
tt0094027	Drama	USA
tt0094033	Action	USA
tt0094034	Action	USA
tt0094035	Crime	UK
tt0094037	Action	USA
tt0094056	Crime	USA
tt0094071	Drama	USA
tt0094072	Comedy	USA
tt0094074	Action	UK
tt0094082	Crime	USA
tt0094089	Comedy	USA
tt0094118	Comedy	USA
tt0094140	Drama	USA
tt0094142	Comedy	USA
tt0094155	Comedy	USA
tt0094169	Comedy	USA
tt0094208	Drama	France
tt0094226	Crime	USA
tt0094291	Crime	USA
tt0094293	Action	USA
tt0094304	Drama	USA
tt0094315	Drama	USA
tt0094318	Adventure	USA
tt0094321	Comedy	USA
tt0094331	Comedy	UK
tt0094332	Comedy	USA
tt0094383	Comedy	USA
tt0094593	Comedy	USA
tt0094594	Drama	USA
tt0094602	Action	USA
tt0094606	Drama	USA
tt0094608	Crime	Canada
tt0094612	Action	USA
tt0094631	Action	USA
tt0094637	Comedy	USA
tt0094651	Action	Netherlands
tt0094663	Drama	USA
tt0094669	Crime	USA
tt0094678	Comedy	USA
tt0094701	Horror	USA
tt0094712	Drama	USA
tt0094715	Comedy	USA
tt0094716	War	USA
tt0094721	Comedy	USA
tt0094731	Action	USA
tt0094737	Comedy	USA
tt0094739	Comedy	USA
tt0094744	Adventure	USA
tt0094746	Comedy	USA
tt0094747	Biography	USA
tt0094761	Action	USA
tt0094768	Action	USA
tt0094783	Drama	USA
tt0094792	Action	USA
tt0094799	Drama	USA
tt0094812	Comedy	USA
tt0094819	Adventure	UK
tt0094824	Comedy	USA
tt0094827	Drama	USA
tt0094846	Comedy	USA
tt0094862	Fantasy	USA
tt0094869	Drama	USA
tt0094871	Comedy	UK
tt0094882	Drama	USA
tt0094884	Drama	USA
tt0094889	Comedy	USA
tt0094890	Adventure	USA
tt0094894	Action	USA
tt0094898	Comedy	USA
tt0094907	Comedy	UK
tt0094910	Comedy	USA
tt0094921	Comedy	USA
tt0094933	Mystery	USA
tt0094934	Drama	USA
tt0094947	Drama	USA
tt0094961	Action	USA
tt0094963	Action	USA
tt0094964	Drama	Canada
tt0094979	Adventure	UK
tt0094980	Documentary	USA
tt0095016	Action	USA
tt0095031	Comedy	USA
tt0095036	Drama	USA
tt0095047	Comedy	USA
tt0095050	Drama	USA
tt0095082	Drama	USA
tt0095088	Comedy	USA
tt0095107	Comedy	USA
tt0095119	Drama	USA
tt0095145	Comedy	USA
tt0095159	Comedy	USA
tt0095169	Comedy	USA
tt0095174	Crime	USA
tt0095178	Drama	USA
tt0095179	Horror	USA
tt0095186	Comedy	USA
tt0095188	Comedy	USA
tt0095238	Drama	USA
tt0095243	Biography	USA
tt0095250	Action	France
tt0095253	Comedy	USA
tt0095271	Horror	USA
tt0095274	Drama	UK
tt0095275	Biography	USA
tt0095280	Drama	USA
tt0095288	Comedy	USA
tt0095289	Documentary	USA
tt0095294	Horror	UK
tt0095296	Action	USA
tt0095304	Comedy	Ireland
tt0095311	Thriller	USA
tt0095326	Comedy	USA
tt0095333	Drama	USA
tt0095348	Action	USA
tt0095357	Comedy	USA
tt0095360	Documentary	USA
tt0095382	Action	Canada
tt0095409	Comedy	USA
tt0095428	Crime	USA
tt0095454	Drama	Canada
tt0095484	Fantasy	USA
tt0095488	Comedy	UK
tt0095489	Animation	USA
tt0095497	Drama	USA
tt0095519	Comedy	USA
tt0095532	Drama	USA
tt0095560	Adventure	USA
tt0095564	Drama	UK
tt0095583	Action	USA
tt0095593	Comedy	USA
tt0095599	Crime	USA
tt0095613	Comedy	USA
tt0095626	Action	USA
tt0095629	Mystery	USA
tt0095631	Action	USA
tt0095638	Comedy	USA
tt0095640	Action	USA
tt0095647	Crime	USA
tt0095649	Comedy	USA
tt0095652	Drama	USA
tt0095654	Comedy	USA
tt0095662	Comedy	USA
tt0095665	Comedy	USA
tt0095675	Comedy	Spain
tt0095687	Comedy	USA
tt0095690	Comedy	USA
tt0095705	Comedy	USA
tt0095726	Comedy	USA
tt0095736	Comedy	USA
tt0095742	Horror	USA
tt0095774	Action	USA
tt0095776	Animation	USA
tt0095827	Drama	UK
tt0095836	Biography	UK
tt0095853	Drama	USA
tt0095863	Action	USA
tt0095877	War	USA
tt0095882	Comedy	USA
tt0095889	Horror	USA
tt0095894	Animation	USA
tt0095895	Documentary	USA
tt0095897	Action	USA
tt0095903	Comedy	USA
tt0095925	Fantasy	USA
tt0095927	Comedy	USA
tt0095953	Drama	USA
tt0095956	Action	USA
tt0095963	Action	USA
tt0095981	Action	USA
tt0095993	Adventure	Australia
tt0096003	Drama	USA
tt0096028	Crime	UK
tt0096037	Comedy	USA
tt0096054	Comedy	USA
tt0096061	Comedy	USA
tt0096071	Fantasy	USA
tt0096072	Action	USA
tt0096073	Drama	USA
tt0096087	Action	USA
tt0096094	Comedy	USA
tt0096098	Action	USA
tt0096101	Comedy	USA
tt0096152	Drama	USA
tt0096156	Comedy	USA
tt0096161	Action	USA
tt0096171	Drama	USA
tt0096180	Crime	UK
tt0096193	Crime	USA
tt0096200	Comedy	USA
tt0096203	Comedy	USA
tt0096211	Action	UK
tt0096219	Drama	USA
tt0096223	Comedy	USA
tt0096236	Action	Hong Kong
tt0096241	Comedy	USA
tt0096244	Crime	USA
tt0096246	Horror	USA
tt0096256	Action	USA
tt0096257	Documentary	USA
tt0096259	Comedy	USA
tt0096267	Drama	USA
tt0096271	Drama	USA
tt0096289	Comedy	USA
tt0096291	Crime	USA
tt0096294	Drama	UK
tt0096316	Biography	USA
tt0096320	Comedy	USA
tt0096324	Drama	USA
tt0096328	Documentary	USA
tt0096332	Drama	USA
tt0096340	Horror	USA
tt0096378	Adventure	USA
tt0096380	Comedy	USA
tt0096425	Action	Canada
tt0096426	Comedy	USA
tt0096438	Animation	USA
tt0096446	Action	USA
tt0096454	Comedy	UK
tt0096463	Comedy	USA
tt0096464	Drama	UK
tt0096466	Comedy	USA
tt0096487	Action	USA
tt0096657	Comedy	UK
tt0096734	Comedy	USA
tt0096754	Adventure	USA
tt0096769	Horror	USA
tt0096787	Animation	Ireland
tt0096794	Drama	USA
tt0096804	Action	USA
tt0096869	Animation	Canada
tt0096874	Adventure	USA
tt0096895	Action	USA
tt0096911	Comedy	USA
tt0096913	Action	USA
tt0096918	Comedy	USA
tt0096926	Comedy	USA
tt0096928	Adventure	USA
tt0096933	Action	USA
tt0096943	Biography	USA
tt0096951	Drama	UK
tt0096952	Action	USA
tt0096953	Comedy	USA
tt0096969	Biography	USA
tt0096976	Adventure	USA
tt0097027	Crime	USA
tt0097044	Comedy	USA
tt0097052	Comedy	UK
tt0097053	Adventure	USA
tt0097100	Biography	USA
tt0097109	Comedy	USA
tt0097115	Family	USA
tt0097116	Comedy	USA
tt0097119	Action	USA
tt0097123	Comedy	USA
tt0097138	Action	USA
tt0097142	Drama	USA
tt0097162	Thriller	Australia
tt0097165	Comedy	USA
tt0097166	Action	USA
tt0097179	Action	USA
tt0097211	Action	USA
tt0097216	Drama	USA
tt0097235	Comedy	USA
tt0097236	Comedy	USA
tt0097239	Comedy	USA
tt0097240	Crime	USA
tt0097243	Drama	USA
tt0097262	Drama	Canada
tt0097276	Comedy	USA
tt0097289	Comedy	UK
tt0097314	Comedy	Canada
tt0097322	Drama	USA
tt0097328	Comedy	USA
tt0097332	Crime	USA
tt0097334	Action	USA
tt0097336	Biography	USA
tt0097351	Drama	USA
tt0097366	Comedy	USA
tt0097368	Horror	USA
tt0097372	Documentary	USA
tt0097388	Horror	USA
tt0097424	Comedy	UK
tt0097428	Comedy	USA
tt0097438	Action	USA
tt0097441	Drama	USA
tt0097457	Biography	USA
tt0097458	Drama	USA
tt0097474	Horror	USA
tt0097481	Comedy	USA
tt0097490	Drama	USA
tt0097499	Action	UK
tt0097500	Comedy	USA
tt0097507	Thriller	USA
tt0097523	Adventure	USA
tt0097527	Horror	USA
tt0097530	Comedy	USA
tt0097531	Comedy	UK
tt0097567	Drama	USA
tt0097570	Drama	USA
tt0097576	Action	USA
tt0097579	Action	USA
tt0097607	Drama	USA
tt0097613	Action	USA
tt0097626	Crime	USA
tt0097637	Action	USA
tt0097647	Action	USA
tt0097659	Action	USA
tt0097662	Action	USA
tt0097670	Action	USA
tt0097722	Drama	USA
tt0097731	Comedy	USA
tt0097733	Action	USA
tt0097737	Adventure	USA
tt0097742	Action	UK
tt0097756	Drama	USA
tt0097757	Animation	USA
tt0097758	Comedy	USA
tt0097770	Action	USA
tt0097778	Comedy	USA
tt0097790	Comedy	USA
tt0097815	Comedy	USA
tt0097880	Action	USA
tt0097883	Drama	USA
tt0097884	Comedy	France
tt0097892	Comedy	USA
tt0097937	Biography	Ireland
tt0097940	Comedy	USA
tt0097958	Comedy	USA
tt0097964	Comedy	USA
tt0097965	Comedy	USA
tt0097967	Action	USA
tt0097971	Thriller	USA
tt0097981	Horror	USA
tt0097987	Action	USA
tt0098022	Adventure	USA
tt0098048	Action	USA
tt0098051	Action	USA
tt0098067	Comedy	USA
tt0098068	Comedy	Canada
tt0098084	Fantasy	USA
tt0098093	Crime	USA
tt0098097	Action	USA
tt0098105	Comedy	USA
tt0098112	Drama	UK
tt0098115	Drama	USA
tt0098153	Comedy	UK
tt0098158	Action	USA
tt0098160	Drama	UK
tt0098165	Action	UK
tt0098184	Crime	USA
tt0098188	Action	USA
tt0098206	Action	USA
tt0098219	Biography	USA
tt0098222	Action	USA
tt0098230	Comedy	USA
tt0098258	Comedy	USA
tt0098260	Drama	UK
tt0098261	Comedy	USA
tt0098273	Crime	USA
tt0098276	Comedy	USA
tt0098282	Comedy	USA
tt0098283	Drama	USA
tt0098308	Comedy	USA
tt0098309	Comedy	USA
tt0098319	Comedy	UK
tt0098320	Comedy	USA
tt0098330	Drama	USA
tt0098335	Drama	USA
tt0098343	Comedy	USA
tt0098347	Drama	USA
tt0098356	Comedy	UK
tt0098375	Horror	USA
tt0098382	Action	USA
tt0098383	Comedy	USA
tt0098384	Comedy	USA
tt0098439	Action	USA
tt0098442	Comedy	USA
tt0098453	Comedy	USA
tt0098454	Crime	UK
tt0098471	Action	USA
tt0098502	Comedy	USA
tt0098503	Comedy	USA
tt0098513	Biography	USA
tt0098519	Adventure	USA
tt0098524	Drama	USA
tt0098528	Comedy	USA
tt0098536	Comedy	USA
tt0098546	Comedy	USA
tt0098554	Comedy	USA
tt0098575	Drama	France
tt0098621	Comedy	USA
tt0098625	Comedy	USA
tt0098627	Comedy	USA
tt0098631	Drama	UK
tt0098635	Comedy	USA
tt0098638	Drama	UK
tt0098645	Comedy	USA
tt0098659	Drama	USA
tt0098660	Biography	USA
tt0098663	Adventure	USA
tt0098678	Comedy	USA
tt0098724	Drama	USA
tt0098987	Action	USA
tt0098994	Crime	USA
tt0099005	Action	USA
tt0099012	Comedy	USA
tt0099018	Comedy	USA
tt0099039	Action	USA
tt0099044	Action	USA
tt0099052	Comedy	USA
tt0099073	Drama	USA
tt0099077	Biography	USA
tt0099088	Comedy	USA
tt0099091	Crime	USA
tt0099128	Comedy	USA
tt0099141	Action	USA
tt0099164	Drama	USA
tt0099165	Comedy	USA
tt0099173	Horror	USA
tt0099200	Drama	France
tt0099204	Comedy	USA
tt0099250	Crime	UK
tt0099253	Fantasy	USA
tt0099291	Drama	USA
tt0099300	Drama	USA
tt0099305	Comedy	USA
tt0099310	Comedy	USA
tt0099316	Comedy	USA
tt0099327	Action	USA
tt0099329	Comedy	USA
tt0099334	Biography	France
tt0099342	Comedy	USA
tt0099348	Adventure	USA
tt0099365	Action	USA
tt0099371	Action	USA
tt0099385	Action	Canada
tt0099395	Horror	USA
tt0099397	Mystery	USA
tt0099422	Action	USA
tt0099460	Action	USA
tt0099480	Comedy	USA
tt0099487	Drama	USA
tt0099512	Comedy	USA
tt0099520	Drama	UK
tt0099528	Drama	USA
tt0099566	Drama	Ireland
tt0099575	Action	USA
tt0099578	Crime	USA
tt0099581	Action	USA
tt0099582	Drama	USA
tt0099587	Action	USA
tt0099594	Drama	UK
tt0099595	Drama	USA
tt0099606	Drama	USA
tt0099611	Comedy	USA
tt0099612	Drama	USA
tt0099615	Comedy	USA
tt0099623	Comedy	USA
tt0099653	Drama	USA
tt0099654	Comedy	USA
tt0099674	Crime	USA
tt0099685	Biography	USA
tt0099691	Drama	USA
tt0099697	Horror	USA
tt0099699	Comedy	France
tt0099700	Comedy	USA
tt0099703	Crime	USA
tt0099731	Drama	USA
tt0099739	Action	USA
tt0099740	Action	UK
tt0099743	Horror	USA
tt0099747	Drama	USA
tt0099750	Comedy	USA
tt0099762	Biography	USA
tt0099768	Drama	UK
tt0099785	Comedy	USA
tt0099797	Crime	USA
tt0099800	Comedy	USA
tt0099810	Action	USA
tt0099819	Comedy	USA
tt0099850	Action	USA
tt0099871	Drama	USA
tt0099878	Animation	USA
tt0099892	Comedy	USA
tt0099938	Action	USA
tt0099939	Crime	Italy
tt0099951	Biography	UK
tt0099969	Drama	USA
tt0099991	Action	USA
tt0100046	Drama	USA
tt0100050	Comedy	USA
tt0100053	Action	USA
tt0100065	Comedy	USA
tt0100087	Comedy	USA
tt0100100	Comedy	USA
tt0100114	Action	USA
tt0100133	Action	UK
tt0100134	Drama	USA
tt0100135	Action	USA
tt0100140	Comedy	USA
tt0100142	Comedy	USA
tt0100143	Comedy	USA
tt0100150	Crime	USA
tt0100157	Thriller	USA
tt0100168	Drama	USA
tt0100196	Adventure	USA
tt0100201	Comedy	USA
tt0100211	Crime	USA
tt0100212	Comedy	USA
tt0100224	Action	USA
tt0100232	Action	USA
tt0100254	Comedy	USA
tt0100258	Horror	USA
tt0100260	Action	USA
tt0100280	Comedy	UK
tt0100281	Animation	Canada
tt0100301	Comedy	USA
tt0100318	Thriller	USA
tt0100395	Comedy	USA
tt0100403	Action	USA
tt0100404	Mystery	USA
tt0100405	Comedy	USA
tt0100419	Comedy	USA
tt0100436	Comedy	Canada
tt0100442	Crime	USA
tt0100449	Comedy	USA
tt0100475	Comedy	USA
tt0100477	Animation	USA
tt0100480	Action	USA
tt0100485	Action	USA
tt0100486	Biography	USA
tt0100488	Drama	USA
tt0100502	Action	USA
tt0100507	Drama	USA
tt0100530	Drama	USA
tt0100557	Comedy	West Germany
tt0100594	Adventure	UK
tt0100602	Comedy	USA
tt0100604	Comedy	USA
tt0100606	Drama	USA
tt0100611	Comedy	USA
tt0100631	Action	USA
tt0100666	Adventure	USA
tt0100670	Comedy	USA
tt0100680	Drama	USA
tt0100684	Comedy	USA
tt0100685	Action	UK
tt0100691	Drama	USA
tt0100707	Action	USA
tt0100708	Comedy	UK
tt0100740	Comedy	USA
tt0100758	Action	USA
tt0100774	Romance	USA
tt0100802	Action	USA
tt0100814	Comedy	USA
tt0100822	Comedy	USA
tt0100828	Crime	USA
tt0100879	Drama	USA
tt0100899	Comedy	USA
tt0100911	Comedy	UK
tt0100928	Adventure	USA
tt0100931	Action	USA
tt0100935	Comedy	USA
tt0100944	Adventure	UK
tt0100946	Comedy	USA
tt0100994	Western	USA
tt0101252	Comedy	USA
tt0101272	Comedy	USA
tt0101301	Comedy	USA
tt0101316	Biography	France
tt0101329	Animation	USA
tt0101356	Comedy	USA
tt0101371	Drama	USA
tt0101373	Drama	USA
tt0101393	Action	USA
tt0101404	Comedy	UK
tt0101410	Comedy	USA
tt0101412	Fantasy	USA
tt0101414	Animation	USA
tt0101428	Drama	France
tt0101444	Comedy	USA
tt0101453	Action	USA
tt0101455	Adventure	USA
tt0101458	Action	Germany
tt0101465	Adventure	Canada
tt0101478	Comedy	USA
tt0101481	Action	USA
tt0101492	Horror	USA
tt0101507	Crime	USA
tt0101516	Biography	USA
tt0101523	Comedy	USA
tt0101540	Crime	USA
tt0101545	Comedy	USA
tt0101578	Biography	USA
tt0101587	Comedy	USA
tt0101588	Crime	USA
tt0101590	Drama	USA
tt0101595	Drama	UK
tt0101597	Drama	USA
tt0101605	Comedy	Ireland
tt0101606	Action	USA
tt0101615	Comedy	USA
tt0101625	Comedy	Germany
tt0101629	Drama	USA
tt0101635	Comedy	USA
tt0101660	Comedy	USA
tt0101669	Crime	USA
tt0101694	Thriller	USA
tt0101695	Drama	USA
tt0101698	Comedy	USA
tt0101726	Comedy	USA
tt0101745	Comedy	USA
tt0101746	Drama	USA
tt0101748	Comedy	USA
tt0101757	Comedy	USA
tt0101761	Biography	USA
tt0101764	Action	USA
tt0101765	Drama	France
tt0101775	Comedy	USA
tt0101786	Comedy	USA
tt0101787	Drama	USA
tt0101821	Comedy	USA
tt0101831	Action	USA
tt0101862	Comedy	USA
tt0101889	Comedy	USA
tt0101891	Drama	USA
tt0101902	Comedy	USA
tt0101917	Comedy	USA
tt0101921	Drama	USA
tt0101969	Crime	USA
tt0101984	Drama	USA
tt0101991	Drama	Japan
tt0101998	Comedy	USA
tt0102004	Action	USA
tt0102005	Action	USA
tt0102011	Comedy	USA
tt0102014	Comedy	Ireland
tt0102015	Documentary	USA
tt0102045	Action	USA
tt0102048	Crime	USA
tt0102057	Adventure	USA
tt0102059	Action	USA
tt0102065	Comedy	USA
tt0102070	Action	USA
tt0102095	Action	USA
tt0102103	Biography	UK
tt0102116	Drama	USA
tt0102138	Drama	France
tt0102175	Drama	USA
tt0102181	Comedy	France
tt0102202	Action	USA
tt0102216	Comedy	USA
tt0102220	Crime	UK
tt0102250	Comedy	USA
tt0102266	Action	USA
tt0102279	Drama	USA
tt0102288	Crime	France
tt0102299	Mystery	USA
tt0102303	Comedy	USA
tt0102307	Crime	USA
tt0102315	Documentary	USA
tt0102316	Drama	USA
tt0102322	Comedy	USA
tt0102340	Romance	UK
tt0102343	Comedy	USA
tt0102370	Documentary	USA
tt0102388	Drama	USA
tt0102411	Comedy	USA
tt0102422	Action	USA
tt0102428	Comedy	UK
tt0102443	Drama	USA
tt0102460	Crime	USA
tt0102467	Comedy	UK
tt0102469	Mystery	USA
tt0102492	Comedy	USA
tt0102493	Drama	USA
tt0102494	Drama	USA
tt0102500	Comedy	USA
tt0102511	Drama	Canada
tt0102517	Comedy	USA
tt0102526	Action	USA
tt0102555	Drama	USA
tt0102558	Comedy	USA
tt0102573	Crime	UK
tt0102590	Comedy	USA
tt0102592	Crime	USA
tt0102593	Action	USA
tt0102598	Comedy	USA
tt0102603	Comedy	USA
tt0102609	Comedy	USA
tt0102655	Action	USA
tt0102685	Action	USA
tt0102687	Drama	USA
tt0102690	Comedy	USA
tt0102713	Drama	USA
tt0102719	Comedy	USA
tt0102722	Fantasy	UK
tt0102729	Comedy	USA
tt0102741	Comedy	USA
tt0102744	Action	Australia
tt0102749	Comedy	UK
tt0102750	Thriller	USA
tt0102753	Drama	USA
tt0102757	Drama	USA
tt0102768	Drama	USA
tt0102782	Adventure	USA
tt0102789	Action	USA
tt0102798	Action	USA
tt0102803	Action	USA
tt0102818	Action	USA
tt0102820	Action	USA
tt0102849	Comedy	USA
tt0102860	Horror	USA
tt0102900	Crime	USA
tt0102913	Drama	USA
tt0102926	Crime	USA
tt0102943	Comedy	USA
tt0102945	Crime	USA
tt0102951	Comedy	USA
tt0102969	Comedy	Australia
tt0102975	Action	USA
tt0102979	Comedy	USA
tt0102984	Action	USA
tt0102989	Crime	USA
tt0102996	Comedy	USA
tt0103003	Action	USA
tt0103007	Comedy	USA
tt0103015	Comedy	Australia
tt0103016	Comedy	USA
tt0103030	Comedy	Spain
tt0103035	Comedy	USA
tt0103036	Drama	USA
tt0103055	Comedy	Italy
tt0103060	Action	USA
tt0103064	Action	USA
tt0103069	Drama	USA
tt0103112	Action	USA
tt0103125	Drama	USA
tt0103128	Comedy	USA
tt0103141	Drama	Australia
tt0103143	Drama	UK
tt0103184	Action	USA
tt0103241	Comedy	USA
tt0103247	Adventure	USA
tt0103251	Drama	USA
tt0103253	Drama	USA
tt0103262	Drama	USA
tt0103303	Action	USA
tt0103312	Drama	UK
tt0103594	Adventure	France
tt0103596	Action	USA
tt0103617	Action	UK
tt0103639	Animation	USA
tt0103671	Biography	USA
tt0103747	Biography	USA
tt0103759	Crime	USA
tt0103772	Drama	France
tt0103776	Action	USA
tt0103783	Animation	USA
tt0103786	Comedy	USA
tt0103827	Comedy	UK
tt0103838	Drama	Italy
tt0103850	Comedy	USA
tt0103855	Action	USA
tt0103859	Comedy	USA
tt0103872	Comedy	USA
tt0103874	Fantasy	USA
tt0103877	Comedy	USA
tt0103888	Documentary	USA
tt0103893	Action	USA
tt0103897	Drama	USA
tt0103919	Drama	USA
tt0103924	Adventure	USA
tt0103939	Biography	USA
tt0103956	Fantasy	UK
tt0103962	Adventure	UK
tt0103976	Drama	France
tt0103978	Comedy	USA
tt0104006	Crime	USA
tt0104009	Animation	USA
tt0104027	Crime	USA
tt0104030	Comedy	USA
tt0104036	Crime	UK
tt0104040	Drama	USA
tt0104070	Comedy	USA
tt0104073	Action	USA
tt0104107	Drama	USA
tt0104114	Comedy	USA
tt0104139	Comedy	USA
tt0104187	Comedy	USA
tt0104215	Action	USA
tt0104225	Drama	USA
tt0104231	Adventure	USA
tt0104237	Drama	UK
tt0104240	Drama	USA
tt0104244	Documentary	USA
tt0104254	Animation	Australia
tt0104257	Drama	USA
tt0104265	Drama	USA
tt0104283	Comedy	USA
tt0104291	Drama	USA
tt0104298	Animation	UK
tt0104299	Action	USA
tt0104321	Drama	USA
tt0104348	Drama	USA
tt0104350	Biography	Sweden
tt0104376	Comedy	USA
tt0104389	Drama	USA
tt0104409	Horror	USA
tt0104412	Comedy	USA
tt0104427	Biography	USA
tt0104431	Adventure	USA
tt0104437	Adventure	USA
tt0104438	Comedy	USA
tt0104452	Comedy	USA
tt0104454	Drama	UK
tt0104466	Comedy	USA
tt0104503	Comedy	USA
tt0104504	Documentary	USA
tt0104507	Drama	France
tt0104511	Action	USA
tt0104541	Biography	USA
tt0104549	Crime	USA
tt0104573	Action	USA
tt0104647	Action	USA
tt0104670	Comedy	USA
tt0104691	Action	USA
tt0104692	Horror	UK
tt0104694	Comedy	USA
tt0104695	Comedy	USA
tt0104697	Comedy	USA
tt0104714	Action	USA
tt0104745	Comedy	USA
tt0104797	Biography	USA
tt0104802	Drama	France
tt0104804	Comedy	USA
tt0104839	Adventure	USA
tt0104850	Comedy	USA
tt0104868	Comedy	USA
tt0104892	Comedy	USA
tt0104897	Action	USA
tt0104905	Adventure	USA
tt0104926	Comedy	USA
tt0104928	Comedy	USA
tt0104940	Comedy	USA
tt0104952	Comedy	USA
tt0104954	Comedy	USA
tt0104990	Drama	USA
tt0105001	Comedy	USA
tt0105017	Comedy	USA
tt0105046	Drama	USA
tt0105078	Comedy	USA
tt0105089	Documentary	USA
tt0105103	Comedy	USA
tt0105104	Action	USA
tt0105107	Drama	USA
tt0105112	Action	USA
tt0105121	Comedy	USA
tt0105128	Action	USA
tt0105130	Comedy	UK
tt0105150	Drama	USA
tt0105151	Comedy	USA
tt0105156	Drama	USA
tt0105159	Drama	Australia
tt0105165	Comedy	USA
tt0105187	Crime	USA
tt0105191	Drama	USA
tt0105211	Drama	USA
tt0105217	Crime	USA
tt0105219	Action	USA
tt0105236	Crime	USA
tt0105265	Drama	USA
tt0105267	Adventure	USA
tt0105291	Crime	UK
tt0105316	Drama	South Africa
tt0105323	Drama	USA
tt0105327	Drama	USA
tt0105391	Drama	USA
tt0105411	Crime	Italy
tt0105414	Drama	USA
tt0105415	Comedy	USA
tt0105417	Comedy	USA
tt0105428	Horror	USA
tt0105435	Comedy	USA
tt0105450	Crime	USA
tt0105459	Action	UK
tt0105466	Comedy	USA
tt0105477	Action	USA
tt0105480	Drama	USA
tt0105481	Comedy	USA
tt0105483	Crime	USA
tt0105526	Action	USA
tt0105562	Drama	USA
tt0105577	Drama	USA
tt0105585	Crime	USA
tt0105629	Comedy	USA
tt0105631	Crime	USA
tt0105636	Action	USA
tt0105665	Drama	France
tt0105690	Action	France
tt0105695	Western	USA
tt0105698	Action	USA
tt0105699	Crime	Japan
tt0105706	Comedy	USA
tt0105719	Comedy	France
tt0105789	Drama	USA
tt0105790	Drama	UK
tt0105793	Comedy	USA
tt0105807	Drama	USA
tt0105811	Drama	USA
tt0105812	Comedy	USA
tt0105813	Action	USA
tt0105824	Action	USA
tt0105871	Action	USA
tt0105885	Drama	USA
tt0106176	Documentary	USA
tt0106220	Comedy	USA
tt0106223	Adventure	USA
tt0106226	Drama	USA
tt0106233	Adventure	USA
tt0106246	Adventure	USA
tt0106264	Crime	USA
tt0106266	Comedy	USA
tt0106292	Action	USA
tt0106315	Drama	USA
tt0106332	Drama	China
tt0106339	Biography	UK
tt0106350	Drama	USA
tt0106364	Animation	USA
tt0106375	Comedy	USA
tt0106379	Comedy	UK
tt0106393	Action	USA
tt0106400	Comedy	USA
tt0106438	Biography	UK
tt0106453	Drama	Germany
tt0106455	Action	USA
tt0106464	Drama	USA
tt0106466	Comedy	USA
tt0106471	Drama	USA
tt0106489	Crime	USA
tt0106500	Comedy	USA
tt0106505	Drama	USA
tt0106519	Crime	USA
tt0106521	Horror	USA
tt0106582	Action	USA
tt0106598	Comedy	USA
tt0106611	Adventure	USA
tt0106627	Drama	USA
tt0106660	Drama	Italy
tt0106661	Drama	USA
tt0106664	Horror	USA
tt0106673	Comedy	USA
tt0106677	Comedy	USA
tt0106684	Crime	USA
tt0106697	Action	USA
tt0106701	Comedy	USA
tt0106761	Action	USA
tt0106770	Action	USA
tt0106827	Family	Canada
tt0106833	Drama	UK
tt0106856	Crime	France
tt0106868	Adventure	USA
tt0106873	Comedy	USA
tt0106877	Comedy	USA
tt0106881	Drama	USA
tt0106912	Biography	USA
tt0106918	Drama	USA
tt0106926	Drama	USA
tt0106941	Comedy	USA
tt0106965	Adventure	USA
tt0106977	Action	USA
tt0107004	Drama	USA
tt0107007	Drama	USA
tt0107009	Horror	USA
tt0107034	Drama	USA
tt0107048	Comedy	USA
tt0107050	Comedy	USA
tt0107057	Crime	USA
tt0107076	Action	USA
tt0107088	Drama	UK
tt0107090	Thriller	USA
tt0107091	Comedy	USA
tt0107107	Comedy	USA
tt0107111	Documentary	USA
tt0107120	Comedy	USA
tt0107130	Biography	USA
tt0107131	Adventure	USA
tt0107144	Action	USA
tt0107148	Drama	Italy
tt0107152	Drama	USA
tt0107156	Comedy	Taiwan
tt0107199	Comedy	UK
tt0107206	Action	USA
tt0107207	Biography	Ireland
tt0107209	Fantasy	Germany
tt0107211	Drama	USA
tt0107212	Comedy	Canada
tt0107233	Documentary	France
tt0107247	Drama	USA
tt0107254	Fantasy	USA
tt0107277	Adventure	USA
tt0107282	Drama	USA
tt0107286	Action	USA
tt0107290	Adventure	USA
tt0107302	Crime	USA
tt0107322	Drama	USA
tt0107362	Action	USA
tt0107372	Documentary	USA
tt0107387	Comedy	USA
tt0107413	Comedy	USA
tt0107438	Comedy	USA
tt0107443	Comedy	USA
tt0107468	Drama	USA
tt0107473	Comedy	USA
tt0107478	Comedy	USA
tt0107497	Crime	Canada
tt0107501	Drama	USA
tt0107504	Comedy	USA
tt0107507	Comedy	USA
tt0107529	Comedy	USA
tt0107554	Crime	USA
tt0107563	Action	USA
tt0107594	Comedy	USA
tt0107606	Drama	USA
tt0107611	Drama	USA
tt0107612	Action	USA
tt0107613	Comedy	USA
tt0107614	Comedy	USA
tt0107616	Comedy	UK
tt0107623	Drama	USA
tt0107626	Comedy	USA
tt0107630	Drama	USA
tt0107653	Comedy	UK
tt0107659	Action	USA
tt0107665	Crime	USA
tt0107685	Comedy	USA
tt0107711	Action	USA
tt0107719	Family	USA
tt0107745	Animation	UK
tt0107750	Action	USA
tt0107798	Crime	USA
tt0107808	Crime	USA
tt0107818	Drama	USA
tt0107822	Drama	New Zealand
tt0107824	Comedy	USA
tt0107840	Drama	USA
tt0107843	Action	USA
tt0107863	Western	UK
tt0107889	Action	USA
tt0107927	Crime	USA
tt0107943	Drama	UK
tt0107953	Horror	USA
tt0107969	Action	USA
tt0107974	Documentary	USA
tt0107977	Adventure	France
tt0107978	Action	USA
tt0107985	Comedy	USA
tt0108000	Drama	USA
tt0108002	Biography	USA
tt0108026	Drama	USA
tt0108037	Comedy	USA
tt0108041	Drama	USA
tt0108052	Biography	USA
tt0108065	Biography	USA
tt0108069	Animation	UK
tt0108071	Drama	USA
tt0108090	Documentary	USA
tt0108101	Biography	UK
tt0108122	Comedy	USA
tt0108147	Comedy	USA
tt0108149	Comedy	USA
tt0108160	Comedy	USA
tt0108162	Drama	USA
tt0108170	Comedy	UK
tt0108171	Action	USA
tt0108174	Comedy	USA
tt0108185	Drama	France
tt0108186	Comedy	USA
tt0108187	Comedy	Italy
tt0108207	Comedy	UK
tt0108234	Action	USA
tt0108238	Action	USA
tt0108255	Adventure	UK
tt0108258	Action	USA
tt0108265	Drama	USA
tt0108308	Action	USA
tt0108311	Drama	USA
tt0108320	Comedy	USA
tt0108327	Comedy	USA
tt0108328	Biography	Canada
tt0108330	Biography	USA
tt0108334	Comedy	USA
tt0108358	Action	USA
tt0108388	Drama	UK
tt0108395	Animation	Ireland
tt0108399	Crime	USA
tt0108410	Comedy	USA
tt0108442	Comedy	USA
tt0108451	Comedy	USA
tt0108473	Drama	USA
tt0108515	Documentary	USA
tt0108517	Fantasy	USA
tt0108525	Comedy	USA
tt0108526	Animation	USA
tt0108539	Comedy	USA
tt0108550	Drama	USA
tt0108551	Biography	USA
tt0108560	Comedy	USA
tt0108565	Drama	Australia
tt0108569	Comedy	USA
tt0108596	Drama	USA
tt0109015	Family	USA
tt0109021	Biography	USA
tt0109035	Crime	USA
tt0109040	Comedy	USA
tt0109045	Comedy	Australia
tt0109067	Comedy	USA
tt0109068	Comedy	USA
tt0109120	Adventure	USA
tt0109129	Comedy	USA
tt0109190	Adventure	USA
tt0109198	Western	USA
tt0109219	Comedy	USA
tt0109254	Action	USA
tt0109279	Adventure	USA
tt0109287	Comedy	USA
tt0109288	Comedy	USA
tt0109297	Crime	USA
tt0109303	Action	USA
tt0109305	Drama	USA
tt0109306	Drama	USA
tt0109327	Comedy	Canada
tt0109340	Drama	UK
tt0109348	Comedy	USA
tt0109361	Adventure	USA
tt0109369	Adventure	USA
tt0109370	Comedy	USA
tt0109376	Comedy	USA
tt0109381	Documentary	UK
tt0109402	Action	USA
tt0109403	Comedy	USA
tt0109417	Romance	USA
tt0109439	Comedy	USA
tt0109443	Comedy	USA
tt0109444	Action	USA
tt0109445	Comedy	USA
tt0109446	Crime	USA
tt0109447	Comedy	USA
tt0109450	Biography	USA
tt0109454	Drama	France
tt0109456	Drama	USA
tt0109480	Comedy	USA
tt0109484	Comedy	USA
tt0109493	Action	USA
tt0109504	Comedy	USA
tt0109506	Action	USA
tt0109520	Comedy	USA
tt0109578	Action	USA
tt0109579	Drama	UK
tt0109593	Drama	USA
tt0109635	Drama	USA
tt0109642	Crime	USA
tt0109675	Drama	USA
tt0109676	Action	USA
tt0109707	Biography	USA
tt0109731	Crime	France
tt0109758	Comedy	USA
tt0109783	Comedy	USA
tt0109785	Crime	USA
tt0109813	Comedy	USA
tt0109816	Comedy	USA
tt0109830	Drama	USA
tt0109831	Comedy	UK
tt0109836	Drama	USA
tt0109838	Comedy	USA
tt0109842	Crime	USA
tt0109891	Comedy	USA
tt0109913	Drama	USA
tt0109917	Crime	USA
tt0109920	Comedy	South Africa
tt0109936	Comedy	USA
tt0109951	Comedy	USA
tt0110005	Biography	New Zealand
tt0110044	Comedy	USA
tt0110057	Documentary	USA
tt0110064	Comedy	USA
tt0110066	Comedy	USA
tt0110074	Comedy	UK
tt0110081	Drama	China
tt0110091	Comedy	USA
tt0110093	Action	USA
tt0110097	Comedy	USA
tt0110099	Comedy	USA
tt0110115	Biography	USA
tt0110116	Biography	UK
tt0110123	Comedy	USA
tt0110137	Romance	USA
tt0110146	Drama	USA
tt0110148	Drama	USA
tt0110157	Adventure	USA
tt0110167	Comedy	USA
tt0110169	Comedy	USA
tt0110186	Crime	USA
tt0110189	Comedy	USA
tt0110197	Crime	USA
tt0110216	Comedy	USA
tt0110217	Documentary	USA
tt0110296	Drama	UK
tt0110305	Family	USA
tt0110308	Crime	UK
tt0110322	Drama	USA
tt0110329	Comedy	USA
tt0110353	Comedy	USA
tt0110357	Animation	USA
tt0110363	Comedy	USA
tt0110364	Comedy	USA
tt0110366	Comedy	USA
tt0110391	Comedy	USA
tt0110395	Crime	USA
tt0110399	Action	USA
tt0110413	Crime	France
tt0110428	Biography	UK
tt0110442	Comedy	USA
tt0110443	Comedy	USA
tt0110455	Comedy	Ireland
tt0110475	Action	USA
tt0110478	Action	USA
tt0110516	Comedy	USA
tt0110518	Comedy	USA
tt0110538	Comedy	USA
tt0110557	Adventure	Japan
tt0110588	Biography	USA
tt0110604	Horror	Russia
tt0110612	Comedy	France
tt0110613	Comedy	USA
tt0110632	Crime	USA
tt0110638	Drama	USA
tt0110649	Comedy	USA
tt0110657	Action	USA
tt0110678	Action	USA
tt0110684	Comedy	USA
tt0110687	Adventure	USA
tt0110689	Biography	France
tt0110722	Drama	UK
tt0110725	Action	USA
tt0110737	Comedy	USA
tt0110759	Comedy	USA
tt0110763	Animation	USA
tt0110771	Comedy	USA
tt0110867	Drama	USA
tt0110892	Comedy	UK
tt0110907	Comedy	USA
tt0110912	Crime	USA
tt0110932	Drama	USA
tt0110939	Comedy	USA
tt0110944	Action	USA
tt0110950	Comedy	USA
tt0110955	Comedy	USA
tt0110963	Biography	France
tt0110971	Comedy	USA
tt0110997	Action	USA
tt0111001	Comedy	USA
tt0111003	Horror	USA
tt0111054	Drama	USA
tt0111070	Comedy	USA
tt0111094	Comedy	USA
tt0111102	Drama	UK
tt0111125	Drama	USA
tt0111127	Comedy	USA
tt0111143	Action	USA
tt0111161	Crime	USA
tt0111187	Drama	USA
tt0111194	Drama	USA
tt0111218	Comedy	USA
tt0111252	Comedy	USA
tt0111255	Action	Peru
tt0111256	Comedy	USA
tt0111257	Action	USA
tt0111271	Adventure	USA
tt0111280	Action	USA
tt0111282	Action	France
tt0111301	Action	Japan
tt0111323	Action	USA
tt0111333	Animation	USA
tt0111359	Adventure	USA
tt0111400	Action	USA
tt0111408	Documentary	USA
tt0111418	Comedy	USA
tt0111419	Animation	Ireland
tt0111438	Action	Canada
tt0111470	Comedy	USA
tt0111477	Adventure	USA
tt0111488	Thriller	USA
tt0111503	Action	USA
tt0111507	Drama	France
tt0111614	Documentary	USA
tt0111653	Adventure	USA
tt0111667	Drama	USA
tt0111693	Drama	USA
tt0111712	Comedy	UK
tt0111732	Comedy	USA
tt0111742	Drama	USA
tt0111756	Adventure	USA
tt0111797	Comedy	Taiwan
tt0111804	Documentary	USA
tt0112255	Comedy	USA
tt0112281	Adventure	USA
tt0112288	Horror	USA
tt0112302	Adventure	USA
tt0112342	Family	USA
tt0112346	Comedy	USA
tt0112368	Comedy	USA
tt0112384	Adventure	USA
tt0112401	Action	France
tt0112427	Comedy	UK
tt0112431	Comedy	Australia
tt0112435	Comedy	USA
tt0112442	Action	USA
tt0112452	Documentary	USA
tt0112453	Animation	USA
tt0112461	Biography	USA
tt0112462	Action	USA
tt0112471	Drama	USA
tt0112495	Action	UK
tt0112499	Comedy	USA
tt0112508	Comedy	USA
tt0112536	Action	USA
tt0112541	Comedy	USA
tt0112571	Comedy	USA
tt0112572	Comedy	USA
tt0112573	Biography	USA
tt0112579	Drama	USA
tt0112585	Comedy	USA
tt0112606	Comedy	USA
tt0112625	Horror	USA
tt0112637	Biography	UK
tt0112641	Biography	USA
tt0112642	Comedy	USA
tt0112679	Drama	Ireland
tt0112682	Fantasy	France
tt0112688	Crime	USA
tt0112697	Comedy	USA
tt0112702	Action	USA
tt0112715	Action	USA
tt0112722	Crime	USA
tt0112740	Action	USA
tt0112744	Drama	USA
tt0112749	Drama	South Africa
tt0112757	Drama	USA
tt0112760	Action	USA
tt0112792	Biography	USA
tt0112818	Crime	UK
tt0112819	Action	USA
tt0112851	Action	USA
tt0112854	Crime	USA
tt0112857	Crime	USA
tt0112864	Action	USA
tt0112887	Action	USA
tt0112895	Comedy	UK
tt0112896	Comedy	USA
tt0112950	Comedy	USA
tt0112959	Documentary	USA
tt0112966	Comedy	UK
tt0113028	Adventure	USA
tt0113041	Comedy	USA
tt0113044	Crime	USA
tt0113071	Action	USA
tt0113089	Drama	USA
tt0113097	Comedy	USA
tt0113101	Comedy	USA
tt0113107	Drama	France
tt0113114	Adventure	France
tt0113117	Comedy	UK
tt0113118	Comedy	USA
tt0113133	Comedy	UK
tt0113158	Drama	USA
tt0113161	Comedy	USA
tt0113189	Action	UK
tt0113198	Animation	USA
tt0113199	Comedy	USA
tt0113228	Comedy	USA
tt0113234	Animation	USA
tt0113243	Comedy	USA
tt0113253	Horror	USA
tt0113277	Action	USA
tt0113303	Fantasy	USA
tt0113305	Crime	USA
tt0113321	Comedy	USA
tt0113347	Comedy	USA
tt0113362	Adventure	France
tt0113416	Comedy	USA
tt0113419	Drama	USA
tt0113442	Comedy	USA
tt0113443	Drama	USA
tt0113451	Crime	USA
tt0113463	Biography	France
tt0113464	Comedy	USA
tt0113481	Action	Canada
tt0113490	Drama	USA
tt0113492	Action	USA
tt0113497	Adventure	USA
tt0113500	Comedy	USA
tt0113501	Action	USA
tt0113533	Adventure	USA
tt0113537	Comedy	USA
tt0113538	Adventure	USA
tt0113540	Drama	USA
tt0113552	Action	USA
tt0113612	Comedy	USA
tt0113617	Adventure	USA
tt0113627	Drama	USA
tt0113650	Comedy	USA
tt0113670	Drama	USA
tt0113674	Comedy	USA
tt0113677	Comedy	USA
tt0113690	Horror	USA
tt0113691	Drama	USA
tt0113726	Animation	Japan
tt0113729	Drama	USA
tt0113737	Adventure	Canada
tt0113749	Comedy	USA
tt0113755	Comedy	USA
tt0113758	Comedy	USA
tt0113762	Horror	USA
tt0113808	Comedy	USA
tt0113819	Comedy	USA
tt0113845	Action	USA
tt0113849	Comedy	UK
tt0113851	Comedy	UK
tt0113855	Action	USA
tt0113862	Drama	USA
tt0113870	Drama	USA
tt0113896	Drama	USA
tt0113957	Action	USA
tt0113965	Crime	USA
tt0113967	Crime	USA
tt0113972	Action	USA
tt0113973	Documentary	Germany
tt0113986	Comedy	USA
tt0113987	Biography	USA
tt0114011	Comedy	USA
tt0114048	Action	USA
tt0114057	Drama	USA
tt0114069	Action	USA
tt0114084	Drama	UK
tt0114095	Comedy	USA
tt0114108	Animation	Ireland
tt0114113	Comedy	USA
tt0114117	Drama	UK
tt0114148	Animation	USA
tt0114168	Drama	USA
tt0114194	Action	USA
tt0114210	Comedy	USA
tt0114214	Action	Japan
tt0114272	Biography	USA
tt0114279	Drama	UK
tt0114287	Adventure	USA
tt0114296	Comedy	USA
tt0114319	Comedy	Germany
tt0114323	Drama	UK
tt0114345	Drama	USA
tt0114371	Action	USA
tt0114388	Drama	USA
tt0114435	Documentary	USA
tt0114436	Drama	France
tt0114474	Drama	UK
tt0114478	Comedy	Germany
tt0114496	Comedy	USA
tt0114508	Horror	USA
tt0114534	Drama	USA
tt0114536	Comedy	USA
tt0114558	Action	USA
tt0114571	Comedy	Germany
tt0114576	Action	USA
tt0114608	Action	USA
tt0114609	Horror	USA
tt0114614	Action	USA
tt0114660	Crime	USA
tt0114663	Drama	USA
tt0114666	Crime	USA
tt0114681	Comedy	USA
tt0114682	Comedy	USA
tt0114694	Comedy	USA
tt0114697	Action	USA
tt0114702	Biography	UK
tt0114709	Animation	USA
tt0114753	Drama	USA
tt0114781	Action	USA
tt0114788	Crime	USA
tt0114798	Comedy	USA
tt0114805	Documentary	USA
tt0114814	Crime	USA
tt0114825	Comedy	USA
tt0114852	Horror	USA
tt0114857	Action	USA
tt0114885	Comedy	USA
tt0114887	Drama	USA
tt0114888	Drama	USA
tt0114898	Action	USA
tt0114924	Comedy	USA
tt0114928	Drama	France
tt0114937	Documentary	Germany
tt0114938	Action	USA
tt0115012	Crime	France
tt0115438	Comedy	USA
tt0115472	Fantasy	UK
tt0115493	Adventure	USA
tt0115509	Animation	USA
tt0115530	Drama	UK
tt0115531	Action	USA
tt0115571	Action	USA
tt0115580	Comedy	USA
tt0115600	Drama	Dominican Republic
tt0115610	Horror	USA
tt0115624	Action	USA
tt0115632	Biography	USA
tt0115639	Comedy	USA
tt0115640	Comedy	UK
tt0115641	Animation	USA
tt0115644	Romance	USA
tt0115645	Crime	USA
tt0115676	Comedy	USA
tt0115678	Drama	USA
tt0115683	Comedy	USA
tt0115685	Comedy	USA
tt0115697	Comedy	USA
tt0115725	Comedy	USA
tt0115734	Comedy	USA
tt0115736	Crime	USA
tt0115742	Mystery	USA
tt0115751	Drama	Denmark
tt0115783	Action	USA
tt0115798	Comedy	USA
tt0115836	Comedy	USA
tt0115837	Drama	USA
tt0115851	Comedy	USA
tt0115857	Action	USA
tt0115862	Drama	USA
tt0115906	Comedy	USA
tt0115907	Drama	USA
tt0115927	Comedy	USA
tt0115956	Action	USA
tt0115963	Drama	USA
tt0115986	Action	USA
tt0115988	Drama	USA
tt0115994	Comedy	USA
tt0116000	Action	USA
tt0116040	Action	USA
tt0116059	Comedy	USA
tt0116126	Comedy	USA
tt0116130	Comedy	USA
tt0116136	Action	USA
tt0116151	Comedy	USA
tt0116165	Comedy	USA
tt0116167	Romance	USA
tt0116168	Comedy	USA
tt0116191	Comedy	UK
tt0116209	Drama	USA
tt0116213	Action	USA
tt0116225	Action	USA
tt0116240	Comedy	USA
tt0116242	Comedy	USA
tt0116250	Biography	USA
tt0116253	Action	USA
tt0116259	Crime	USA
tt0116260	Crime	USA
tt0116269	Comedy	USA
tt0116275	Comedy	USA
tt0116277	Action	USA
tt0116282	Crime	USA
tt0116287	Drama	USA
tt0116289	Comedy	USA
tt0116311	Family	USA
tt0116313	Comedy	USA
tt0116320	Action	USA
tt0116322	Family	USA
tt0116324	Comedy	USA
tt0116329	Adventure	USA
tt0116332	Action	USA
tt0116353	Drama	USA
tt0116361	Comedy	USA
tt0116365	Comedy	New Zealand
tt0116367	Action	USA
tt0116378	Crime	USA
tt0116404	Drama	USA
tt0116405	Comedy	UK
tt0116409	Action	USA
tt0116410	Drama	USA
tt0116414	Comedy	USA
tt0116421	Action	USA
tt0116442	Comedy	USA
tt0116448	Comedy	USA
tt0116483	Comedy	USA
tt0116493	Family	USA
tt0116508	Drama	USA
tt0116531	Comedy	USA
tt0116552	Adventure	USA
tt0116571	Comedy	USA
tt0116583	Animation	USA
tt0116594	Biography	UK
tt0116601	Comedy	USA
tt0116606	Comedy	USA
tt0116621	Biography	USA
tt0116629	Action	USA
tt0116635	Biography	USA
tt0116654	Horror	USA
tt0116669	Comedy	USA
tt0116683	Animation	UK
tt0116695	Comedy	USA
tt0116705	Comedy	USA
tt0116707	Comedy	USA
tt0116722	Drama	UK
tt0116731	Drama	USA
tt0116745	Crime	France
tt0116748	N/A	India
tt0116756	Comedy	USA
tt0116762	Crime	USA
tt0116768	Comedy	Canada
tt0116778	Comedy	USA
tt0116823	Comedy	USA
tt0116827	Drama	USA
tt0116830	Action	USA
tt0116839	Action	USA
tt0116905	Drama	USA
tt0116908	Action	USA
tt0116913	Documentary	USA
tt0116920	Drama	USA
tt0116922	Mystery	France
tt0116928	Comedy	USA
tt0116953	Comedy	USA
tt0116996	Comedy	USA
tt0116999	Drama	USA
tt0117002	Drama	USA
tt0117008	Comedy	USA
tt0117011	Action	USA
tt0117038	Comedy	USA
tt0117039	Biography	UK
tt0117040	Documentary	France
tt0117057	Comedy	USA
tt0117060	Action	USA
tt0117071	Drama	USA
tt0117093	Drama	USA
tt0117102	Comedy	USA
tt0117104	Comedy	USA
tt0117107	Crime	USA
tt0117108	Comedy	USA
tt0117110	Action	USA
tt0117119	Adventure	USA
tt0117128	Comedy	USA
tt0117202	Biography	USA
tt0117247	Comedy	USA
tt0117260	Action	USA
tt0117283	Comedy	USA
tt0117293	Documentary	USA
tt0117320	Documentary	USA
tt0117331	Action	Australia
tt0117332	Comedy	USA
tt0117333	Drama	USA
tt0117372	Comedy	USA
tt0117381	Crime	USA
tt0117420	Action	USA
tt0117427	Adventure	USA
tt0117438	Crime	USA
tt0117473	Thriller	USA
tt0117477	Comedy	France
tt0117500	Action	USA
tt0117509	Drama	USA
tt0117550	Family	USA
tt0117571	Horror	USA
tt0117582	Drama	UK
tt0117603	Action	USA
tt0117608	Comedy	USA
tt0117628	Comedy	USA
tt0117631	Biography	Australia
tt0117638	Comedy	USA
tt0117665	Crime	USA
tt0117666	Drama	USA
tt0117677	Documentary	USA
tt0117688	Action	Mexico
tt0117690	Drama	Ireland
tt0117705	Animation	USA
tt0117718	Drama	USA
tt0117723	Comedy	USA
tt0117731	Action	USA
tt0117737	Drama	Italy
tt0117765	Comedy	USA
tt0117768	Comedy	UK
tt0117774	Action	USA
tt0117781	Crime	USA
tt0117784	Drama	USA
tt0117786	Action	Hong Kong
tt0117791	Biography	USA
tt0117802	Comedy	USA
tt0117826	Horror	USA
tt0117873	Documentary	USA
tt0117887	Comedy	USA
tt0117891	Comedy	USA
tt0117898	Crime	USA
tt0117913	Crime	USA
tt0117918	Comedy	USA
tt0117924	Drama	USA
tt0117951	Drama	UK
tt0117958	Comedy	USA
tt0117965	Drama	USA
tt0117979	Comedy	USA
tt0117991	Comedy	UK
tt0117998	Action	USA
tt0118001	Comedy	Spain
tt0118002	Comedy	USA
tt0118040	Drama	USA
tt0118044	Drama	France
tt0118073	Comedy	USA
tt0118113	Comedy	UK
tt0118117	Drama	USA
tt0118147	Documentary	USA
tt0118158	Adventure	USA
tt0118163	Biography	USA
tt0118301	Comedy	USA
tt0118523	Romance	USA
tt0118539	Action	USA
tt0118540	Documentary	USA
tt0118541	Comedy	USA
tt0118548	Action	USA
tt0118556	Comedy	USA
tt0118566	Comedy	USA
tt0118570	Comedy	USA
tt0118571	Action	USA
tt0118583	Action	USA
tt0118586	Crime	USA
tt0118589	Drama	USA
tt0118604	Comedy	UK
tt0118607	Drama	USA
tt0118615	Action	USA
tt0118617	Animation	USA
tt0118632	Drama	USA
tt0118636	Drama	USA
tt0118647	Action	Canada
tt0118655	Comedy	USA
tt0118665	Comedy	USA
tt0118689	Comedy	UK
tt0118691	Comedy	USA
tt0118698	Drama	UK
tt0118708	Action	USA
tt0118709	Documentary	USA
tt0118715	Comedy	USA
tt0118736	Action	USA
tt0118744	Drama	USA
tt0118747	Action	USA
tt0118749	Drama	USA
tt0118750	Comedy	USA
tt0118760	Drama	USA
tt0118762	Drama	USA
tt0118764	Comedy	Canada
tt0118771	Action	USA
tt0118772	Comedy	USA
tt0118783	Drama	USA
tt0118787	Adventure	USA
tt0118789	Comedy	USA
tt0118798	Comedy	USA
tt0118818	Drama	UK
tt0118829	Animation	USA
tt0118836	Comedy	USA
tt0118842	Comedy	USA
tt0118845	Drama	Hong Kong
tt0118859	Crime	USA
tt0118863	Comedy	Germany
tt0118870	Crime	USA
tt0118880	Action	USA
tt0118883	Action	USA
tt0118884	Drama	USA
tt0118887	Crime	USA
tt0118892	Biography	USA
tt0118894	Comedy	UK
tt0118900	Action	USA
tt0118901	Comedy	Australia
tt0118925	Comedy	USA
tt0118927	Action	USA
tt0118928	Action	USA
tt0118929	Drama	Australia
tt0118954	Comedy	USA
tt0118956	Action	USA
tt0118964	Drama	UK
tt0118966	Action	USA
tt0118971	Drama	USA
tt0118972	Action	USA
tt0118998	Comedy	USA
tt0119008	Biography	USA
tt0119013	Action	USA
tt0119019	Comedy	USA
tt0119051	Action	USA
tt0119052	Drama	Canada
tt0119053	Adventure	USA
tt0119062	Drama	France
tt0119079	Drama	UK
tt0119080	Drama	USA
tt0119081	Horror	UK
tt0119086	Action	USA
tt0119094	Action	USA
tt0119098	Drama	USA
tt0119099	Action	USA
tt0119115	Comedy	UK
tt0119116	Action	France
tt0119123	Action	USA
tt0119137	Comedy	USA
tt0119141	Comedy	USA
tt0119142	Comedy	USA
tt0119152	Adventure	USA
tt0119153	Drama	USA
tt0119164	Comedy	UK
tt0119173	Action	USA
tt0119174	Drama	USA
tt0119177	Drama	USA
tt0119190	Action	USA
tt0119196	Thriller	USA
tt0119209	Comedy	USA
tt0119210	Crime	USA
tt0119214	Comedy	USA
tt0119215	Comedy	USA
tt0119217	Drama	USA
tt0119223	Drama	USA
tt0119225	Comedy	USA
tt0119229	Action	USA
tt0119237	Comedy	USA
tt0119280	Biography	UK
tt0119282	Animation	USA
tt0119303	Comedy	USA
tt0119304	Comedy	USA
tt0119305	Comedy	USA
tt0119311	Crime	USA
tt0119313	Drama	USA
tt0119314	Drama	USA
tt0119324	Comedy	USA
tt0119327	Comedy	USA
tt0119336	Comedy	USA
tt0119345	Horror	USA
tt0119349	Drama	USA
tt0119361	Comedy	Canada
tt0119381	Drama	USA
tt0119395	Action	USA
tt0119396	Crime	USA
tt0119432	Comedy	USA
tt0119465	Comedy	USA
tt0119467	Crime	Australia
tt0119468	Crime	USA
tt0119484	Fantasy	USA
tt0119485	Biography	USA
tt0119488	Crime	USA
tt0119494	Drama	UK
tt0119502	Biography	USA
tt0119509	Comedy	USA
tt0119528	Comedy	USA
tt0119535	Comedy	UK
tt0119557	Drama	USA
tt0119560	Comedy	USA
tt0119561	Documentary	USA
tt0119567	Action	USA
tt0119572	Drama	USA
tt0119577	Biography	UK
tt0119578	Comedy	USA
tt0119590	Drama	Belgium
tt0119592	Crime	USA
tt0119607	Drama	USA
tt0119630	Action	USA
tt0119632	Comedy	Ireland
tt0119640	Action	USA
tt0119643	Drama	USA
tt0119644	Comedy	USA
tt0119654	Comedy	USA
tt0119664	Action	USA
tt0119668	Crime	USA
tt0119670	Comedy	USA
tt0119675	Horror	USA
tt0119695	Action	USA
tt0119707	Action	USA
tt0119709	Action	USA
tt0119718	Adventure	USA
tt0119731	Action	USA
tt0119734	Comedy	USA
tt0119738	Comedy	USA
tt0119746	Drama	USA
tt0119778	Comedy	USA
tt0119802	Crime	USA
tt0119807	Action	USA
tt0119809	Comedy	USA
tt0119819	Comedy	USA
tt0119822	Comedy	USA
tt0119832	Drama	USA
tt0119848	Comedy	USA
tt0119859	Drama	Australia
tt0119874	Action	USA
tt0119887	Comedy	USA
tt0119891	Horror	USA
tt0119892	Crime	USA
tt0119896	Comedy	USA
tt0119899	Animation	Sweden
tt0119905	Comedy	USA
tt0119906	Crime	USA
tt0119910	Comedy	USA
tt0119925	Action	USA
tt0119934	Biography	USA
tt0119937	Biography	USA
tt0119942	Comedy	France
tt0119951	Biography	USA
tt0119986	Comedy	USA
tt0119988	Crime	USA
tt0119994	Crime	USA
tt0120004	Horror	UK
tt0120008	Action	USA
tt0120014	Documentary	USA
tt0120032	Comedy	USA
tt0120036	Action	USA
tt0120053	Action	USA
tt0120070	Drama	USA
tt0120082	Horror	USA
tt0120094	Biography	USA
tt0120102	Adventure	USA
tt0120107	Action	USA
tt0120112	Drama	France
tt0120133	Comedy	USA
tt0120148	Comedy	UK
tt0120151	Comedy	USA
tt0120152	Action	Denmark
tt0120157	Action	UK
tt0120169	Comedy	USA
tt0120177	Action	USA
tt0120179	Action	USA
tt0120184	Drama	USA
tt0120188	Action	USA
tt0120190	Comedy	USA
tt0120197	Comedy	USA
tt0120201	Action	USA
tt0120202	Comedy	France
tt0120207	Action	USA
tt0120213	Comedy	USA
tt0120219	Documentary	USA
tt0120255	Drama	Canada
tt0120271	Drama	USA
tt0120275	Drama	UK
tt0120301	Comedy	USA
tt0120303	Drama	USA
tt0120317	Action	USA
tt0120318	Comedy	USA
tt0120321	Comedy	Canada
tt0120323	Drama	USA
tt0120324	Crime	UK
tt0120338	Drama	USA
tt0120347	Action	UK
tt0120357	Comedy	USA
tt0120363	Animation	USA
tt0120366	Crime	USA
tt0120373	Comedy	USA
tt0120376	Comedy	USA
tt0120382	Drama	USA
tt0120383	Action	USA
tt0120389	Action	USA
tt0120390	Action	USA
tt0120394	Comedy	UK
tt0120399	Crime	France
tt0120402	Drama	USA
tt0120434	Comedy	USA
tt0120458	Action	USA
tt0120461	Action	USA
tt0120472	Documentary	USA
tt0120479	Action	USA
tt0120481	Drama	USA
tt0120483	Action	USA
tt0120484	Comedy	USA
tt0120490	Drama	UK
tt0120510	Comedy	USA
tt0120512	Action	USA
tt0120520	Drama	USA
tt0120521	Drama	UK
tt0120524	Fantasy	USA
tt0120531	Comedy	USA
tt0120533	Comedy	USA
tt0120550	Adventure	USA
tt0120576	Drama	USA
tt0120577	Drama	USA
tt0120586	Crime	USA
tt0120587	Animation	USA
tt0120591	Action	USA
tt0120595	Adventure	Australia
tt0120596	Comedy	USA
tt0120598	Adventure	Canada
tt0120601	Comedy	USA
tt0120603	Drama	USA
tt0120610	Action	USA
tt0120611	Action	USA
tt0120613	Drama	Australia
tt0120616	Action	USA
tt0120618	Comedy	USA
tt0120620	Drama	USA
tt0120623	Animation	USA
tt0120630	Animation	UK
tt0120631	Comedy	USA
tt0120632	Drama	Germany
tt0120633	Drama	USA
tt0120643	Drama	Ireland
tt0120645	Comedy	USA
tt0120646	Drama	USA
tt0120647	Action	USA
tt0120654	Comedy	Canada
tt0120655	Adventure	USA
tt0120657	Action	USA
tt0120659	Biography	USA
tt0120660	Action	USA
tt0120663	Drama	UK
tt0120669	Comedy	USA
tt0120670	Thriller	USA
tt0120679	Biography	USA
tt0120681	Mystery	USA
tt0120683	Crime	USA
tt0120684	Biography	USA
tt0120685	Action	USA
tt0120686	Comedy	USA
tt0120687	Drama	UK
tt0120689	Crime	USA
tt0120693	Comedy	USA
tt0120694	Horror	USA
tt0120696	Action	USA
tt0120699	Drama	UK
tt0120701	Comedy	USA
tt0120703	Comedy	USA
tt0120707	Comedy	USA
tt0120710	Drama	USA
tt0120716	Comedy	France
tt0120722	Comedy	USA
tt0120723	Comedy	USA
tt0120724	Action	Aruba
tt0120725	Comedy	USA
tt0120728	Comedy	USA
tt0120737	Adventure	New Zealand
tt0120738	Action	USA
tt0120741	Comedy	USA
tt0120742	Comedy	USA
tt0120744	Action	USA
tt0120746	Action	USA
tt0120749	Action	USA
tt0120751	Action	USA
tt0120755	Action	USA
tt0120757	Action	USA
tt0120762	Animation	USA
tt0120764	Comedy	USA
tt0120765	Comedy	USA
tt0120768	Action	Germany
tt0120769	Action	USA
tt0120770	Comedy	USA
tt0120772	Comedy	USA
tt0120773	Adventure	USA
tt0120775	Action	Spain
tt0120776	Drama	USA
tt0120777	Comedy	USA
tt0120780	Crime	USA
tt0120782	Crime	Germany
tt0120783	Adventure	USA
tt0120784	Action	USA
tt0120787	Crime	USA
tt0120788	Biography	USA
tt0120789	Comedy	USA
tt0120791	Comedy	USA
tt0120793	Drama	UK
tt0120794	Animation	USA
tt0120797	Comedy	USA
tt0120800	Animation	USA
tt0120802	Drama	Canada
tt0120804	Action	UK
tt0120812	Action	USA
tt0120813	Comedy	USA
tt0120815	Action	USA
tt0120820	Comedy	USA
tt0120823	Comedy	USA
tt0120824	Drama	USA
tt0120828	Action	USA
tt0120831	Comedy	USA
tt0120832	Crime	USA
tt0120834	Drama	USA
tt0120835	Drama	France
tt0120838	Comedy	USA
tt0120841	Horror	USA
tt0120844	Action	USA
tt0120855	Animation	USA
tt0120856	Action	USA
tt0120857	Drama	Italy
tt0120861	Comedy	UK
tt0120863	Drama	USA
tt0120866	Drama	Italy
tt0120873	Action	USA
tt0120879	Drama	UK
tt0120885	Comedy	USA
tt0120888	Comedy	USA
tt0120889	Drama	USA
tt0120890	Crime	USA
tt0120891	Action	USA
tt0120899	Biography	UK
tt0120901	Action	Germany
tt0120903	Action	USA
tt0120906	Comedy	USA
tt0120907	Horror	Canada
tt0120912	Action	USA
tt0120913	Animation	USA
tt0120915	Action	USA
tt0120917	Animation	USA
tt0121765	Action	USA
tt0121766	Action	USA
tt0122143	Crime	USA
tt0122151	Action	USA
tt0122459	Comedy	USA
tt0122541	Comedy	UK
tt0122642	Action	USA
tt0122690	Action	UK
tt0122718	Action	USA
tt0122728	Documentary	USA
tt0122933	Comedy	USA
tt0123209	Comedy	USA
tt0123324	Biography	USA
tt0123964	Comedy	USA
tt0123987	Comedy	France
tt0124102	Horror	USA
tt0124198	Comedy	USA
tt0124298	Comedy	USA
tt0124315	Drama	USA
tt0124595	Drama	USA
tt0124718	Drama	USA
tt0124777	Comedy	USA
tt0124879	Comedy	USA
tt0124901	Action	USA
tt0125022	Comedy	USA
tt0125439	Comedy	UK
tt0125454	Adventure	USA
tt0125664	Biography	UK
tt0125676	Documentary	USA
tt0125971	Comedy	USA
tt0126029	Animation	USA
tt0126250	Comedy	USA
tt0126604	Comedy	USA
tt0126859	Drama	USA
tt0126886	Comedy	USA
tt0126916	Drama	USA
tt0127247	Drama	USA
tt0127349	Drama	USA
tt0127536	Biography	UK
tt0127722	Crime	USA
tt0127723	Comedy	USA
tt0128239	Biography	UK
tt0128278	Drama	USA
tt0128442	Crime	USA
tt0128445	Comedy	USA
tt0128853	Comedy	USA
tt0129167	Animation	USA
tt0129280	Comedy	USA
tt0129290	Biography	USA
tt0129332	Fantasy	Czech Republic
tt0129387	Comedy	USA
tt0130018	Horror	USA
tt0130121	Comedy	UK
tt0130623	Animation	USA
tt0131325	Comedy	USA
tt0131369	Comedy	USA
tt0131436	Comedy	USA
tt0131646	Action	USA
tt0131704	Animation	USA
tt0131857	Comedy	USA
tt0132213	Comedy	USA
tt0132245	Action	USA
tt0132347	Action	USA
tt0132477	Biography	USA
tt0132512	Drama	USA
tt0133046	Comedy	USA
tt0133093	Action	USA
tt0133240	Animation	USA
tt0133412	Crime	USA
tt0133751	Horror	USA
tt0133952	Action	USA
tt0134067	Animation	USA
tt0134084	Horror	USA
tt0134119	Crime	USA
tt0134154	Drama	USA
tt0134273	Crime	Germany
tt0134618	Comedy	Canada
tt0134619	Horror	Australia
tt0134630	Comedy	USA
tt0134847	Action	USA
tt0134948	Comedy	France
tt0134983	Horror	USA
tt0136352	Action	India
tt0137338	Comedy	USA
tt0137363	Crime	USA
tt0137386	Comedy	USA
tt0137494	Action	USA
tt0137523	Drama	USA
tt0138097	Comedy	USA
tt0138279	Comedy	USA
tt0138304	Drama	USA
tt0138510	Comedy	USA
tt0138524	Comedy	USA
tt0138537	Comedy	USA
tt0138681	Comedy	UK
tt0138704	Drama	USA
tt0138749	Animation	USA
tt0138874	Drama	Vietnam
tt0138946	Crime	USA
tt0139134	Drama	USA
tt0139239	Comedy	USA
tt0139362	Drama	USA
tt0139414	Comedy	USA
tt0139462	Drama	USA
tt0139615	Drama	USA
tt0139654	Action	USA
tt0139668	Crime	USA
tt0139669	Drama	USA
tt0139699	Comedy	USA
tt0139809	Mystery	Germany
tt0140282	Action	USA
tt0140352	Biography	USA
tt0140379	Comedy	Italy
tt0140397	Comedy	USA
tt0140688	Drama	France
tt0140796	Comedy	USA
tt0140888	Drama	Brazil
tt0141098	Comedy	USA
tt0141109	Comedy	USA
tt0141369	Action	USA
tt0141399	Biography	USA
tt0141907	Comedy	USA
tt0141926	Action	France
tt0141974	Drama	Italy
tt0142192	Action	USA
tt0142201	Comedy	USA
tt0142231	Drama	USA
tt0142342	Comedy	USA
tt0143145	Action	UK
tt0143344	Action	USA
tt0143746	Comedy	USA
tt0143874	Crime	USA
tt0144084	Drama	USA
tt0144120	Comedy	Canada
tt0144142	Comedy	USA
tt0144168	Comedy	France
tt0144178	Romance	USA
tt0144214	Drama	USA
tt0144637	Comedy	USA
tt0144640	Comedy	Australia
tt0144715	Drama	USA
tt0144801	Documentary	USA
tt0144814	Horror	USA
tt0144964	Action	USA
tt0145048	Drama	Canada
tt0145394	Documentary	Canada
tt0145487	Action	USA
tt0145531	Horror	USA
tt0145653	Drama	USA
tt0145660	Action	USA
tt0145681	Crime	USA
tt0145893	Comedy	Germany
tt0145937	Documentary	USA
tt0146309	Drama	USA
tt0146316	Action	USA
tt0146336	Horror	USA
tt0146675	Action	USA
tt0146838	Drama	USA
tt0146882	Comedy	UK
tt0146984	Drama	USA
tt0147004	Comedy	UK
tt0147612	Comedy	USA
tt0147800	Comedy	USA
tt0148421	Drama	USA
tt0149261	Action	USA
tt0149367	Drama	Germany
tt0149624	Drama	USA
tt0149691	Comedy	USA
tt0150216	Drama	USA
tt0150290	Documentary	USA
tt0150377	Crime	USA
tt0150915	Biography	UK
tt0150992	Comedy	India
tt0151137	Adventure	France
tt0151150	Action	India
tt0151568	Biography	UK
tt0151582	Crime	USA
tt0151738	Comedy	USA
tt0151804	Comedy	USA
tt0152836	Musical	India
tt0153464	Drama	UK
tt0154420	Drama	Denmark
tt0155267	Crime	USA
tt0155388	Drama	UK
tt0155753	Comedy	USA
tt0155776	Comedy	USA
tt0156323	Comedy	USA
tt0156757	Comedy	Ireland
tt0156812	Drama	USA
tt0156841	Comedy	USA
tt0156934	Drama	USA
tt0157075	Comedy	USA
tt0157472	Action	USA
tt0157503	Comedy	Germany
tt0158371	Comedy	USA
tt0158493	Crime	Jamaica
tt0158622	Comedy	USA
tt0158811	Adventure	USA
tt0159273	Action	USA
tt0159365	Drama	USA
tt0159421	Adventure	USA
tt0159539	Comedy	USA
tt0160009	Action	USA
tt0160127	Action	USA
tt0160216	Family	USA
tt0160236	Comedy	USA
tt0160298	Comedy	USA
tt0160338	Drama	USA
tt0160401	Crime	USA
tt0160484	Drama	USA
tt0160498	Comedy	USA
tt0160509	Comedy	USA
tt0160513	Drama	USA
tt0160620	Crime	USA
tt0160644	Drama	USA
tt0160672	Crime	USA
tt0160797	Drama	UK
tt0160862	Comedy	USA
tt0160905	Family	USA
tt0160916	Comedy	USA
tt0161023	Drama	USA
tt0161081	Drama	USA
tt0161083	Comedy	USA
tt0161100	Comedy	USA
tt0161216	Biography	USA
tt0162222	Adventure	USA
tt0162346	Comedy	USA
tt0162360	Comedy	USA
tt0162650	Action	Germany
tt0162661	Drama	USA
tt0162677	Crime	USA
tt0162710	Comedy	USA
tt0162711	Comedy	USA
tt0162830	Drama	USA
tt0162983	Comedy	Germany
tt0163025	Action	USA
tt0163187	Comedy	USA
tt0163579	Action	USA
tt0163651	Comedy	USA
tt0163676	Drama	USA
tt0163978	Adventure	USA
tt0163983	Crime	USA
tt0163988	Drama	USA
tt0164052	Horror	USA
tt0164085	Adventure	USA
tt0164108	Comedy	USA
tt0164114	Comedy	USA
tt0164181	Horror	USA
tt0164184	Action	USA
tt0164212	Crime	France
tt0164221	Comedy	UK
tt0164334	Thriller	USA
tt0164810	Comedy	USA
tt0164912	Animation	Germany
tt0165494	Comedy	USA
tt0165710	Comedy	USA
tt0165773	Drama	Canada
tt0165854	Crime	USA
tt0165859	Drama	USA
tt0165929	Action	USA
tt0165982	Animation	USA
tt0166110	Crime	USA
tt0166195	Comedy	USA
tt0166252	Comedy	USA
tt0166276	Animation	USA
tt0166396	Comedy	UK
tt0166485	Drama	USA
tt0166813	Animation	USA
tt0166896	Biography	France
tt0166924	Drama	France
tt0166943	Drama	USA
tt0167190	Action	USA
tt0167203	Adventure	USA
tt0167260	Adventure	USA
tt0167261	Action	USA
tt0167404	Drama	USA
tt0167423	Comedy	Germany
tt0167427	Comedy	USA
tt0167456	Action	UK
tt0168172	Action	Germany
tt0168501	Comedy	USA
tt0168515	Documentary	USA
tt0168629	Crime	Denmark
tt0168786	Biography	USA
tt0168808	Documentary	USA
tt0168987	Comedy	Canada
tt0169102	Adventure	India
tt0169547	Drama	USA
tt0170016	Comedy	USA
tt0170691	Drama	USA
tt0171356	Comedy	USA
tt0171363	Fantasy	USA
tt0171433	Comedy	USA
tt0171580	Comedy	Germany
tt0172156	Action	USA
tt0172396	Drama	UK
tt0172493	Biography	USA
tt0172495	Action	USA
tt0172627	Drama	USA
tt0172632	Drama	USA
tt0172726	Drama	USA
tt0173390	Comedy	UK
tt0173716	Comedy	France
tt0173772	Documentary	Italy
tt0173840	Animation	USA
tt0174268	Drama	USA
tt0174336	Comedy	USA
tt0174480	Drama	USA
tt0174732	Comedy	USA
tt0174856	Biography	USA
tt0175142	Comedy	USA
tt0175159	Drama	UK
tt0175880	Drama	USA
tt0176269	Action	USA
tt0176783	Drama	USA
tt0177068	Crime	USA
tt0177240	Short	Australia
tt0177789	Adventure	USA
tt0177971	Action	USA
tt0178642	Drama	USA
tt0178737	Comedy	UK
tt0178988	Drama	France
tt0179098	Drama	USA
tt0179626	Action	USA
tt0180052	Comedy	USA
tt0180073	Biography	UK
tt0180093	Drama	USA
tt0180679	Comedy	USA
tt0180837	Comedy	Brazil
tt0181151	Comedy	USA
tt0181288	Documentary	USA
tt0181316	Action	USA
tt0181536	Drama	USA
tt0181689	Action	USA
tt0181733	Documentary	USA
tt0181739	Animation	USA
tt0181833	Documentary	USA
tt0181835	Documentary	USA
tt0181836	Action	USA
tt0181852	Action	USA
tt0181865	Crime	USA
tt0181875	Adventure	USA
tt0181945	Comedy	USA
tt0181984	Crime	USA
tt0182000	Crime	USA
tt0182295	Romance	UK
tt0182299	Documentary	USA
tt0182508	Drama	USA
tt0182789	Comedy	USA
tt0183523	Adventure	USA
tt0183659	Biography	USA
tt0183790	Action	USA
tt0183869	Action	France
tt0184510	Documentary	USA
tt0184719	Drama	USA
tt0184858	Action	USA
tt0184894	Action	USA
tt0184907	Adventure	USA
tt0185014	Comedy	USA
tt0185125	Drama	Spain
tt0185183	Action	USA
tt0185371	Horror	USA
tt0185431	Comedy	USA
tt0185711	Comedy	USA
tt0185937	Horror	USA
tt0186045	Crime	USA
tt0186151	Drama	USA
tt0186508	Documentary	Germany
tt0186566	Action	USA
tt0186589	Comedy	USA
tt0186894	Drama	USA
tt0186895	Comedy	Canada
tt0186975	Comedy	USA
tt0187393	Action	USA
tt0187696	Horror	Germany
tt0187738	Action	USA
tt0187859	Documentary	USA
tt0188160	Drama	USA
tt0188863	Comedy	USA
tt0189192	Comedy	France
tt0189541	Drama	USA
tt0189744	Drama	USA
tt0189998	Drama	UK
tt0190138	Comedy	USA
tt0190255	Drama	USA
tt0190332	Action	Taiwan
tt0190374	Action	USA
tt0190590	Adventure	UK
tt0190861	Biography	France
tt0190865	Action	USA
tt0191037	Crime	UK
tt0191074	Drama	USA
tt0191133	Comedy	USA
tt0191211	Comedy	USA
tt0191397	Comedy	USA
tt0191754	Comedy	USA
tt0192071	Comedy	USA
tt0192111	Comedy	USA
tt0192194	Comedy	USA
tt0192255	Adventure	Germany
tt0192335	Documentary	UK
tt0192614	Action	USA
tt0192731	Horror	USA
tt0192949	Drama	Canada
tt0194218	Comedy	USA
tt0194314	Drama	France
tt0195234	Comedy	UK
tt0195685	Biography	USA
tt0195714	Fantasy	USA
tt0195778	Drama	USA
tt0195945	Comedy	USA
tt0196106	Comedy	Canada
tt0196216	Comedy	USA
tt0196229	Comedy	Germany
tt0196635	Action	India
tt0196857	Comedy	USA
tt0197096	Drama	UK
tt0197311	Drama	South Africa
tt0198021	Comedy	USA
tt0198386	Crime	USA
tt0198781	Animation	USA
tt0199290	Comedy	USA
tt0199626	Mystery	Australia
tt0199725	Drama	USA
tt0199753	Action	USA
tt0200027	Biography	USA
tt0200071	Drama	France
tt0200087	Action	India
tt0200465	Crime	UK
tt0200469	Horror	USA
tt0200550	Comedy	USA
tt0200640	Documentary	USA
tt0200720	Romance	UK
tt0201290	Comedy	USA
tt0201485	Drama	USA
tt0202402	Comedy	USA
tt0202470	Comedy	USA
tt0202641	Comedy	USA
tt0202677	Action	USA
tt0203009	Drama	USA
tt0203019	Biography	USA
tt0203027	Action	Japan
tt0203230	Drama	USA
tt0203289	Comedy	USA
tt0203408	Action	USA
tt0203755	Comedy	USA
tt0204137	Crime	USA
tt0204175	Comedy	USA
tt0204313	Horror	USA
tt0204626	Crime	USA
tt0204946	Comedy	USA
tt0205000	Comedy	USA
tt0205271	Comedy	USA
tt0205461	Adventure	UK
tt0206113	Drama	USA
tt0206226	Comedy	Australia
tt0206275	Drama	USA
tt0206314	Mystery	USA
tt0206367	Animation	USA
tt0206420	Comedy	USA
tt0206634	Drama	USA
tt0206795	Drama	Germany
tt0206963	Comedy	Germany
tt0207201	Comedy	USA
tt0207341	Comedy	India
tt0208003	Action	USA
tt0208092	Comedy	UK
tt0208874	Drama	USA
tt0208988	Action	USA
tt0209163	Action	USA
tt0209475	Comedy	Germany
tt0209958	Horror	USA
tt0210075	Drama	USA
tt0210567	Drama	USA
tt0210584	Comedy	USA
tt0210616	Drama	USA
tt0210945	Biography	USA
tt0211181	Adventure	USA
tt0211915	Comedy	France
tt0211933	Crime	USA
tt0211934	Action	India
tt0211938	Action	Canada
tt0212142	Documentary	USA
tt0212338	Comedy	USA
tt0212346	Action	USA
tt0212380	Comedy	USA
tt0212720	Adventure	USA
tt0212827	Biography	UK
tt0212974	Drama	USA
tt0212985	Crime	USA
tt0213149	Action	USA
tt0213203	Animation	Germany
tt0213790	Comedy	USA
tt0213847	Drama	Italy
tt0213890	Musical	India
tt0214931	Fantasy	India
tt0215129	Comedy	USA
tt0215545	Comedy	USA
tt0215750	Drama	USA
tt0215850	Drama	Canada
tt0216216	Action	USA
tt0216707	Drama	India
tt0216772	Crime	USA
tt0216787	Comedy	France
tt0217107	Romance	USA
tt0217287	Drama	USA
tt0217351	Romance	India
tt0217505	Crime	USA
tt0217630	Comedy	USA
tt0217756	Comedy	USA
tt0217869	Drama	USA
tt0218043	Documentary	USA
tt0218112	Comedy	UK
tt0218182	Comedy	USA
tt0218378	Drama	UK
tt0218379	Drama	Israel
tt0218619	Drama	USA
tt0218817	Action	USA
tt0218839	Comedy	USA
tt0218922	Drama	France
tt0218967	Comedy	USA
tt0219400	Comedy	USA
tt0219653	Action	USA
tt0219699	Drama	USA
tt0219952	Comedy	France
tt0219965	Comedy	USA
tt0220095	Drama	USA
tt0220099	Animation	USA
tt0220506	Comedy	USA
tt0220596	Action	India
tt0220627	Drama	Canada
tt0221013	Drama	Canada
tt0221027	Biography	USA
tt0221187	Comedy	UK
tt0221218	Crime	USA
tt0221799	Drama	USA
tt0222012	Drama	India
tt0222850	Comedy	USA
tt0223828	Adventure	USA
tt0223897	Drama	USA
tt0225071	Drama	USA
tt0225196	Comedy	USA
tt0225515	Family	India
tt0226430	Drama	USA
tt0227005	Comedy	USA
tt0227445	Crime	USA
tt0227538	Action	USA
tt0227671	Comedy	USA
tt0228750	Action	USA
tt0229260	Adventure	USA
tt0230011	Animation	USA
tt0230055	Drama	India
tt0230600	Fantasy	USA
tt0230838	Drama	USA
tt0231402	Adventure	Australia
tt0231448	Action	USA
tt0231775	Comedy	USA
tt0231971	Drama	Finland
tt0232079	Action	India
tt0232500	Action	USA
tt0233142	Action	USA
tt0233315	Documentary	USA
tt0233469	Action	USA
tt0233687	Documentary	UK
tt0233841	Drama	Iran
tt0233856	Action	India
tt0234215	Action	USA
tt0234354	Comedy	USA
tt0234829	Comedy	USA
tt0234853	Comedy	USA
tt0235327	Documentary	USA
tt0235553	Action	USA
tt0235737	Crime	USA
tt0236008	Documentary	USA
tt0236216	Documentary	UK
tt0236348	Comedy	Canada
tt0236388	Comedy	USA
tt0236447	Documentary	USA
tt0236493	Adventure	USA
tt0236576	Documentary	UK
tt0236784	Drama	USA
tt0237572	Crime	USA
tt0238112	Drama	UK
tt0238247	Drama	USA
tt0238380	Action	USA
tt0238546	Drama	USA
tt0238936	Musical	India
tt0238948	Action	USA
tt0239395	Action	USA
tt0239948	Comedy	USA
tt0239949	Comedy	USA
tt0239986	Comedy	USA
tt0240149	Comedy	France
tt0240402	Drama	USA
tt0240462	Comedy	USA
tt0240510	Adventure	UK
tt0240515	Comedy	USA
tt0240772	Crime	USA
tt0240890	Comedy	USA
tt0240900	Comedy	Canada
tt0240912	Documentary	UK
tt0241025	Drama	USA
tt0241303	Drama	UK
tt0241527	Adventure	UK
tt0241760	Comedy	USA
tt0242193	Crime	USA
tt0242252	Drama	USA
tt0242423	Comedy	USA
tt0242445	Action	USA
tt0242587	Crime	USA
tt0242653	Action	Australia
tt0242994	Comedy	France
tt0242998	Horror	USA
tt0243017	Animation	USA
tt0243133	Crime	USA
tt0243155	Comedy	UK
tt0243255	Drama	France
tt0243415	Action	USA
tt0243585	Animation	USA
tt0243655	Comedy	USA
tt0243736	Comedy	USA
tt0244000	Action	USA
tt0244244	Action	USA
tt0244479	War	Czech Republic
tt0244528	Comedy	India
tt0244709	Drama	China
tt0244794	Romance	India
tt0244970	Comedy	USA
tt0245046	Drama	UK
tt0245115	Drama	USA
tt0245120	Horror	USA
tt0245238	Drama	Canada
tt0245479	Comedy	USA
tt0245562	Action	USA
tt0245686	Adventure	USA
tt0245803	Action	USA
tt0245837	Drama	South Korea
tt0245844	Action	UK
tt0245904	Crime	USA
tt0246002	Comedy	USA
tt0246404	Thriller	USA
tt0246460	Action	UK
tt0246464	Comedy	USA
tt0246544	Action	Germany
tt0246578	Drama	USA
tt0246628	Drama	USA
tt0246677	Crime	Germany
tt0246894	Action	USA
tt0246989	Comedy	USA
tt0247196	Biography	USA
tt0247425	Crime	USA
tt0247444	Comedy	USA
tt0247638	Comedy	USA
tt0248012	Drama	India
tt0248126	Drama	India
tt0248169	Comedy	USA
tt0248617	Musical	India
tt0248667	Biography	USA
tt0248845	Comedy	USA
tt0248912	Documentary	UK
tt0249462	Drama	UK
tt0249478	Crime	USA
tt0250202	Comedy	USA
tt0250224	Drama	USA
tt0250274	Comedy	USA
tt0250282	Comedy	USA
tt0250310	Comedy	USA
tt0250323	Crime	USA
tt0250371	Adventure	USA
tt0250415	Comedy	India
tt0250494	Comedy	USA
tt0250687	Adventure	Canada
tt0250690	Drama	India
tt0250720	Action	USA
tt0250774	Musical	India
tt0250797	Drama	USA
tt0251031	Comedy	USA
tt0251075	Comedy	USA
tt0251114	Drama	USA
tt0251127	Comedy	USA
tt0251160	Crime	USA
tt0251736	Horror	USA
tt0251739	Documentary	USA
tt0251756	Action	India
tt0252028	Comedy	USA
tt0252076	Comedy	USA
tt0252444	Adventure	Australia
tt0252501	Drama	USA
tt0252503	Action	Canada
tt0252866	Comedy	USA
tt0253028	Thriller	Canada
tt0253126	Action	UK
tt0253474	Biography	France
tt0253556	Action	USA
tt0253754	Action	USA
tt0253798	Comedy	USA
tt0253867	Comedy	USA
tt0254099	Comedy	USA
tt0254481	Drama	India
tt0255212	Family	India
tt0255305	Action	India
tt0255309	Action	India
tt0255477	Comedy	Italy
tt0255653	Comedy	USA
tt0255798	Comedy	USA
tt0255819	Comedy	USA
tt0256009	Drama	Spain
tt0256103	Drama	France
tt0256380	Comedy	USA
tt0256408	Documentary	USA
tt0256415	Comedy	USA
tt0256524	Comedy	USA
tt0257044	Crime	USA
tt0257076	Action	USA
tt0257106	Comedy	USA
tt0257215	Drama	Sweden
tt0257360	Comedy	USA
tt0257516	Comedy	USA
tt0257568	Action	USA
tt0257756	Crime	USA
tt0258000	Crime	USA
tt0258038	Comedy	USA
tt0258068	Drama	UK
tt0258351	Biography	USA
tt0258463	Action	USA
tt0258470	Adventure	USA
tt0259017	Drama	USA
tt0259072	Drama	Iran
tt0259207	Documentary	USA
tt0259288	Drama	USA
tt0259324	Action	USA
tt0259393	Drama	Australia
tt0259446	Comedy	USA
tt0259484	Drama	USA
tt0259567	Drama	USA
tt0259711	Fantasy	USA
tt0259974	Animation	USA
tt0260695	Drama	USA
tt0260775	Documentary	Spain
tt0260866	Crime	USA
tt0261066	Biography	USA
tt0261289	Comedy	Germany
tt0261392	Comedy	USA
tt0261983	Horror	USA
tt0262396	Crime	USA
tt0262432	Drama	USA
tt0262462	Action	USA
tt0263488	Horror	Germany
tt0263734	Comedy	Canada
tt0263757	Comedy	USA
tt0264150	Comedy	USA
tt0264395	Action	USA
tt0264464	Biography	USA
tt0264472	Drama	USA
tt0264476	Documentary	USA
tt0264796	Drama	USA
tt0264802	Documentary	USA
tt0264935	Crime	USA
tt0265029	Comedy	USA
tt0265086	Drama	USA
tt0265087	Adventure	USA
tt0265101	Drama	France
tt0265148	Musical	India
tt0265208	Comedy	USA
tt0265298	Adventure	USA
tt0265349	Drama	USA
tt0265459	Drama	USA
tt0265591	Comedy	USA
tt0265632	Animation	USA
tt0265662	Drama	USA
tt0265666	Comedy	USA
tt0265808	Comedy	USA
tt0266452	Comedy	UK
tt0266465	Action	USA
tt0266489	Comedy	USA
tt0266543	Animation	USA
tt0266697	Action	USA
tt0266747	Comedy	USA
tt0266915	Action	USA
tt0266987	Action	Germany
tt0267248	Drama	USA
tt0267379	Action	USA
tt0267626	Drama	UK
tt0267804	Action	USA
tt0267891	Comedy	USA
tt0267913	Adventure	USA
tt0268126	Comedy	USA
tt0268200	Crime	USA
tt0268380	Animation	USA
tt0268397	Animation	USA
tt0268695	Sci-Fi	USA
tt0268978	Biography	USA
tt0268995	Drama	USA
tt0269095	Crime	USA
tt0269341	Comedy	USA
tt0269347	Action	USA
tt0269461	Biography	France
tt0270259	Drama	USA
tt0270288	Biography	USA
tt0270417	Comedy	USA
tt0270707	Mystery	Germany
tt0270971	Documentary	USA
tt0270980	Comedy	USA
tt0271027	Action	France
tt0271259	Comedy	USA
tt0271263	Animation	USA
tt0271337	Comedy	France
tt0271367	Action	USA
tt0271604	Drama	India
tt0271668	Action	USA
tt0272020	Action	USA
tt0272152	Drama	USA
tt0272207	Crime	USA
tt0272338	Comedy	USA
tt0272730	Comedy	USA
tt0273253	Comedy	USA
tt0273300	Drama	UK
tt0273435	Drama	Canada
tt0273799	Comedy	USA
tt0273923	Comedy	USA
tt0274166	Action	UK
tt0274309	Biography	UK
tt0274558	Drama	USA
tt0274812	Comedy	USA
tt0275022	Comedy	USA
tt0275170	Comedy	USA
tt0275263	Comedy	USA
tt0275491	Crime	Spain
tt0275560	Comedy	Canada
tt0275719	Drama	USA
tt0275847	Animation	USA
tt0276033	Comedy	USA
tt0276751	Comedy	UK
tt0276816	Horror	USA
tt0276860	Documentary	USA
tt0277027	Drama	USA
tt0277296	Action	USA
tt0277371	Comedy	USA
tt0277434	Action	USA
tt0277895	Drama	USA
tt0278102	Documentary	Israel
tt0278295	Action	USA
tt0278435	Crime	USA
tt0278488	Comedy	USA
tt0278500	Comedy	UK
tt0278504	Drama	USA
tt0278522	Comedy	India
tt0278731	Drama	Canada
tt0278823	Comedy	USA
tt0279111	Drama	USA
tt0279113	Comedy	USA
tt0279286	Comedy	USA
tt0279493	Action	USA
tt0279778	Drama	USA
tt0279781	Comedy	USA
tt0279889	Comedy	USA
tt0280030	Animation	USA
tt0280380	Crime	USA
tt0280438	Crime	USA
tt0280460	Comedy	USA
tt0280486	Action	USA
tt0280491	Drama	UK
tt0280590	Comedy	USA
tt0280665	Crime	France
tt0280674	Comedy	USA
tt0280707	Drama	UK
tt0280760	Comedy	USA
tt0280778	Biography	UK
tt0281322	Action	USA
tt0281358	Drama	USA
tt0281373	Adventure	Canada
tt0281680	Drama	USA
tt0282120	Adventure	USA
tt0282209	Horror	USA
tt0282687	Comedy	USA
tt0282698	Comedy	France
tt0282718	Comedy	USA
tt0282856	Documentary	USA
tt0282965	N/A	USA
tt0283026	Drama	USA
tt0283084	Drama	USA
tt0283139	Drama	USA
tt0283160	Action	UK
tt0283426	Adventure	USA
tt0283431	Biography	Iran
tt0283503	Crime	USA
tt0283509	Drama	Bosnia and Herzegovina
tt0283530	Drama	USA
tt0283832	Comedy	France
tt0283995	Short	USA
tt0284262	Documentary	USA
tt0284363	Comedy	Czech Republic
tt0284426	Drama	USA
tt0284490	Action	USA
tt0284494	Crime	USA
tt0285487	Drama	USA
tt0285531	Drama	USA
tt0285681	Drama	USA
tt0285728	Biography	USA
tt0285742	Drama	USA
tt0285823	Action	USA
tt0285861	Crime	Canada
tt0285869	Thriller	USA
tt0286106	Drama	USA
tt0286162	Drama	USA
tt0286179	Drama	USA
tt0286218	Biography	USA
tt0286244	Animation	France
tt0286261	Drama	UK
tt0286716	Action	USA
tt0286788	Comedy	USA
tt0286947	Comedy	USA
tt0287467	Drama	Spain
tt0287733	Action	USA
tt0287978	Action	USA
tt0288045	Action	Hong Kong
tt0288192	Drama	USA
tt0288477	Horror	USA
tt0289176	Documentary	Colombia
tt0289408	Animation	USA
tt0289456	N/A	Poland
tt0289765	Crime	Germany
tt0289848	Comedy	USA
tt0289879	Sci-Fi	USA
tt0289992	Crime	USA
tt0290002	Comedy	USA
tt0290095	Action	USA
tt0290210	Drama	Hungary
tt0290212	Comedy	USA
tt0290332	Comedy	USA
tt0291003	Drama	Brazil
tt0291502	Comedy	UK
tt0292501	Comedy	USA
tt0292506	Action	USA
tt0292527	Comedy	USA
tt0292644	Comedy	USA
tt0292963	Crime	USA
tt0293342	Drama	India
tt0293508	Drama	UK
tt0293564	Action	USA
tt0293662	Action	France
tt0293815	Comedy	USA
tt0293899	Drama	Canada
tt0293961	Horror	USA
tt0294357	Adventure	USA
tt0294662	Action	India
tt0294806	Adventure	USA
tt0294870	Drama	USA
tt0295178	Action	USA
tt0295238	Drama	USA
tt0295289	Comedy	USA
tt0295297	Adventure	UK
tt0295427	Comedy	USA
tt0295605	Drama	USA
tt0295700	Horror	USA
tt0295701	Action	USA
tt0295715	Comedy	USA
tt0295721	Action	France
tt0295725	Drama	USA
tt0296166	Comedy	USA
tt0296572	Action	USA
tt0297012	Adventure	Mexico
tt0297037	Romance	USA
tt0297162	Action	Germany
tt0297181	Action	USA
tt0297884	Drama	USA
tt0298071	Crime	USA
tt0298130	Horror	USA
tt0298148	Animation	USA
tt0298203	Drama	USA
tt0298388	Animation	USA
tt0298744	Biography	USA
tt0298798	Comedy	USA
tt0298814	Action	USA
tt0298856	Drama	Germany
tt0299117	Comedy	USA
tt0299172	Animation	USA
tt0299458	Drama	USA
tt0299658	Comedy	USA
tt0299930	Comedy	USA
tt0300015	Drama	UK
tt0300051	Comedy	USA
tt0300069	Comedy	Germany
tt0300214	Drama	UK
tt0300274	Documentary	USA
tt0300471	Action	USA
tt0300532	Drama	USA
tt0300556	Action	USA
tt0300922	Comedy	USA
tt0301167	Comedy	Japan
tt0301181	Comedy	USA
tt0301893	Drama	USA
tt0302018	Drama	USA
tt0302640	Comedy	USA
tt0302882	Comedy	Canada
tt0302886	Comedy	USA
tt0303010	Drama	Canada
tt0303282	Documentary	USA
tt0303313	Drama	USA
tt0303321	Documentary	USA
tt0303326	Documentary	USA
tt0303334	Documentary	USA
tt0303353	Documentary	USA
tt0303356	Documentary	UK
tt0303714	Comedy	USA
tt0303785	Romance	Canada
tt0303830	Drama	USA
tt0303933	Comedy	USA
tt0304141	Adventure	UK
tt0304229	Drama	Australia
tt0304328	Crime	USA
tt0304415	Drama	USA
tt0304669	Comedy	USA
tt0304692	Documentary	USA
tt0304711	Action	USA
tt0305206	Biography	USA
tt0305224	Comedy	USA
tt0305357	Action	USA
tt0305396	Action	Australia
tt0305669	Comedy	USA
tt0305711	Comedy	USA
tt0305973	Crime	USA
tt0306047	Comedy	USA
tt0306069	Comedy	USA
tt0306228	Comedy	USA
tt0306597	Drama	USA
tt0306685	Action	USA
tt0306734	Drama	USA
tt0306841	Adventure	USA
tt0307398	Documentary	Canada
tt0307453	Animation	USA
tt0307479	Drama	USA
tt0307901	Drama	USA
tt0307987	Comedy	USA
tt0308055	Drama	USA
tt0308208	Action	USA
tt0308383	Drama	USA
tt0308411	Drama	USA
tt0308506	Comedy	USA
tt0308508	Documentary	USA
tt0308644	Biography	USA
tt0308878	Comedy	USA
tt0309372	Comedy	USA
tt0309377	Action	USA
tt0309452	Action	Canada
tt0309530	Comedy	USA
tt0309593	Fantasy	USA
tt0309600	Drama	Spain
tt0309698	Mystery	USA
tt0309820	Biography	Germany
tt0309912	Drama	UK
tt0310164	Crime	France
tt0310281	Comedy	USA
tt0310357	Drama	Canada
tt0310793	Documentary	Canada
tt0310910	Crime	USA
tt0311110	Comedy	USA
tt0311113	Action	USA
tt0311289	Adventure	USA
tt0311429	Action	USA
tt0311648	Comedy	USA
tt0312329	Biography	USA
tt0312528	Adventure	USA
tt0312549	Biography	Ireland
tt0312841	Drama	South Korea
tt0313196	Drama	Mexico
tt0313300	Drama	Canada
tt0313443	Crime	USA
tt0313542	Drama	USA
tt0313737	Comedy	USA
tt0313792	Comedy	USA
tt0313911	Action	USA
tt0314006	Action	India
tt0314039	Drama	Canada
tt0314166	Animation	USA
tt0314170	Adventure	Mexico
tt0314331	Comedy	UK
tt0314353	Action	USA
tt0314412	Drama	Spain
tt0314498	Comedy	USA
tt0314676	Comedy	USA
tt0314725	Documentary	USA
tt0314786	Action	USA
tt0315273	Drama	USA
tt0315297	Crime	Germany
tt0315327	Comedy	USA
tt0315632	Thriller	India
tt0315733	Drama	USA
tt0315824	Comedy	USA
tt0315983	Drama	USA
tt0316356	Drama	USA
tt0316396	Adventure	Australia
tt0316465	Biography	USA
tt0316654	Action	USA
tt0316732	Action	USA
tt0317132	Comedy	USA
tt0317198	Comedy	UK
tt0317219	Animation	USA
tt0317303	Comedy	USA
tt0317640	Comedy	USA
tt0317648	Action	USA
tt0317676	Action	Germany
tt0317705	Animation	USA
tt0317740	Action	USA
tt0317910	Documentary	USA
tt0317919	Action	USA
tt0317950	Comedy	USA
tt0318034	Drama	Russia
tt0318068	Documentary	USA
tt0318081	Action	UK
tt0318155	Animation	Germany
tt0318374	Crime	USA
tt0318462	Adventure	Argentina
tt0318627	Action	Germany
tt0318649	Action	UK
tt0318761	Comedy	USA
tt0318997	Drama	USA
tt0319029	Documentary	USA
tt0319061	Adventure	USA
tt0319262	Action	USA
tt0319343	Comedy	USA
tt0319524	Comedy	USA
tt0319829	Comedy	USA
tt0320244	Biography	USA
tt0320661	Action	USA
tt0320691	Action	UK
tt0322023	Comedy	USA
tt0322259	Action	USA
tt0322289	Drama	France
tt0322330	Comedy	USA
tt0322589	Drama	USA
tt0322650	N/A	Burkina Faso
tt0322659	Drama	USA
tt0322802	Documentary	USA
tt0323013	War	India
tt0323033	Comedy	Ireland
tt0323572	Comedy	USA
tt0323633	Comedy	USA
tt0323642	Animation	USA
tt0323944	Drama	USA
tt0324127	Crime	USA
tt0324133	Crime	France
tt0324216	Horror	USA
tt0324554	Drama	USA
tt0325055	Biography	UK
tt0325258	Comedy	USA
tt0325537	Comedy	USA
tt0325703	Action	USA
tt0325710	Action	USA
tt0325805	Crime	USA
tt0325980	Action	USA
tt0326306	Documentary	USA
tt0326722	Drama	India
tt0326769	Action	USA
tt0326856	Comedy	USA
tt0326900	Comedy	USA
tt0326905	Action	USA
tt0326965	Drama	USA
tt0327036	Documentary	USA
tt0327056	Crime	USA
tt0327084	Animation	USA
tt0327137	Comedy	USA
tt0327162	Comedy	USA
tt0327247	Comedy	USA
tt0327437	Action	USA
tt0327554	Action	USA
tt0327597	Animation	USA
tt0327643	Comedy	USA
tt0327679	Comedy	USA
tt0327850	Action	USA
tt0327920	Documentary	USA
tt0328099	Comedy	USA
tt0328107	Action	USA
tt0328538	Biography	USA
tt0328589	Comedy	USA
tt0328828	Comedy	USA
tt0328880	Animation	USA
tt0328913	Crime	USA
tt0328962	Documentary	USA
tt0329028	Comedy	USA
tt0329030	Drama	USA
tt0329388	Comedy	France
tt0329575	Drama	USA
tt0329691	Action	USA
tt0329717	Action	USA
tt0329774	Action	USA
tt0330069	Comedy	USA
tt0330136	Comedy	USA
tt0330373	Adventure	UK
tt0330602	Comedy	Canada
tt0330793	Action	USA
tt0330843	Drama	India
tt0331225	Documentary	USA
tt0331468	Drama	USA
tt0331632	Adventure	USA
tt0331933	Action	USA
tt0331952	Drama	USA
tt0331953	Comedy	USA
tt0332047	Comedy	USA
tt0332280	Drama	USA
tt0332375	Comedy	USA
tt0332379	Comedy	USA
tt0332452	Adventure	USA
tt0332636	Comedy	USA
tt0332712	Comedy	USA
tt0333766	Comedy	USA
tt0335013	Drama	Germany
tt0335119	Biography	UK
tt0335121	Drama	USA
tt0335245	Comedy	USA
tt0335265	Drama	Japan
tt0335266	Drama	USA
tt0335345	Drama	USA
tt0335559	Comedy	USA
tt0337563	Comedy	USA
tt0337578	Drama	India
tt0337579	Comedy	USA
tt0337592	Comedy	USA
tt0337632	History	USA
tt0337692	Adventure	France
tt0337697	Comedy	USA
tt0337711	Animation	USA
tt0337741	Comedy	USA
tt0337876	Drama	USA
tt0337909	Comedy	UK
tt0337917	Comedy	USA
tt0337921	Action	USA
tt0337978	Action	USA
tt0337996	Comedy	USA
tt0338013	Drama	USA
tt0338077	Adventure	USA
tt0338094	Comedy	USA
tt0338096	Romance	USA
tt0338097	Drama	UK
tt0338135	Comedy	Canada
tt0338188	Adventure	USA
tt0338216	Drama	USA
tt0338294	Comedy	USA
tt0338325	Action	USA
tt0338337	Action	USA
tt0338348	Animation	USA
tt0338357	Documentary	USA
tt0338427	Drama	USA
tt0338466	Comedy	USA
tt0338497	Crime	USA
tt0338512	Adventure	France
tt0338526	Action	USA
tt0338706	Drama	Australia
tt0338751	Biography	USA
tt0339034	Comedy	USA
tt0339071	Comedy	USA
tt0339091	Action	USA
tt0339147	Action	USA
tt0339412	Comedy	USA
tt0339642	Comedy	USA
tt0339727	Drama	USA
tt0339921	Comedy	USA
tt0340012	Comedy	Canada
tt0340163	Action	USA
tt0340376	Thriller	Canada
tt0340377	Comedy	USA
tt0340855	Biography	USA
tt0341266	Horror	India
tt0341540	Comedy	USA
tt0341549	Family	India
tt0342167	Comedy	USA
tt0342172	Documentary	USA
tt0342258	Action	France
tt0342275	Documentary	USA
tt0342300	Comedy	USA
tt0342508	Horror	USA
tt0342804	Documentary	USA
tt0342913	Drama	Argentina
tt0343121	Documentary	USA
tt0343135	Comedy	USA
tt0343172	Crime	USA
tt0343660	Comedy	USA
tt0343737	Drama	USA
tt0343818	Action	USA
tt0343978	Documentary	USA
tt0344337	Comedy	Canada
tt0344510	Drama	France
tt0344854	Animation	France
tt0345074	Comedy	USA
tt0345950	Animation	USA
tt0346156	Action	USA
tt0346491	Action	Germany
tt0346723	Drama	India
tt0346962	Documentary	USA
tt0347167	Action	India
tt0347246	Animation	Japan
tt0347304	Comedy	India
tt0347332	Action	India
tt0347368	Comedy	USA
tt0347416	Drama	India
tt0347473	Action	India
tt0347779	Drama	India
tt0348150	Action	USA
tt0348333	Comedy	USA
tt0348505	Drama	UK
tt0348529	Drama	France
tt0348593	Comedy	USA
tt0348656	Action	India
tt0348836	Horror	USA
tt0349169	Comedy	USA
tt0349205	Comedy	USA
tt0349238	Comedy	USA
tt0349333	Horror	India
tt0349416	Comedy	USA
tt0349467	Crime	USA
tt0349683	Action	USA
tt0349710	Action	USA
tt0349825	Biography	USA
tt0349903	Crime	USA
tt0350028	Comedy	USA
tt0350194	Animation	USA
tt0350232	Horror	USA
tt0350258	Biography	USA
tt0350261	Drama	USA
tt0351283	Animation	USA
tt0351708	Short	Canada
tt0351977	Action	USA
tt0352248	Biography	USA
tt0352277	Biography	USA
tt0354578	Drama	USA
tt0354595	Drama	USA
tt0354766	Action	USA
tt0354899	Comedy	France
tt0355295	Action	USA
tt0355702	Biography	USA
tt0356150	Comedy	USA
tt0356470	Comedy	USA
tt0356614	Action	Canada
tt0356618	Drama	USA
tt0356680	Comedy	USA
tt0356721	Comedy	USA
tt0356910	Action	USA
tt0357054	Comedy	USA
tt0357110	Drama	USA
tt0357111	Comedy	France
tt0357277	Action	Canada
tt0357413	Comedy	USA
tt0357470	Drama	USA
tt0357507	Drama	USA
tt0357585	Comedy	Canada
tt0357668	Action	USA
tt0358082	Animation	USA
tt0358135	Comedy	USA
tt0358273	Biography	USA
tt0358349	Action	USA
tt0358647	Documentary	USA
tt0359013	Action	USA
tt0359045	Comedy	Spain
tt0359423	Drama	USA
tt0359517	Comedy	USA
tt0359950	Adventure	USA
tt0360009	Action	USA
tt0360025	Comedy	UK
tt0360130	Drama	USA
tt0360139	Comedy	USA
tt0360201	Comedy	UK
tt0360323	Crime	USA
tt0360486	Drama	USA
tt0360717	Action	New Zealand
tt0360916	Documentary	USA
tt0361089	Animation	UK
tt0361127	Drama	USA
tt0361309	Drama	USA
tt0361467	Comedy	Germany
tt0361500	Animation	USA
tt0361596	Documentary	USA
tt0361620	Comedy	USA
tt0361693	Comedy	USA
tt0361696	Family	USA
tt0361715	Adventure	USA
tt0361748	Adventure	USA
tt0361841	Comedy	USA
tt0361862	Drama	Spain
tt0361925	Comedy	USA
tt0362120	Comedy	USA
tt0362129	Comedy	USA
tt0362165	Adventure	USA
tt0362227	Comedy	USA
tt0362269	Biography	USA
tt0362270	Adventure	USA
tt0362478	Drama	USA
tt0362511	Comedy	USA
tt0362526	Comedy	USA
tt0362582	Drama	Argentina
tt0363095	Thriller	UK
tt0363282	Comedy	USA
tt0363473	Biography	USA
tt0363504	Comedy	USA
tt0363532	Drama	France
tt0363547	Action	USA
tt0363589	Crime	USA
tt0363771	Adventure	USA
tt0363988	Mystery	USA
tt0364045	Crime	USA
tt0364303	Drama	India
tt0364343	Action	USA
tt0364725	Comedy	USA
tt0364751	Adventure	USA
tt0364955	Comedy	USA
tt0364961	Biography	USA
tt0364970	Action	France
tt0365125	Comedy	USA
tt0365190	Crime	France
tt0365485	Comedy	USA
tt0365737	Drama	USA
tt0365748	Comedy	UK
tt0365830	Adventure	USA
tt0365885	Comedy	USA
tt0365907	Crime	USA
tt0365929	Action	USA
tt0365957	Drama	USA
tt0365960	Drama	USA
tt0366174	Adventure	USA
tt0366548	Animation	Australia
tt0366627	Drama	USA
tt0366701	Comedy	Finland
tt0366780	Adventure	UK
tt0366971	Documentary	USA
tt0367027	Comedy	USA
tt0367085	Comedy	USA
tt0367089	Comedy	USA
tt0367093	Action	USA
tt0367097	Comedy	USA
tt0367110	Drama	India
tt0367478	Action	UK
tt0367479	Action	USA
tt0367594	Adventure	USA
tt0367652	Comedy	USA
tt0367882	Action	USA
tt0367959	Crime	UK
tt0367960	Action	New Zealand
tt0368008	Drama	USA
tt0368447	Drama	USA
tt0368578	Adventure	USA
tt0368580	Action	India
tt0368658	Drama	UK
tt0368709	Comedy	USA
tt0368745	Documentary	USA
tt0368794	Biography	USA
tt0368891	Action	USA
tt0368933	Comedy	USA
tt0368975	Comedy	USA
tt0369053	Drama	UK
tt0369226	Horror	Canada
tt0369295	Comedy	USA
tt0369339	Crime	USA
tt0369436	Comedy	Germany
tt0369441	Comedy	USA
tt0369610	Action	USA
tt0369637	Drama	India
tt0369672	Drama	USA
tt0369702	Biography	Spain
tt0369735	Comedy	Germany
tt0370032	Action	USA
tt0371246	Comedy	USA
tt0371257	Drama	USA
tt0371583	Documentary	USA
tt0371606	Animation	USA
tt0371683	Comedy	USA
tt0371724	Adventure	USA
tt0371746	Action	USA
tt0371939	Action	Venezuela
tt0372183	Action	USA
tt0372237	Comedy	USA
tt0372321	Documentary	USA
tt0372401	Comedy	USA
tt0372532	Comedy	USA
tt0372588	Action	USA
tt0372763	Animation	USA
tt0372784	Action	USA
tt0372873	Action	South Korea
tt0373024	Comedy	USA
tt0373051	Action	USA
tt0373152	Comedy	USA
tt0373175	Documentary	USA
tt0373416	Action	USA
tt0373450	Crime	Canada
tt0373469	Comedy	USA
tt0373746	Crime	USA
tt0373788	Crime	Canada
tt0373889	Adventure	UK
tt0373908	Comedy	USA
tt0373926	Mystery	UK
tt0374089	Drama	France
tt0374277	Drama	Canada
tt0374536	Comedy	USA
tt0374563	Crime	USA
tt0374600	Drama	USA
tt0374639	Adventure	UK
tt0374783	Musical	Canada
tt0374803	Documentary	USA
tt0374900	Comedy	USA
tt0375063	Adventure	USA
tt0375104	Biography	USA
tt0375173	Comedy	UK
tt0375210	Drama	UK
tt0375568	Animation	Hong Kong
tt0375611	Drama	India
tt0375735	Drama	UK
tt0376105	Adventure	USA
tt0376108	Comedy	USA
tt0376136	Comedy	USA
tt0376541	Drama	USA
tt0376588	Documentary	USA
tt0376649	Crime	USA
tt0376890	Comedy	USA
tt0376994	Action	Canada
tt0377038	Comedy	USA
tt0377062	Action	USA
tt0377071	Comedy	USA
tt0377091	Crime	USA
tt0377092	Comedy	USA
tt0377107	Drama	USA
tt0377109	Horror	USA
tt0377471	Comedy	USA
tt0377744	Comedy	USA
tt0377818	Action	USA
tt0377992	Biography	Canada
tt0378072	Drama	India
tt0378109	Action	USA
tt0378194	Action	USA
tt0378378	Documentary	USA
tt0379402	Comedy	USA
tt0379713	Documentary	USA
tt0379725	Biography	Canada
tt0379786	Action	USA
tt0379865	Comedy	USA
tt0380268	Documentary	USA
tt0380275	Documentary	UK
tt0380277	Comedy	USA
tt0380510	Drama	USA
tt0380531	Drama	Brazil
tt0380599	Crime	UK
tt0380609	Comedy	USA
tt0380615	Documentary	USA
tt0380623	Comedy	USA
tt0380732	Drama	Canada
tt0381061	Action	UK
tt0381505	Comedy	USA
tt0381681	Drama	USA
tt0381707	Crime	USA
tt0381971	Animation	USA
tt0382073	Drama	USA
tt0382077	Horror	USA
tt0382383	Action	India
tt0382561	Comedy	USA
tt0382625	Mystery	USA
tt0382628	Drama	USA
tt0382932	Animation	USA
tt0382992	Action	USA
tt0383010	Comedy	USA
tt0383028	Comedy	USA
tt0383060	Action	USA
tt0383475	Documentary	USA
tt0383543	Action	Japan
tt0383574	Action	USA
tt0383648	Comedy	USA
tt0384533	Comedy	USA
tt0384537	Horror	Canada
tt0384680	Comedy	USA
tt0384686	Drama	UK
tt0384793	Comedy	USA
tt0384810	Comedy	USA
tt0384814	Drama	USA
tt0384929	Drama	USA
tt0385002	Crime	USA
tt0385004	Action	China
tt0385267	Comedy	USA
tt0385307	Action	USA
tt0385635	Adventure	Canada
tt0385666	Comedy	USA
tt0385726	Biography	USA
tt0385752	Adventure	USA
tt0385878	Drama	Canada
tt0385880	Animation	USA
tt0385890	Comedy	USA
tt0386032	Documentary	USA
tt0386064	Action	South Korea
tt0386117	Adventure	Germany
tt0386140	Action	USA
tt0386423	Documentary	USA
tt0386588	Comedy	USA
tt0386733	Drama	Canada
tt0386741	Animation	France
tt0387059	Drama	USA
tt0387131	Drama	UK
tt0387412	Documentary	USA
tt0387514	Comedy	USA
tt0387549	Horror	USA
tt0387564	Horror	USA
tt0387575	Comedy	Romania
tt0387808	Adventure	USA
tt0387877	Crime	Germany
tt0387989	War	India
tt0388125	Comedy	USA
tt0388182	Comedy	USA
tt0388183	Comedy	USA
tt0388201	Documentary	Canada
tt0388288	Comedy	Canada
tt0388419	Comedy	USA
tt0388482	Action	France
tt0388500	Comedy	USA
tt0388789	Documentary	USA
tt0388795	Drama	USA
tt0388888	Documentary	USA
tt0388980	Drama	USA
tt0389139	Action	USA
tt0389326	Documentary	USA
tt0389328	Action	USA
tt0389722	Horror	USA
tt0389790	Animation	USA
tt0389831	Comedy	Canada
tt0389860	Comedy	USA
tt0390022	Action	USA
tt0390123	Documentary	USA
tt0390221	Crime	Colombia
tt0390384	Drama	USA
tt0390418	Comedy	Germany
tt0390521	Documentary	USA
tt0390614	Comedy	India
tt0390632	Documentary	USA
tt0391024	Documentary	USA
tt0391104	Comedy	USA
tt0391198	Fantasy	USA
tt0391225	Documentary	USA
tt0391304	Comedy	USA
tt0391407	Documentary	USA
tt0392591	Comedy	Italy
tt0392739	Documentary	USA
tt0393162	Drama	USA
tt0393735	Comedy	USA
tt0395169	Drama	UK
tt0395251	Comedy	USA
tt0395543	Drama	USA
tt0395584	Crime	USA
tt0395699	Action	Canada
tt0395972	Drama	USA
tt0396087	Documentary	USA
tt0396112	Biography	Canada
tt0396171	Crime	Germany
tt0396240	Documentary	USA
tt0396269	Comedy	USA
tt0396271	Drama	USA
tt0396555	Animation	USA
tt0396592	Comedy	USA
tt0396652	Comedy	USA
tt0396690	Drama	India
tt0396705	Documentary	USA
tt0397044	Drama	USA
tt0397065	Horror	Australia
tt0397078	Comedy	USA
tt0397101	Horror	USA
tt0397103	Adventure	USA
tt0397313	Adventure	USA
tt0397535	Drama	USA
tt0397892	Animation	USA
tt0398017	Drama	USA
tt0398103	Documentary	USA
tt0398165	Comedy	USA
tt0398173	Comedy	South Korea
tt0398286	Animation	USA
tt0398375	Comedy	USA
tt0398712	Action	USA
tt0398808	Adventure	USA
tt0398835	Documentary	USA
tt0398842	Adventure	USA
tt0398872	Animation	USA
tt0398971	Comedy	USA
tt0398982	Comedy	USA
tt0399095	Crime	Germany
tt0399146	Crime	USA
tt0399201	Action	USA
tt0399295	Crime	USA
tt0399327	Action	Germany
tt0399877	Documentary	USA
tt0399901	Drama	USA
tt0400525	Comedy	USA
tt0400717	Animation	USA
tt0401244	Comedy	USA
tt0401383	Biography	France
tt0401445	Comedy	USA
tt0401462	Action	USA
tt0401581	Documentary	USA
tt0401591	Comedy	USA
tt0401729	Action	USA
tt0401792	Crime	USA
tt0401855	Action	USA
tt0401997	Biography	USA
tt0402022	Action	USA
tt0402141	Comedy	Italy
tt0402249	Horror	Canada
tt0402398	N/A	Australia
tt0402399	Biography	USA
tt0402577	Documentary	USA
tt0402595	Comedy	Russia
tt0402743	Horror	USA
tt0402894	Adventure	USA
tt0402901	Adventure	USA
tt0402910	Action	Canada
tt0403016	Action	USA
tt0403217	Biography	USA
tt0403455	Comedy	USA
tt0403508	Comedy	USA
tt0403537	Musical	USA
tt0403893	Documentary	USA
tt0403910	Documentary	USA
tt0404030	Comedy	USA
tt0404032	Drama	USA
tt0404203	Drama	USA
tt0404390	Action	Germany
tt0405159	Drama	USA
tt0405271	Documentary	USA
tt0405296	Animation	USA
tt0405325	Adventure	USA
tt0405422	Comedy	USA
tt0405469	Animation	Canada
tt0405508	Comedy	India
tt0405676	Drama	Germany
tt0406038	Drama	USA
tt0406158	Biography	USA
tt0406375	Action	USA
tt0406650	Comedy	USA
tt0406759	Horror	USA
tt0406816	Action	USA
tt0406977	Comedy	India
tt0407121	Animation	USA
tt0407263	Documentary	USA
tt0407265	Adventure	USA
tt0407304	Adventure	USA
tt0407732	Comedy	USA
tt0407887	Crime	USA
tt0408236	Drama	USA
tt0408261	Documentary	USA
tt0408306	Drama	France
tt0408338	Documentary	USA
tt0408345	Crime	USA
tt0408524	Comedy	USA
tt0408790	Action	USA
tt0408839	Comedy	USA
tt0408961	Comedy	USA
tt0408985	Adventure	USA
tt0409182	Action	USA
tt0409459	Action	USA
tt0409673	Comedy	Canada
tt0409838	Drama	USA
tt0409947	Drama	South Korea
tt0410297	Drama	USA
tt0410377	Adventure	USA
tt0410454	Romance	USA
tt0410818	Documentary	USA
tt0411195	Comedy	Ireland
tt0411270	Action	France
tt0411475	Action	USA
tt0411477	Action	USA
tt0412019	Comedy	USA
tt0412080	Biography	New Zealand
tt0412536	Drama	UK
tt0412922	Comedy	USA
tt0413015	Comedy	UK
tt0413099	Comedy	USA
tt0413267	Animation	USA
tt0413300	Action	USA
tt0414055	Biography	UK
tt0414344	Drama	USA
tt0414426	Drama	USA
tt0414982	Fantasy	Germany
tt0414993	Drama	USA
tt0415306	Action	USA
tt0415833	Crime	USA
tt0415908	Thriller	India
tt0415949	Comedy	USA
tt0415965	Comedy	USA
tt0415978	Comedy	USA
tt0416185	Drama	USA
tt0416212	Drama	USA
tt0416236	Adventure	USA
tt0416315	Horror	Australia
tt0416320	Drama	UK
tt0416508	Biography	UK
tt0416825	Documentary	USA
tt0416887	Comedy	USA
tt0416991	Drama	Senegal
tt0417001	Comedy	USA
tt0417148	Action	Germany
tt0417217	Drama	USA
tt0417225	Crime	USA
tt0417433	Drama	USA
tt0417614	Drama	USA
tt0417741	Adventure	UK
tt0418038	Documentary	USA
tt0418206	Comedy	USA
tt0418279	Action	USA
tt0418362	Comedy	India
tt0418460	Drama	India
tt0418647	Drama	USA
tt0418689	Drama	USA
tt0418753	Documentary	USA
tt0418763	Action	Germany
tt0418773	Comedy	USA
tt0419081	Drama	USA
tt0419294	Adventure	France
tt0419434	Documentary	USA
tt0419706	Action	UK
tt0419749	Biography	Germany
tt0419843	Comedy	USA
tt0419887	Drama	USA
tt0419946	Action	USA
tt0419984	Comedy	USA
tt0420015	Drama	USA
tt0420087	Comedy	USA
tt0420183	Comedy	South Korea
tt0420223	Comedy	USA
tt0420238	Adventure	UK
tt0420286	Documentary	USA
tt0420293	Biography	USA
tt0420294	Horror	USA
tt0420304	Drama	India
tt0420332	Drama	India
tt0420550	Drama	USA
tt0420609	Biography	USA
tt0420723	Documentary	USA
tt0420835	Drama	Australia
tt0421054	Action	France
tt0421073	Action	USA
tt0421082	Biography	UK
tt0421206	Crime	USA
tt0421229	Comedy	UK
tt0421237	Action	USA
tt0421239	Mystery	USA
tt0421250	Drama	USA
tt0421715	Drama	USA
tt0421729	Comedy	USA
tt0422029	Biography	USA
tt0422091	Action	India
tt0422236	Romance	India
tt0422295	Biography	USA
tt0422528	Documentary	USA
tt0422720	Biography	USA
tt0422774	Comedy	Canada
tt0422783	Biography	USA
tt0422861	Comedy	USA
tt0422950	Drama	India
tt0423169	Drama	USA
tt0423294	Animation	USA
tt0424095	Animation	UK
tt0424345	Comedy	USA
tt0424823	Comedy	USA
tt0424880	Drama	Australia
tt0424908	Biography	USA
tt0424993	Comedy	USA
tt0425061	Action	USA
tt0425112	Action	UK
tt0425123	Comedy	USA
tt0425210	Crime	Germany
tt0425253	Comedy	USA
tt0425430	Drama	USA
tt0425601	Comedy	Canada
tt0426592	Action	USA
tt0426596	Documentary	Canada
tt0426615	Comedy	USA
tt0426931	Drama	USA
tt0427089	Comedy	UK
tt0427152	Comedy	USA
tt0427229	Comedy	USA
tt0427309	Biography	USA
tt0427312	Documentary	USA
tt0427380	Documentary	USA
tt0427392	Sci-Fi	USA
tt0427470	Crime	USA
tt0427482	Comedy	USA
tt0427969	Biography	USA
tt0428003	Comedy	USA
tt0428251	Horror	USA
tt0428430	Comedy	France
tt0428518	Documentary	USA
tt0428546	Thriller	Denmark
tt0428609	Drama	USA
tt0428672	Drama	Germany
tt0428803	Documentary	France
tt0429068	Drama	USA
tt0429177	Comedy	USA
tt0429493	Action	USA
tt0429589	Animation	USA
tt0429591	Comedy	USA
tt0430105	Action	USA
tt0430308	Biography	USA
tt0430357	Action	USA
tt0430431	Biography	USA
tt0430634	Comedy	Germany
tt0430745	Documentary	USA
tt0430779	Animation	Canada
tt0430912	Crime	UK
tt0430916	Documentary	USA
tt0430922	Comedy	USA
tt0431021	Horror	USA
tt0431197	Action	USA
tt0431308	Drama	USA
tt0431461	Comedy	USA
tt0432021	Action	France
tt0432264	Comedy	Australia
tt0432283	Animation	USA
tt0432290	Romance	USA
tt0432337	Documentary	USA
tt0432348	Horror	USA
tt0432402	Biography	USA
tt0432637	Action	India
tt0433035	Action	USA
tt0433383	Biography	USA
tt0433386	Horror	USA
tt0433400	Comedy	Germany
tt0433405	Drama	UK
tt0433412	Comedy	USA
tt0433442	Horror	USA
tt0434215	Adventure	USA
tt0434424	Comedy	Germany
tt0435434	Drama	Japan
tt0435651	Drama	USA
tt0435670	Crime	USA
tt0435705	Action	USA
tt0435761	Animation	USA
tt0436039	Documentary	USA
tt0436070	Animation	USA
tt0436078	Documentary	USA
tt0436095	Documentary	USA
tt0436262	Comedy	USA
tt0436331	Comedy	USA
tt0436339	Action	USA
tt0436364	Drama	UK
tt0436613	Documentary	USA
tt0436629	Documentary	USA
tt0436686	Documentary	USA
tt0436697	Biography	UK
tt0436720	Documentary	USA
tt0436724	Documentary	USA
tt0436727	Documentary	USA
tt0436857	Documentary	USA
tt0437179	Action	USA
tt0437232	Biography	France
tt0437407	Drama	India
tt0437777	Comedy	USA
tt0437800	Drama	USA
tt0437863	Comedy	USA
tt0438097	Animation	USA
tt0438205	Documentary	USA
tt0438315	Drama	Germany
tt0438427	Romance	USA
tt0438488	Action	USA
tt0439289	Comedy	USA
tt0439662	Drama	India
tt0439707	Comedy	USA
tt0439815	Comedy	Canada
tt0439876	Comedy	USA
tt0440963	Action	USA
tt0441007	Biography	USA
tt0441048	Action	India
tt0441773	Animation	USA
tt0441796	Horror	USA
tt0441909	Comedy	Spain
tt0442933	Animation	USA
tt0443272	Biography	USA
tt0443274	Action	USA
tt0443431	Comedy	USA
tt0443453	Comedy	USA
tt0443456	Drama	UK
tt0443473	Action	USA
tt0443489	Drama	USA
tt0443536	Animation	USA
tt0443543	Drama	USA
tt0443632	Action	USA
tt0443649	Action	USA
tt0443680	Biography	USA
tt0443691	Documentary	USA
tt0443698	Documentary	USA
tt0443701	Drama	USA
tt0443706	Crime	USA
tt0444182	Drama	Algeria
tt0444608	Documentary	USA
tt0444672	Adventure	USA
tt0444682	Horror	USA
tt0444698	Documentary	USA
tt0444781	Comedy	Switzerland
tt0444840	Romance	India
tt0445396	Comedy	South Korea
tt0445620	Crime	Palestine
tt0445922	Drama	USA
tt0445934	Comedy	USA
tt0445990	Biography	USA
tt0446012	Comedy	USA
tt0446029	Action	USA
tt0446046	Drama	USA
tt0446345	Documentary	USA
tt0446676	Drama	USA
tt0446687	Comedy	UK
tt0446752	Drama	USA
tt0446755	Drama	China
tt0447016	Documentary	USA
tt0448011	Drama	USA
tt0448022	Drama	USA
tt0448075	Crime	USA
tt0448134	Adventure	UK
tt0448157	Action	USA
tt0448166	Comedy	USA
tt0448206	Adventure	India
tt0448694	Animation	USA
tt0448978	Documentary	USA
tt0449010	Action	USA
tt0449018	Drama	USA
tt0449059	Comedy	USA
tt0449086	Drama	USA
tt0449088	Action	USA
tt0449089	Adventure	UK
tt0449121	Documentary	USA
tt0449389	Comedy	India
tt0449467	Drama	France
tt0449487	Drama	USA
tt0449994	Action	India
tt0449999	Drama	India
tt0450188	Biography	France
tt0450232	Action	Germany
tt0450259	Adventure	Germany
tt0450314	Action	USA
tt0450345	Horror	USA
tt0450385	Fantasy	USA
tt0450405	Action	USA
tt0451021	Comedy	USA
tt0451069	Drama	USA
tt0451176	Drama	USA
tt0451206	Drama	USA
tt0451631	Action	India
tt0451833	Comedy	India
tt0451850	Fantasy	India
tt0452594	Comedy	USA
tt0452598	Adventure	USA
tt0452608	Action	USA
tt0452623	Crime	USA
tt0452624	Drama	USA
tt0452625	Comedy	USA
tt0452637	Drama	USA
tt0452659	Documentary	USA
tt0452681	Adventure	USA
tt0452694	Drama	USA
tt0452702	Horror	USA
tt0452711	Comedy	USA
tt0453451	Comedy	UK
tt0453467	Action	USA
tt0453494	Adventure	USA
tt0453508	Documentary	USA
tt0453540	Horror	USA
tt0453556	Animation	Hong Kong
tt0453562	Biography	USA
tt0454824	Action	UK
tt0454841	Horror	USA
tt0454848	Crime	USA
tt0454876	Adventure	USA
tt0454919	Drama	USA
tt0454921	Biography	USA
tt0454931	Drama	Germany
tt0454945	Comedy	USA
tt0454970	Horror	USA
tt0454987	Comedy	USA
tt0455323	Drama	USA
tt0455326	Animation	USA
tt0455407	Horror	USA
tt0455475	Documentary	USA
tt0455581	Documentary	USA
tt0455590	Biography	UK
tt0455760	Horror	USA
tt0455782	Adventure	USA
tt0455822	Comedy	USA
tt0455824	Adventure	Australia
tt0455857	Horror	USA
tt0455915	Drama	USA
tt0455944	Action	USA
tt0455953	Documentary	USA
tt0455958	Comedy	USA
tt0455967	Comedy	USA
tt0456020	Action	USA
tt0456144	Comedy	India
tt0456165	Comedy	India
tt0456481	Musical	India
tt0456549	Comedy	India
tt0456554	Comedy	USA
tt0457303	Comedy	USA
tt0457308	Drama	USA
tt0457355	Action	USA
tt0457400	Adventure	USA
tt0457419	Comedy	USA
tt0457430	Drama	Spain
tt0457433	Crime	USA
tt0457452	Comedy	USA
tt0457495	Action	Germany
tt0457510	Comedy	Germany
tt0457513	Comedy	UK
tt0457530	Drama	USA
tt0457875	Action	India
tt0457939	Comedy	USA
tt0458339	Action	USA
tt0458352	Comedy	USA
tt0458375	Documentary	Germany
tt0458413	Comedy	UK
tt0458425	Documentary	UK
tt0458480	Horror	USA
tt0458525	Action	USA
tt0459293	Biography	India
tt0459605	Action	India
tt0460557	Comedy	Finland
tt0460611	Drama	USA
tt0460745	Comedy	USA
tt0460792	Comedy	UK
tt0460829	Drama	France
tt0460975	Sci-Fi	USA
tt0461209	Comedy	India
tt0461323	Comedy	India
tt0461336	Adventure	Mexico
tt0461770	Animation	USA
tt0461892	Action	Romania
tt0461936	Action	India
tt0462044	Music	USA
tt0462229	Action	USA
tt0462244	Comedy	USA
tt0462295	Comedy	USA
tt0462302	Drama	UK
tt0462322	Action	USA
tt0462346	Comedy	USA
tt0462395	Comedy	USA
tt0462396	Action	UK
tt0462499	Action	USA
tt0462519	Comedy	USA
tt0462538	Animation	USA
tt0462590	Crime	USA
tt0462757	Documentary	USA
tt0463027	Drama	USA
tt0463034	Comedy	USA
tt0463854	Horror	UK
tt0463985	Action	USA
tt0463998	Biography	Germany
tt0464049	Comedy	UK
tt0464141	Drama	Spain
tt0464154	Comedy	USA
tt0464160	Comedy	India
tt0464184	Comedy	New Zealand
tt0465142	Comedy	USA
tt0465234	Action	USA
tt0465436	Drama	Australia
tt0465494	Action	France
tt0465502	Animation	USA
tt0465538	Crime	USA
tt0465551	Crime	UK
tt0465580	Action	USA
tt0465602	Action	USA
tt0465624	Comedy	USA
tt0466342	Comedy	USA
tt0466665	Drama	USA
tt0466856	Comedy	USA
tt0466893	Drama	USA
tt0466943	Comedy	USA
tt0467017	Action	Puerto Rico
tt0467110	Action	USA
tt0467197	Action	Canada
tt0467200	Biography	UK
tt0467406	Comedy	USA
tt0468094	Documentary	UK
tt0468463	Drama	USA
tt0468489	Drama	USA
tt0468526	Drama	USA
tt0468569	Action	USA
tt0468580	N/A	USA
tt0468988	Action	USA
tt0469494	Drama	USA
tt0469623	Drama	USA
tt0469641	Drama	USA
tt0469903	Biography	USA
tt0470679	Drama	USA
tt0470752	Drama	UK
tt0470765	Comedy	USA
tt0470869	Comedy	India
tt0471042	Action	USA
tt0472043	Action	USA
tt0472062	Biography	USA
tt0472181	Animation	USA
tt0472186	Horror	USA
tt0472210	Documentary	USA
tt0472399	Action	USA
tt0473015	Comedy	USA
tt0473024	Action	USA
tt0473075	Action	USA
tt0473174	Comedy	USA
tt0473308	Comedy	USA
tt0473444	Drama	China
tt0473488	Crime	USA
tt0473500	Comedy	USA
tt0473692	Documentary	USA
tt0473700	Drama	USA
tt0473705	Crime	USA
tt0474622	Comedy	Argentina
tt0475276	Action	USA
tt0475355	Drama	Germany
tt0475390	Comedy	USA
tt0475420	Documentary	USA
tt0475944	Action	USA
tt0475998	Animation	USA
tt0476053	Biography	USA
tt0476503	Documentary	USA
tt0476550	Comedy	India
tt0476643	Comedy	Israel
tt0476805	Comedy	India
tt0476964	Crime	USA
tt0476991	Adventure	USA
tt0476995	Action	USA
tt0477051	Comedy	USA
tt0477053	Documentary	UK
tt0477071	Drama	USA
tt0477078	Comedy	USA
tt0477080	Action	USA
tt0477302	Adventure	USA
tt0477347	Action	USA
tt0477348	Crime	USA
tt0477392	Drama	USA
tt0478087	Crime	USA
tt0478134	Crime	USA
tt0478304	Drama	USA
tt0478311	Comedy	USA
tt0478338	Documentary	USA
tt0478366	Drama	Canada
tt0478970	Action	USA
tt0479074	Comedy	Spain
tt0479143	Drama	USA
tt0479409	Documentary	USA
tt0479468	Documentary	USA
tt0479500	Comedy	USA
tt0479647	Action	Canada
tt0479884	Action	USA
tt0479952	Animation	USA
tt0479965	Drama	USA
tt0479968	Horror	Japan
tt0479974	Adventure	USA
tt0479997	Action	USA
tt0480239	Drama	USA
tt0480242	Comedy	USA
tt0480249	Drama	USA
tt0480255	Action	USA
tt0480269	Drama	USA
tt0480687	Comedy	USA
tt0481141	Comedy	USA
tt0481369	Drama	USA
tt0481499	Animation	USA
tt0481574	Documentary	USA
tt0481589	Documentary	USA
tt0481797	Comedy	USA
tt0482546	Biography	UK
tt0482571	Drama	USA
tt0482572	Crime	USA
tt0482599	Horror	USA
tt0482603	Animation	USA
tt0482606	Horror	USA
tt0483607	Action	UK
tt0483726	Comedy	USA
tt0484111	Comedy	USA
tt0484562	Adventure	USA
tt0484740	Drama	USA
tt0485185	Comedy	USA
tt0485272	Comedy	India
tt0485522	Drama	India
tt0485877	Short	Spain
tt0485985	Action	USA
tt0486051	Drama	USA
tt0486259	Documentary	USA
tt0486321	Animation	Belgium
tt0486358	Documentary	USA
tt0486551	Comedy	USA
tt0486576	Action	USA
tt0486578	Comedy	USA
tt0486583	Comedy	USA
tt0486615	Musical	India
tt0486655	Adventure	UK
tt0486674	Comedy	USA
tt0486822	Drama	USA
tt0486946	Action	USA
tt0487092	Documentary	USA
tt0487156	Action	Germany
tt0487894	Thriller	USA
tt0488120	Crime	USA
tt0488414	Action	India
tt0488508	Documentary	USA
tt0488658	Adventure	USA
tt0488906	Action	India
tt0489037	Documentary	USA
tt0489049	Adventure	USA
tt0489099	Action	USA
tt0489237	Comedy	USA
tt0489244	Horror	USA
tt0489247	Documentary	UK
tt0489270	Horror	USA
tt0489281	Drama	USA
tt0489282	Adventure	USA
tt0489327	Comedy	UK
tt0489560	Comedy	India
tt0489682	Adventure	USA
tt0489707	Documentary	USA
tt0490084	Comedy	USA
tt0490196	Comedy	USA
tt0490204	Drama	USA
tt0490210	Action	India
tt0490579	Comedy	USA
tt0491152	Comedy	USA
tt0491691	Documentary	USA
tt0491877	Documentary	USA
tt0492044	Drama	USA
tt0492389	Comedy	USA
tt0492447	Documentary	UK
tt0492466	Documentary	USA
tt0492488	Documentary	USA
tt0492492	Comedy	USA
tt0492506	Documentary	USA
tt0492931	Documentary	USA
tt0492956	Comedy	USA
tt0493081	Documentary	USA
tt0493395	Drama	USA
tt0493430	Documentary	USA
tt0493451	Horror	USA
tt0493459	Documentary	UK
tt0493464	Action	USA
tt0493949	Adventure	USA
tt0494203	Documentary	South Africa
tt0494652	Comedy	USA
tt0494834	Drama	Canada
tt0495036	Mystery	USA
tt0495060	Documentary	UK
tt0495103	Documentary	France
tt0496328	Comedy	USA
tt0496806	Crime	USA
tt0497116	Documentary	USA
tt0497316	Drama	USA
tt0497465	Drama	Spain
tt0498097	Drama	Turkey
tt0498329	Documentary	USA
tt0498351	Animation	USA
tt0498353	Horror	USA
tt0498379	Documentary	USA
tt0498380	Drama	USA
tt0498399	Crime	USA
tt0499375	Biography	India
tt0499448	Action	USA
tt0499549	Action	USA
tt0499554	Comedy	USA
tt0499556	Action	USA
tt0499570	Comedy	USA
tt0499596	Documentary	USA
tt0499603	Comedy	USA
tt0756703	Drama	USA
tt0756727	Documentary	USA
tt0756729	Comedy	USA
tt0757361	Comedy	USA
tt0758053	Drama	India
tt0758758	Adventure	USA
tt0758766	Comedy	USA
tt0758774	Action	USA
tt0758784	Drama	USA
tt0758794	Drama	USA
tt0758798	Comedy	Canada
tt0760160	Drama	USA
tt0760311	Comedy	USA
tt0762073	Fantasy	South Korea
tt0762105	Comedy	USA
tt0762111	Documentary	USA
tt0762114	Comedy	USA
tt0762121	Drama	USA
tt0762125	Animation	Spain
tt0762138	Comedy	USA
tt0763304	Animation	USA
tt0763831	Comedy	USA
tt0763840	Action	USA
tt0763852	Documentary	USA
tt0765010	Drama	USA
tt0765429	Biography	USA
tt0765443	Crime	USA
tt0765446	Animation	USA
tt0765447	Drama	USA
tt0765476	Adventure	USA
tt0768212	Family	USA
tt0768239	Drama	Germany
tt0770214	Action	India
tt0770703	Comedy	USA
tt0770752	Action	USA
tt0770772	Comedy	USA
tt0770828	Action	USA
tt0772153	Documentary	USA
tt0772157	Comedy	USA
tt0772165	Drama	USA
tt0772168	Drama	USA
tt0772178	Comedy	USA
tt0772193	Action	USA
tt0775076	Drama	Canada
tt0775488	Crime	USA
tt0775529	Comedy	USA
tt0775536	Action	USA
tt0775539	Drama	USA
tt0775543	Drama	USA
tt0775552	Adventure	USA
tt0775566	Documentary	USA
tt0780511	Adventure	USA
tt0780521	Animation	USA
tt0780536	Comedy	UK
tt0780548	Biography	USA
tt0780567	Comedy	USA
tt0780571	Crime	USA
tt0780595	Action	USA
tt0780606	Crime	USA
tt0780608	Comedy	USA
tt0780653	Drama	USA
tt0783233	Drama	UK
tt0783238	Crime	USA
tt0783608	Crime	USA
tt0783695	Drama	Mexico
tt0784972	Comedy	USA
tt0785003	Comedy	USA
tt0785006	Comedy	USA
tt0785007	Comedy	USA
tt0785025	Drama	USA
tt0785077	Comedy	USA
tt0787474	Animation	USA
tt0787475	Comedy	USA
tt0790602	Action	Canada
tt0790604	Comedy	USA
tt0790627	Comedy	USA
tt0790628	Comedy	USA
tt0790636	Biography	USA
tt0790686	Horror	USA
tt0790706	Documentary	USA
tt0790712	Drama	USA
tt0790724	Action	USA
tt0790736	Action	USA
tt0790799	Animation	Israel
tt0790804	Comedy	USA
tt0791304	Comedy	USA
tt0795376	Comedy	USA
tt0795381	Documentary	USA
tt0795421	Comedy	USA
tt0795434	Comedy	India
tt0795438	Drama	USA
tt0795458	Documentary	USA
tt0795461	Comedy	USA
tt0796335	Comedy	France
tt0796366	Action	USA
tt0796368	Biography	USA
tt0796375	Comedy	USA
tt0799916	Documentary	USA
tt0799934	Comedy	UK
tt0799949	Adventure	USA
tt0799954	Documentary	UK
tt0800003	Action	USA
tt0800027	Drama	USA
tt0800039	Comedy	USA
tt0800080	Action	USA
tt0800081	Documentary	USA
tt0800099	Documentary	Ireland
tt0800241	Crime	Spain
tt0800308	Crime	USA
tt0800369	Action	USA
tt0800981	Comedy	India
tt0803057	Comedy	USA
tt0804452	Comedy	USA
tt0804461	Action	USA
tt0804492	Comedy	USA
tt0804497	Comedy	USA
tt0804516	Crime	USA
tt0804522	Drama	USA
tt0805184	Comedy	India
tt0805526	Drama	USA
tt0805564	Comedy	USA
tt0805570	Fantasy	USA
tt0806027	Action	Hong Kong
tt0806088	Comedy	India
tt0806203	Drama	USA
tt0807758	Comedy	India
tt0808142	Short	USA
tt0808190	Documentary	USA
tt0808331	Drama	USA
tt0808357	Drama	USA
tt0808417	Animation	France
tt0808438	Documentary	Canada
tt0808510	Comedy	USA
tt0809439	Documentary	France
tt0810768	Documentary	USA
tt0810784	Biography	UK
tt0810819	Biography	UK
tt0810913	Comedy	USA
tt0810922	Comedy	USA
tt0810928	Drama	USA
tt0810951	Comedy	USA
tt0810970	Documentary	USA
tt0810988	Drama	USA
tt0811066	Action	India
tt0811080	Action	USA
tt0811106	Comedy	USA
tt0811137	Comedy	USA
tt0811138	Comedy	USA
tt0811154	Documentary	USA
tt0814005	Biography	Iceland
tt0814022	Action	USA
tt0814255	Adventure	UK
tt0814314	Drama	USA
tt0815236	Comedy	USA
tt0815241	Documentary	USA
tt0815244	Comedy	USA
tt0815245	Drama	USA
tt0816238	Documentary	USA
tt0816442	Drama	USA
tt0816631	Drama	Canada
tt0816692	Adventure	USA
tt0816711	Action	USA
tt0817177	Comedy	USA
tt0817230	Comedy	USA
tt0817538	Comedy	USA
tt0817545	Action	USA
tt0818098	Thriller	USA
tt0818165	Crime	USA
tt0818490	Drama	USA
tt0818669	Comedy	USA
tt0818682	Documentary	USA
tt0821442	Crime	South Korea
tt0821640	Comedy	USA
tt0821642	Biography	UK
tt0821810	Drama	USA
tt0822847	Action	USA
tt0822849	Drama	USA
tt0822854	Action	USA
tt0823219	Documentary	USA
tt0824375	Drama	India
tt0824747	Crime	USA
tt0825232	Adventure	USA
tt0825346	Comedy	USA
tt0826547	Comedy	USA
tt0828065	Drama	USA
tt0828393	Drama	USA
tt0829150	Action	USA
tt0829193	Crime	USA
tt0829459	Biography	USA
tt0829482	Comedy	USA
tt0830361	Action	USA
tt0830515	Action	UK
tt0830535	Drama	USA
tt0830570	Drama	UK
tt0830968	Documentary	USA
tt0831884	Crime	USA
tt0831887	Action	USA
tt0832266	Comedy	Germany
tt0832906	Comedy	Canada
tt0833476	Comedy	India
tt0833553	Comedy	USA
tt0833960	Drama	USA
tt0834001	Action	USA
tt0834952	Drama	USA
tt0835418	Comedy	USA
tt0837559	Crime	USA
tt0837562	Animation	USA
tt0838221	Adventure	USA
tt0838232	Adventure	USA
tt0838241	Drama	USA
tt0838283	Comedy	USA
tt0839742	Drama	UK
tt0839980	Comedy	USA
tt0840019	Documentary	USA
tt0840322	Drama	USA
tt0840361	Crime	USA
tt0841032	Comedy	USA
tt0841044	Comedy	France
tt0841046	Comedy	USA
tt0841108	Comedy	USA
tt0841992	Documentary	USA
tt0842926	Comedy	USA
tt0843850	Comedy	USA
tt0843876	Comedy	USA
tt0844289	Horror	Canada
tt0844471	Animation	USA
tt0844479	Horror	USA
tt0844671	Comedy	USA
tt0844993	Animation	USA
tt0845448	Adventure	India
tt0846040	Comedy	Italy
tt0846308	Drama	USA
tt0847221	Drama	USA
tt0848537	Animation	USA
tt0848542	Comedy	USA
tt0852713	Comedy	USA
tt0852984	Drama	USA
tt0853096	Crime	UK
tt0858479	Comedy	USA
tt0859163	Action	USA
tt0859760	Action	USA
tt0861689	Drama	Canada
tt0864761	Biography	UK
tt0864835	Animation	USA
tt0865556	Action	USA
tt0865559	Comedy	USA
tt0866437	Comedy	USA
tt0866439	Comedy	USA
tt0870089	Drama	USA
tt0870111	Drama	USA
tt0870122	Comedy	USA
tt0870984	Drama	Denmark
tt0871426	Comedy	USA
tt0872230	Horror	USA
tt0872335	Horror	USA
tt0873886	Action	USA
tt0874423	Documentary	USA
tt0875034	Drama	USA
tt0875705	Crime	USA
tt0878804	Biography	USA
tt0878835	Comedy	USA
tt0879870	Drama	USA
tt0880570	Crime	USA
tt0880578	Crime	USA
tt0881320	Adventure	USA
tt0881891	Comedy	USA
tt0882977	Action	USA
tt0884224	Action	USA
tt0884328	Horror	USA
tt0884732	Comedy	USA
tt0884842	Documentary	USA
tt0886539	Drama	India
tt0887259	Drama	Spain
tt0887719	Comedy	USA
tt0887883	Comedy	USA
tt0887966	Comedy	USA
tt0888693	Drama	Canada
tt0889134	Comedy	USA
tt0889573	Comedy	USA
tt0889588	Drama	Australia
tt0890870	Horror	USA
tt0891527	Drama	USA
tt0891592	Action	Canada
tt0892255	Biography	France
tt0892318	Comedy	USA
tt0892737	Documentary	USA
tt0892769	Animation	USA
tt0892791	Animation	USA
tt0892904	Comedy	USA
tt0893325	Drama	USA
tt0893356	Biography	USA
tt0893382	Documentary	USA
tt0893412	Comedy	Mexico
tt0896866	Documentary	USA
tt0897361	Crime	USA
tt0898367	Adventure	USA
tt0899106	Drama	USA
tt0899238	Documentary	USA
tt0901476	Comedy	USA
tt0903624	Adventure	USA
tt0907657	Drama	Ireland
tt0910936	Action	USA
tt0910970	Animation	USA
tt0912580	Documentary	USA
tt0912583	Documentary	USA
tt0912590	Documentary	Brazil
tt0912592	Documentary	USA
tt0912593	Documentary	USA
tt0912599	Documentary	USA
tt0913354	Action	USA
tt0913413	Comedy	USA
tt0913425	Drama	Spain
tt0913958	Documentary	USA
tt0914358	Documentary	USA
tt0914382	Drama	USA
tt0914797	Comedy	USA
tt0914798	Drama	UK
tt0914845	Comedy	USA
tt0918927	Drama	USA
tt0923600	Comedy	USA
tt0923671	Horror	USA
tt0923752	Documentary	USA
tt0924129	Drama	USA
tt0925248	Documentary	UK
tt0926084	Adventure	UK
tt0926380	Drama	Australia
tt0928413	Comedy	USA
tt0929425	Crime	Italy
tt0929742	Action	Philippines
tt0930057	Documentary	USA
tt0935075	Drama	USA
tt0936471	Comedy	USA
tt0937237	Crime	USA
tt0937375	Comedy	USA
tt0938283	Action	USA
tt0938321	Documentary	USA
tt0938330	Horror	France
tt0939681	Documentary	USA
tt0940620	Documentary	USA
tt0940709	Comedy	Hong Kong
tt0942385	Action	USA
tt0943512	Documentary	Germany
tt0944101	Comedy	USA
tt0944835	Action	USA
tt0945513	Mystery	USA
tt0947798	Drama	USA
tt0947802	Crime	USA
tt0947810	Action	France
tt0948470	Action	USA
tt0949731	Drama	USA
tt0951216	Comedy	USA
tt0952640	Animation	USA
tt0952682	Drama	USA
tt0952693	Documentary	USA
tt0953896	Documentary	UK
tt0954947	Crime	USA
tt0955306	Drama	USA
tt0955308	Action	USA
tt0956038	Drama	USA
tt0959337	Drama	USA
tt0960098	Crime	USA
tt0960144	Action	USA
tt0960731	Comedy	USA
tt0960741	Thriller	USA
tt0962726	Comedy	USA
tt0962736	Biography	UK
tt0963178	Action	USA
tt0963208	Documentary	France
tt0963794	Horror	USA
tt0963807	Documentary	USA
tt0963966	Action	USA
tt0964185	Drama	USA
tt0964516	Drama	India
tt0964517	Biography	USA
tt0964539	Crime	USA
tt0969307	Drama	Finland
tt0970179	Adventure	USA
tt0970184	Documentary	USA
tt0970411	Adventure	USA
tt0970468	Comedy	UK
tt0970866	Comedy	USA
tt0971160	Documentary	USA
tt0971209	Adventure	USA
tt0972359	Drama	USA
tt0974554	Drama	USA
tt0974661	Comedy	USA
tt0975645	Biography	USA
tt0976026	Comedy	India
tt0976051	Drama	USA
tt0976222	Comedy	USA
tt0976238	Comedy	USA
tt0976247	Comedy	USA
tt0977662	Documentary	USA
tt0978759	Crime	USA
tt0978764	Action	USA
tt0979434	Comedy	USA
tt0980970	Adventure	USA
tt0981072	Comedy	USA
tt0981227	Comedy	USA
tt0982898	Comedy	Italy
tt0983193	Animation	USA
tt0984210	Drama	USA
tt0985593	Comedy	UK
tt0985636	Drama	India
tt0985694	Action	USA
tt0985699	Drama	USA
tt0986213	Drama	India
tt0986263	Action	USA
tt0988045	Action	USA
tt0988047	Action	USA
tt0988102	Documentary	USA
tt0988595	Comedy	USA
tt0989757	Drama	USA
tt0990376	Family	USA
tt0990407	Action	USA
tt0991346	Comedy	India
tt0993789	Comedy	France
tt0993842	Action	USA
tt0993846	Biography	USA
tt0995031	Comedy	India
tt0995039	Comedy	USA
tt0995061	Documentary	USA
tt0995752	Action	India
tt0997047	Adventure	USA
tt0997167	Action	Japan
tt0997185	Action	India
tt1000774	Comedy	USA
tt1001508	Comedy	USA
tt1001526	Animation	USA
tt1001540	Drama	USA
tt1001562	Comedy	USA
tt1003113	Documentary	USA
tt1003116	Documentary	USA
tt1003118	Documentary	USA
tt1006959	Documentary	USA
tt1007018	Comedy	USA
tt1007028	Comedy	USA
tt1007029	Biography	UK
tt1007950	Comedy	USA
tt1008003	Animation	USA
tt1008023	Drama	USA
tt1010048	Drama	UK
tt1012804	Drama	USA
tt1013743	Action	USA
tt1013753	Biography	USA
tt1014673	Documentary	USA
tt1014763	Crime	Czech Republic
tt1014775	Adventure	USA
tt1015971	Documentary	USA
tt1016268	Documentary	USA
tt1017442	Horror	USA
tt1017451	Biography	USA
tt1017456	Action	India
tt1018785	Comedy	USA
tt1019452	Comedy	USA
tt1020072	Biography	UK
tt1020530	Horror	UK
tt1020558	Action	UK
tt1020876	Documentary	USA
tt1020938	Documentary	France
tt1022603	Comedy	USA
tt1023111	Action	USA
tt1023481	Drama	USA
tt1024648	Biography	USA
tt1024715	Comedy	USA
tt1024746	Drama	USA
tt1024943	Action	India
tt1027718	Drama	USA
tt1027729	Crime	USA
tt1027862	Comedy	USA
tt1028576	Drama	USA
tt1028581	Drama	USA
tt1029120	Comedy	USA
tt1029231	Action	India
tt1031562	Comedy	USA
tt1031969	Comedy	USA
tt1032751	Action	New Zealand
tt1032755	Action	UK
tt1032815	Comedy	Canada
tt1032854	Documentary	France
tt1033575	Comedy	USA
tt1033643	Comedy	USA
tt1034032	Action	USA
tt1034303	Action	USA
tt1034314	Action	Finland
tt1034331	Action	USA
tt1034389	Action	UK
tt1035736	Biography	France
tt1037218	Drama	UK
tt1037705	Action	USA
tt1038043	Drama	Sweden
tt1038919	Action	USA
tt1039903	Comedy	Japan
tt1039995	Comedy	India
tt1041753	Comedy	USA
tt1041804	Action	UK
tt1041829	Comedy	USA
tt1042499	Comedy	UK
tt1042877	Biography	USA
tt1043451	Comedy	India
tt1043726	Action	USA
tt1043839	Action	Germany
tt1045655	Drama	USA
tt1045658	Comedy	USA
tt1045670	Comedy	UK
tt1045778	Adventure	USA
tt1045874	Documentary	USA
tt1045889	Documentary	USA
tt1046163	Comedy	USA
tt1046173	Action	USA
tt1046947	Drama	USA
tt1046997	Action	USA
tt1047540	Comedy	USA
tt1049400	Documentary	USA
tt1049402	Biography	USA
tt1049405	Comedy	UK
tt1049413	Animation	USA
tt1050739	Animation	India
tt1051904	Adventure	USA
tt1051981	Comedy	USA
tt1053424	Action	USA
tt1053810	Comedy	USA
tt1053889	Comedy	USA
tt1054588	Biography	USA
tt1054606	Adventure	UK
tt1055292	Comedy	USA
tt1055369	Action	USA
tt1056441	Comedy	USA
tt1057500	Biography	USA
tt1058017	Comedy	USA
tt1059317	Comedy	USA
tt1059786	Action	USA
tt1060249	Action	India
tt1060277	Action	USA
tt1063628	Comedy	Canada
tt1065073	Drama	USA
tt1067583	Drama	USA
tt1067774	Adventure	Hungary
tt1068646	Drama	France
tt1068649	Drama	France
tt1068680	Comedy	USA
tt1070858	Drama	USA
tt1072430	Animation	USA
tt1072437	Drama	USA
tt1073498	Comedy	USA
tt1074194	Documentary	USA
tt1074638	Action	UK
tt1075417	Action	USA
tt1075747	Action	USA
tt1077368	Comedy	USA
tt1078588	Drama	USA
tt1078891	Documentary	USA
tt1078912	Action	USA
tt1078940	Comedy	USA
tt1079964	Drama	USA
tt1080016	Animation	USA
tt1082601	Action	USA
tt1082868	Horror	USA
tt1082886	Comedy	USA
tt1083447	Comedy	India
tt1083456	Comedy	USA
tt1084950	Drama	USA
tt1085515	Comedy	USA
tt1086772	Comedy	USA
tt1090757	Drama	USA
tt1091191	Action	USA
tt1091225	Biography	USA
tt1091229	Action	India
tt1091617	Documentary	USA
tt1091722	Comedy	USA
tt1091751	Biography	USA
tt1092026	Adventure	USA
tt1092633	Comedy	USA
tt1093355	Comedy	USA
tt1093357	Action	USA
tt1093908	Comedy	USA
tt1095174	Comedy	USA
tt1095217	Crime	USA
tt1095453	Short	Costa Rica
tt1096999	Documentary	USA
tt1097013	Action	USA
tt1099212	Drama	USA
tt1100089	Biography	USA
tt1100119	Comedy	USA
tt1103153	Action	USA
tt1103982	Drama	USA
tt1104001	Action	USA
tt1104733	Comedy	USA
tt1104783	Documentary	USA
tt1105512	Drama	USA
tt1105733	Comedy	India
tt1105747	Comedy	India
tt1106860	Comedy	USA
tt1109499	Drama	USA
tt1111422	Action	USA
tt1111948	Comedy	USA
tt1112115	Documentary	USA
tt1114677	Comedy	USA
tt1114680	Drama	USA
tt1114740	Action	USA
tt1119646	Comedy	USA
tt1120985	Drama	USA
tt1121931	Action	USA
tt1122599	Comedy	USA
tt1122614	Documentary	USA
tt1122836	Comedy	USA
tt1124035	Drama	USA
tt1124039	Action	USA
tt1124217	Documentary	USA
tt1124388	Comedy	USA
tt1125849	Drama	USA
tt1125929	Comedy	USA
tt1126590	Biography	USA
tt1126591	Drama	USA
tt1126618	Comedy	USA
tt1127180	Horror	USA
tt1127221	Thriller	USA
tt1127715	Adventure	Mexico
tt1127877	Comedy	USA
tt1127896	Comedy	USA
tt1129381	Comedy	USA
tt1129412	Horror	USA
tt1129423	Drama	USA
tt1129442	Action	France
tt1129445	Adventure	USA
tt1130080	Comedy	USA
tt1130884	Mystery	USA
tt1130988	Comedy	Belgium
tt1131729	Comedy	UK
tt1131734	Comedy	USA
tt1132193	Comedy	USA
tt1132449	Comedy	USA
tt1132588	Family	Canada
tt1132626	Horror	USA
tt1133985	Action	USA
tt1133993	Comedy	USA
tt1134629	Comedy	USA
tt1135084	Action	USA
tt1135092	Crime	USA
tt1135487	Crime	USA
tt1135525	Comedy	USA
tt1135944	Documentary	USA
tt1135985	Adventure	USA
tt1136608	Action	USA
tt1139328	Mystery	France
tt1142433	Comedy	USA
tt1142977	Animation	USA
tt1142988	Comedy	USA
tt1143105	Documentary	USA
tt1143896	Biography	USA
tt1144541	Comedy	USA
tt1144551	Drama	USA
tt1144804	Action	India
tt1144884	Horror	USA
tt1145855	Animation	USA
tt1146325	Action	Australia
tt1148204	Horror	USA
tt1149362	Drama	Germany
tt1149405	Documentary	USA
tt1149583	Documentary	USA
tt1151309	Documentary	USA
tt1151915	Comedy	USA
tt1151922	Comedy	USA
tt1152398	Drama	USA
tt1152758	Documentary	USA
tt1152822	Documentary	USA
tt1152836	Biography	USA
tt1152850	Drama	USA
tt1153690	Drama	USA
tt1153706	Action	USA
tt1155056	Comedy	USA
tt1155076	Action	USA
tt1155592	Documentary	UK
tt1156398	Adventure	USA
tt1157620	Documentary	USA
tt1157668	Documentary	USA
tt1157685	Documentary	USA
tt1157694	Documentary	USA
tt1157705	Documentary	USA
tt1159922	Comedy	UK
tt1160368	Action	USA
tt1161064	Action	USA
tt1161418	Adventure	USA
tt1161864	Drama	USA
tt1164092	Documentary	UK
tt1166100	Action	India
tt1170358	Adventure	USA
tt1171222	Comedy	USA
tt1171238	Documentary	USA
tt1172233	Drama	USA
tt1172994	Horror	USA
tt1174041	Comedy	India
tt1174732	Drama	UK
tt1175491	Biography	USA
tt1175506	Drama	UK
tt1175709	Crime	USA
tt1175713	Comedy	Australia
tt1176740	Comedy	USA
tt1176960	Action	India
tt1178640	Comedy	USA
tt1178663	Comedy	USA
tt1178665	Adventure	USA
tt1179031	Crime	USA
tt1179034	Action	France
tt1180346	Drama	France
tt1182345	Drama	UK
tt1182350	Comedy	USA
tt1182908	Action	India
tt1182937	Comedy	India
tt1182972	Comedy	India
tt1183251	Crime	USA
tt1183919	Documentary	UK
tt1183923	Drama	UK
tt1185371	Documentary	USA
tt1185376	Drama	Spain
tt1185416	Comedy	USA
tt1185420	Comedy	India
tt1185431	Adventure	USA
tt1185442	Action	India
tt1185616	Animation	Israel
tt1185834	Animation	USA
tt1185836	Drama	USA
tt1186248	Drama	USA
tt1186367	Action	USA
tt1186370	Comedy	USA
tt1187041	Comedy	USA
tt1187043	Comedy	India
tt1187044	Comedy	Chile
tt1188729	Action	Germany
tt1188982	Action	India
tt1188996	Adventure	India
tt1189073	Thriller	Spain
tt1189076	Comedy	France
tt1189259	Drama	USA
tt1189340	Crime	USA
tt1190080	Action	USA
tt1190536	Action	USA
tt1190537	Mystery	USA
tt1190617	Comedy	USA
tt1190858	Drama	USA
tt1191138	Comedy	India
tt1192628	Animation	USA
tt1193138	Drama	USA
tt1193630	Drama	USA
tt1194127	Documentary	USA
tt1194173	Action	USA
tt1194417	Biography	Canada
tt1195478	Comedy	USA
tt1196134	Comedy	USA
tt1196141	Comedy	USA
tt1196165	Comedy	USA
tt1196340	Drama	USA
tt1196672	Documentary	USA
tt1196707	Documentary	USA
tt1196948	Comedy	Romania
tt1197624	Crime	USA
tt1197628	Comedy	USA
tt1198101	Action	India
tt1198138	Drama	USA
tt1198156	Drama	USA
tt1198405	Documentary	USA
tt1200853	Drama	USA
tt1201167	Comedy	USA
tt1201607	Adventure	USA
tt1202203	Documentary	USA
tt1202576	Documentary	USA
tt1204298	Documentary	USA
tt1204340	Drama	UK
tt1204342	Adventure	USA
tt1204975	Comedy	USA
tt1204977	Horror	USA
tt1205489	Drama	USA
tt1205537	Action	USA
tt1206483	Comedy	Mexico
tt1206543	Crime	USA
tt1210039	Drama	USA
tt1210071	Comedy	USA
tt1210166	Biography	USA
tt1210819	Action	USA
tt1211956	Action	USA
tt1212007	Documentary	USA
tt1212419	Drama	USA
tt1212436	Comedy	USA
tt1212450	Crime	USA
tt1212451	Crime	USA
tt1212909	Drama	USA
tt1213012	Animation	USA
tt1213574	Documentary	USA
tt1213585	Documentary	USA
tt1213644	Comedy	USA
tt1213663	Action	UK
tt1215458	Comedy	USA
tt1216475	Animation	USA
tt1216491	Biography	USA
tt1216492	Comedy	USA
tt1217209	Animation	USA
tt1217616	Drama	UK
tt1219289	Mystery	USA
tt1219342	Animation	USA
tt1220198	Mystery	USA
tt1220220	Comedy	USA
tt1220628	Comedy	USA
tt1220634	Action	Germany
tt1222815	Documentary	Tanzania
tt1222817	Comedy	USA
tt1223236	Documentary	USA
tt1225822	Comedy	USA
tt1226229	Comedy	USA
tt1226240	Drama	USA
tt1226271	Biography	UK
tt1226273	Crime	UK
tt1226774	Comedy	UK
tt1228705	Action	USA
tt1228953	Comedy	USA
tt1228987	Drama	UK
tt1229340	Comedy	USA
tt1229366	Comedy	India
tt1229370	Adventure	Canada
tt1229822	Drama	UK
tt1229827	Documentary	USA
tt1230130	Documentary	USA
tt1230215	Drama	USA
tt1230414	Comedy	USA
tt1230448	Comedy	India
tt1231580	Animation	USA
tt1231583	Adventure	USA
tt1231586	Comedy	USA
tt1231587	Comedy	USA
tt1232200	Comedy	USA
tt1232207	Documentary	USA
tt1232783	Horror	USA
tt1232829	Action	USA
tt1233227	Horror	Canada
tt1233334	Drama	USA
tt1234240	Drama	Israel
tt1234548	Comedy	USA
tt1234654	Comedy	USA
tt1235170	Comedy	Germany
tt1235189	Action	UK
tt1235522	Crime	USA
tt1235790	Documentary	USA
tt1235841	Comedy	Argentina
tt1237838	Comedy	USA
tt1238291	Drama	UK
tt1238298	Crime	Canada
tt1239427	Documentary	USA
tt1240982	Adventure	USA
tt1241226	Thriller	USA
tt1241316	Drama	USA
tt1242432	Crime	USA
tt1242460	Drama	UK
tt1242503	Drama	Portugal
tt1242599	Action	USA
tt1242782	Action	India
tt1243957	Action	USA
tt1243974	Comedy	USA
tt1244659	Drama	USA
tt1244754	Biography	USA
tt1245492	Comedy	USA
tt1245526	Action	USA
tt1247692	Comedy	USA
tt1247704	Comedy	USA
tt1250777	Action	UK
tt1251743	Action	USA
tt1252595	Drama	Taiwan
tt1253853	Drama	USA
tt1253863	Action	USA
tt1253864	Action	USA
tt1254696	Comedy	USA
tt1255951	Comedy	India
tt1258972	Action	USA
tt1259521	Fantasy	USA
tt1259571	Adventure	USA
tt1260565	Romance	USA
tt1261945	Comedy	USA
tt1262416	Horror	USA
tt1262863	Documentary	UK
tt1262981	Comedy	USA
tt1263670	Drama	USA
tt1265990	Drama	USA
tt1266072	Thriller	USA
tt1266583	Drama	India
tt1266615	Comedy	USA
tt1268204	Documentary	Brazil
tt1268799	Adventure	USA
tt1268969	Documentary	USA
tt1270262	Biography	Belgium
tt1270798	Action	USA
tt1272878	Action	USA
tt1273675	Drama	USA
tt1273678	Action	USA
tt1274295	Action	India
tt1274300	Comedy	USA
tt1275863	Comedy	India
tt1276104	Action	USA
tt1276419	Biography	Denmark
tt1277953	Animation	USA
tt1278060	Animation	Japan
tt1278340	Comedy	Norway
tt1278379	Comedy	USA
tt1278447	Crime	India
tt1279111	Documentary	USA
tt1279935	Comedy	USA
tt1280011	Documentary	USA
tt1280015	Documentary	USA
tt1280725	Comedy	USA
tt1282140	Comedy	USA
tt1282153	Drama	Portugal
tt1284575	Comedy	USA
tt1284596	Documentary	USA
tt1285016	Biography	USA
tt1285241	Action	India
tt1285252	Documentary	USA
tt1287468	Action	USA
tt1288553	Documentary	USA
tt1290082	Drama	USA
tt1291150	Action	USA
tt1291465	Action	India
tt1291584	Drama	USA
tt1292655	Drama	USA
tt1294136	Crime	USA
tt1294226	Drama	USA
tt1295909	Documentary	USA
tt1297921	Drama	USA
tt1298649	Action	USA
tt1298650	Action	USA
tt1300851	Action	USA
tt1300854	Action	USA
tt1301130	Documentary	USA
tt1302011	Animation	USA
tt1302067	Animation	USA
tt1303803	Musical	USA
tt1305583	Comedy	USA
tt1305591	Animation	USA
tt1306972	Documentary	USA
tt1306980	Comedy	USA
tt1307068	Adventure	USA
tt1307858	Comedy	USA
tt1307861	Documentary	USA
tt1308165	Drama	USA
tt1311060	Comedy	USA
tt1311071	Biography	USA
tt1313092	Crime	Australia
tt1313104	Documentary	USA
tt1314228	Comedy	USA
tt1314655	Drama	USA
tt1315350	Comedy	USA
tt1315981	Drama	USA
tt1316616	Biography	Spain
tt1318512	Horror	USA
tt1318514	Action	USA
tt1319744	Documentary	USA
tt1320244	Drama	USA
tt1320253	Action	USA
tt1320261	Adventure	USA
tt1321860	Drama	USA
tt1321865	Biography	France
tt1321870	Action	USA
tt1322264	Drama	USA
tt1322269	Drama	USA
tt1322312	Comedy	USA
tt1322393	Drama	USA
tt1323594	Animation	USA
tt1324055	Drama	Poland
tt1324059	Comedy	India
tt1324078	Action	India
tt1324999	Adventure	USA
tt1325004	Adventure	USA
tt1326204	Documentary	USA
tt1326900	Documentary	USA
tt1326954	Documentary	USA
tt1326972	Action	China
tt1327035	Comedy	India
tt1327194	Drama	USA
tt1327773	Biography	USA
tt1328634	Crime	India
tt1328913	Drama	USA
tt1331025	Documentary	USA
tt1331064	Comedy	USA
tt1332100	Comedy	USA
tt1333125	Comedy	USA
tt1333668	Documentary	USA
tt1334260	Drama	UK
tt1334470	Action	India
tt1334479	Documentary	USA
tt1334510	Documentary	UK
tt1334537	Comedy	USA
tt1335975	Action	USA
tt1336608	Comedy	USA
tt1336617	Comedy	USA
tt1337051	Comedy	Romania
tt1339043	Documentary	Canada
tt1339181	Comedy	UK
tt1339268	Comedy	USA
tt1340800	Drama	France
tt1341167	Comedy	UK
tt1341188	Comedy	USA
tt1343110	Comedy	USA
tt1343362	Comedy	India
tt1343727	Action	UK
tt1345836	Action	USA
tt1351685	Adventure	USA
tt1352852	Documentary	France
tt1355630	Drama	USA
tt1355683	Biography	USA
tt1356790	Documentary	USA
tt1356864	Comedy	USA
tt1357111	Short	USA
tt1361313	Comedy	USA
tt1363468	Sci-Fi	USA
tt1365050	Drama	USA
tt1366344	Comedy	USA
tt1366365	Action	USA
tt1368440	Drama	USA
tt1371081	Documentary	USA
tt1371111	Drama	Germany
tt1371150	Comedy	USA
tt1371155	Biography	UK
tt1373156	Drama	India
tt1375666	Action	USA
tt1375670	Comedy	USA
tt1375789	Action	India
tt1376233	Comedy	USA
tt1377278	Documentary	Israel
tt1385824	Drama	India
tt1385826	Romance	USA
tt1385867	Action	USA
tt1386588	Action	USA
tt1386654	Documentary	USA
tt1388394	Drama	India
tt1389127	Crime	USA
tt1389137	Comedy	USA
tt1390398	Drama	USA
tt1390411	Action	USA
tt1390539	Adventure	Thailand
tt1391092	Documentary	USA
tt1391544	Comedy	India
tt1391871	Short	USA
tt1392170	Adventure	USA
tt1392190	Action	Australia
tt1392197	Comedy	USA
tt1392214	Crime	USA
tt1392744	Comedy	India
tt1393742	Comedy	USA
tt1394192	Action	Japan
tt1394211	Comedy	USA
tt1395025	Action	India
tt1396209	Documentary	USA
tt1396218	Comedy	USA
tt1397280	Action	France
tt1397514	Action	USA
tt1398426	Biography	USA
tt1399103	Action	USA
tt1399683	Drama	USA
tt1401143	Adventure	Finland
tt1401152	Action	UK
tt1403241	Action	France
tt1403862	Action	USA
tt1403865	Adventure	USA
tt1403981	Drama	USA
tt1403988	Comedy	USA
tt1405500	Drama	USA
tt1407055	Comedy	USA
tt1407061	Comedy	USA
tt1407084	Action	USA
tt1407927	Documentary	USA
tt1408101	Action	USA
tt1408253	Action	USA
tt1409006	Comedy	Canada
tt1411238	Comedy	USA
tt1411250	Action	USA
tt1411664	Comedy	USA
tt1411697	Comedy	USA
tt1411704	Animation	USA
tt1413493	Documentary	USA
tt1413495	Drama	USA
tt1413496	Documentary	USA
tt1414382	Comedy	USA
tt1415283	Comedy	UK
tt1416801	Action	USA
tt1417592	Documentary	USA
tt1418377	Action	Australia
tt1418702	Documentary	USA
tt1421051	Comedy	USA
tt1423636	Drama	Pakistan
tt1423995	Drama	USA
tt1424381	Action	USA
tt1425922	Drama	USA
tt1426320	Comedy	USA
tt1426329	Biography	USA
tt1428459	Drama	India
tt1430132	Action	USA
tt1430607	Animation	UK
tt1430612	Action	France
tt1430615	Biography	USA
tt1430626	Animation	UK
tt1431122	Action	India
tt1431181	Comedy	UK
tt1433099	Documentary	USA
tt1433108	Action	USA
tt1433540	Animation	Belgium
tt1433813	Documentary	Canada
tt1433822	Horror	USA
tt1433905	Action	India
tt1436559	Comedy	USA
tt1436562	Animation	USA
tt1438254	Drama	USA
tt1438298	Comedy	India
tt1440129	Action	USA
tt1440266	Documentary	Germany
tt1440728	Crime	USA
tt1440732	Drama	UK
tt1440770	Documentary	USA
tt1441326	Drama	USA
tt1446147	Action	USA
tt1446192	Animation	USA
tt1446714	Adventure	USA
tt1447508	Comedy	India
tt1448755	Action	UK
tt1449283	Animation	USA
tt1452599	Crime	USA
tt1453405	Animation	USA
tt1454029	Drama	USA
tt1454468	Sci-Fi	UK
tt1455811	Action	India
tt1457767	Horror	USA
tt1458175	Crime	USA
tt1458596	Action	USA
tt1458939	Comedy	USA
tt1458956	Documentary	USA
tt1460646	Crime	USA
tt1462041	Drama	USA
tt1462054	Drama	USA
tt1462411	Drama	USA
tt1462758	Drama	Spain
tt1462769	Comedy	USA
tt1462900	Action	Hong Kong
tt1462901	Comedy	USA
tt1464174	Action	USA
tt1464540	Action	USA
tt1464590	Action	USA
tt1465487	Comedy	France
tt1466072	Documentary	USA
tt1468387	Drama	USA
tt1470023	Action	USA
tt1470827	Drama	UK
tt1474889	Comedy	USA
tt1476251	Short	USA
tt1477076	Horror	Canada
tt1477837	Comedy	USA
tt1477855	Biography	UK
tt1478338	Comedy	USA
tt1478964	Action	UK
tt1479320	Drama	USA
tt1480295	Action	USA
tt1480656	Drama	Canada
tt1482980	Documentary	USA
tt1482991	Documentary	USA
tt1483010	Comedy	USA
tt1483013	Action	USA
tt1484521	Comedy	France
tt1484522	Documentary	USA
tt1486185	Fantasy	USA
tt1486190	Comedy	UK
tt1486192	Crime	USA
tt1486193	Action	USA
tt1486843	Documentary	USA
tt1487107	Music	USA
tt1487118	Comedy	UK
tt1487931	Animation	South Africa
tt1488555	Comedy	USA
tt1489185	Documentary	USA
tt1490017	Animation	Australia
tt1493157	Comedy	USA
tt1496025	Action	USA
tt1496422	Drama	USA
tt1499201	Comedy	India
tt1499302	Horror	USA
tt1499658	Comedy	USA
tt1502404	Action	USA
tt1502712	Action	USA
tt1503769	Documentary	USA
tt1504320	Biography	UK
tt1506940	Documentary	USA
tt1508675	Comedy	Finland
tt1509276	Documentary	USA
tt1510907	Documentary	USA
tt1515091	Action	USA
tt1515935	Documentary	USA
tt1517489	Action	USA
tt1519461	Horror	USA
tt1520498	Adventure	USA
tt1521197	Drama	UK
tt1522857	Documentary	USA
tt1523939	Drama	USA
tt1524095	Documentary	USA
tt1524137	Action	USA
tt1524575	Horror	USA
tt1524930	Adventure	USA
tt1525838	Drama	USA
tt1527788	Action	South Korea
tt1528224	Documentary	France
tt1528854	Comedy	USA
tt1529273	Drama	Italy
tt1529307	Drama	Denmark
tt1529567	Documentary	UK
tt1530983	Thriller	Australia
tt1531706	Animation	UK
tt1531930	Drama	USA
tt1532957	Comedy	India
tt1532958	Music	USA
tt1533089	Documentary	USA
tt1533749	Action	Hong Kong
tt1534075	Documentary	USA
tt1535108	Action	USA
tt1535109	Biography	USA
tt1535110	Comedy	USA
tt1535421	Documentary	USA
tt1535438	Comedy	USA
tt1535568	Comedy	USA
tt1535612	Crime	USA
tt1535970	Drama	USA
tt1536044	Horror	USA
tt1538403	Fantasy	USA
tt1540068	Documentary	Austria
tt1540128	Comedy	USA
tt1540133	Comedy	Ireland
tt1540741	Crime	UK
tt1540814	Documentary	USA
tt1541153	Documentary	USA
tt1541160	Comedy	Germany
tt1541995	Drama	China
tt1542344	Adventure	USA
tt1545106	Comedy	USA
tt1547230	Comedy	USA
tt1547234	Action	USA
tt1547651	Music	UK
tt1549571	Drama	USA
tt1549572	Drama	USA
tt1549920	Action	USA
tt1551630	Crime	USA
tt1554091	Drama	USA
tt1555064	Drama	USA
tt1558250	Documentary	USA
tt1559040	Drama	Canada
tt1559549	Documentary	USA
tt1560479	Horror	UK
tt1560747	Drama	USA
tt1560957	Documentary	USA
tt1560985	Horror	USA
tt1560987	Animation	USA
tt1562450	Documentary	USA
tt1562568	Drama	USA
tt1562859	Action	India
tt1562871	Action	USA
tt1562872	Adventure	India
tt1562899	Thriller	USA
tt1562904	Action	USA
tt1563704	Drama	USA
tt1563738	Drama	USA
tt1564349	Drama	USA
tt1564367	Comedy	USA
tt1564585	Action	USA
tt1564870	Drama	USA
tt1566501	Drama	Mexico
tt1566648	Documentary	USA
tt1567233	Documentary	USA
tt1568150	Documentary	USA
tt1568334	Documentary	USA
tt1568335	Documentary	USA
tt1568338	Action	USA
tt1568911	Drama	USA
tt1568923	Documentary	Germany
tt1570583	Drama	USA
tt1570728	Comedy	USA
tt1570989	Comedy	USA
tt1571222	Biography	UK
tt1571249	Comedy	USA
tt1572154	Drama	USA
tt1572311	Action	India
tt1572315	Horror	USA
tt1572769	Documentary	USA
tt1573072	Comedy	India
tt1578261	Comedy	India
tt1578275	Comedy	USA
tt1578715	Documentary	USA
tt1579361	Documentary	USA
tt1582248	Drama	USA
tt1582507	Horror	USA
tt1583420	Comedy	USA
tt1583421	Action	USA
tt1584016	Documentary	USA
tt1586265	Comedy	USA
tt1586752	Action	USA
tt1587310	Action	USA
tt1587426	Drama	India
tt1587707	Documentary	UK
tt1587729	Action	South Korea
tt1588173	Comedy	USA
tt1588336	Documentary	France
tt1590295	Documentary	USA
tt1591479	Action	USA
tt1592525	Action	France
tt1596343	Action	USA
tt1596346	Biography	USA
tt1596350	Action	USA
tt1596363	Biography	USA
tt1596365	Drama	UK
tt1596753	Documentary	USA
tt1598642	Drama	Iceland
tt1598778	Drama	USA
tt1598822	Comedy	USA
tt1598828	Action	USA
tt1599348	Action	USA
tt1600195	Action	USA
tt1600196	Crime	USA
tt1600530	Short	USA
tt1602472	Comedy	France
tt1602613	Crime	Denmark
tt1602620	Drama	France
tt1603257	Horror	USA
tt1604171	Comedy	USA
tt1604589	Comedy	USA
tt1605630	Comedy	USA
tt1605717	Comedy	UK
tt1605783	Comedy	Spain
tt1605790	Action	India
tt1605791	Drama	USA
tt1605803	Biography	USA
tt1606259	Documentary	UK
tt1606378	Action	USA
tt1606389	Drama	USA
tt1606392	Comedy	USA
tt1606829	Documentary	USA
tt1609113	Documentary	USA
tt1609479	Comedy	USA
tt1611224	Action	USA
tt1612279	Short	USA
tt1613023	Documentary	USA
tt1613062	Drama	USA
tt1615147	Drama	USA
tt1615918	Animation	USA
tt1616195	Biography	USA
tt1617661	Action	USA
tt1618399	Documentary	USA
tt1618430	Action	India
tt1618432	Drama	USA
tt1618442	Action	USA
tt1620719	Action	India
tt1620933	Action	India
tt1621039	Animation	USA
tt1621045	Comedy	USA
tt1621046	Biography	USA
tt1622547	Action	Germany
tt1622979	Fantasy	USA
tt1623205	Adventure	USA
tt1623288	Animation	USA
tt1625346	Comedy	USA
tt1626135	Comedy	USA
tt1626146	Adventure	Germany
tt1627924	Drama	India
tt1628024	Short	UK
tt1629376	Drama	India
tt1629705	Action	Spain
tt1629757	Biography	USA
tt1630036	Drama	USA
tt1631867	Action	USA
tt1632708	Comedy	USA
tt1633356	Horror	USA
tt1634003	Animation	Spain
tt1634122	Action	USA
tt1634138	Documentary	USA
tt1634286	Comedy	USA
tt1636826	Comedy	USA
tt1637688	Action	USA
tt1637706	Comedy	USA
tt1637725	Comedy	USA
tt1638355	Action	USA
tt1638362	Documentary	USA
tt1638364	Documentary	USA
tt1639426	Drama	India
tt1640459	Action	Canada
tt1640484	Comedy	USA
tt1641624	Comedy	France
tt1641975	Drama	Ireland
tt1644503	Comedy	USA
tt1645080	Drama	USA
tt1645089	Documentary	USA
tt1645170	Comedy	USA
tt1646971	Animation	USA
tt1646980	Action	USA
tt1646987	Action	USA
tt1647668	Biography	USA
tt1648179	Action	USA
tt1649419	Drama	Spain
tt1649421	Documentary	USA
tt1649444	Action	Spain
tt1650043	Comedy	USA
tt1650062	Action	USA
tt1650393	Comedy	USA
tt1650537	Horror	USA
tt1650554	Action	USA
tt1652287	Comedy	USA
tt1653002	Comedy	USA
tt1653827	Documentary	USA
tt1655420	Biography	UK
tt1655441	Drama	USA
tt1655442	Comedy	France
tt1655460	Comedy	USA
tt1657507	Action	France
tt1658501	Documentary	USA
tt1658801	Biography	USA
tt1659337	Drama	USA
tt1659343	Action	USA
tt1661382	Comedy	USA
tt1662293	Horror	USA
tt1663143	Adventure	USA
tt1663202	Adventure	USA
tt1663631	Comedy	USA
tt1663662	Action	USA
tt1663702	Documentary	Russia
tt1666186	Comedy	USA
tt1666305	Documentary	France
tt1666801	Comedy	USA
tt1667838	Comedy	India
tt1667889	Animation	USA
tt1669846	Drama	USA
tt1670345	Crime	France
tt1670389	Comedy	USA
tt1670994	Comedy	Hungary
tt1673434	Adventure	USA
tt1674771	Comedy	USA
tt1675192	Drama	USA
tt1678051	Action	Russia
tt1680311	Family	USA
tt1681666	Drama	USA
tt1682180	Drama	UK
tt1682940	Horror	USA
tt1683451	Short	Canada
tt1684233	Action	UK
tt1684548	Fantasy	USA
tt1684628	Drama	France
tt1686821	Action	USA
tt1687247	Documentary	UK
tt1687277	Drama	USA
tt1687281	Comedy	USA
tt1690953	Animation	USA
tt1691917	Animation	USA
tt1691920	Drama	USA
tt1692928	Documentary	USA
tt1694015	Documentary	USA
tt1694020	Comedy	USA
tt1695994	Comedy	USA
tt1697641	Documentary	Russia
tt1698641	Comedy	USA
tt1699147	Drama	USA
tt1699513	Drama	China
tt1700845	Biography	UK
tt1702014	Drama	Brazil
tt1702425	Comedy	USA
tt1702439	Drama	USA
tt1702443	Documentary	USA
tt1703958	Comedy	India
tt1705111	Comedy	USA
tt1706317	Action	UK
tt1706687	Documentary	USA
tt1707380	Drama	Germany
tt1708532	Comedy	India
tt1708537	Documentary	Canada
tt1709143	Horror	UK
tt1710396	Comedy	USA
tt1710417	Comedy	USA
tt1710469	Drama	USA
tt1711376	Documentary	USA
tt1711484	Biography	France
tt1712159	Horror	USA
tt1712170	Action	USA
tt1713476	Horror	USA
tt1714203	Comedy	USA
tt1714206	Comedy	USA
tt1714209	Drama	USA
tt1716777	Drama	USA
tt1718898	Sport	USA
tt1719071	Comedy	USA
tt1720172	Horror	USA
tt1720182	Drama	USA
tt1723121	Adventure	USA
tt1723811	Drama	UK
tt1726592	Drama	UK
tt1727388	Comedy	USA
tt1727776	Action	USA
tt1728239	Comedy	India
tt1728986	Action	India
tt1729226	Drama	Denmark
tt1729637	Action	India
tt1730687	Comedy	USA
tt1731141	Action	USA
tt1731701	Action	USA
tt1731764	Documentary	USA
tt1733525	Documentary	Germany
tt1734110	Biography	India
tt1735279	Documentary	USA
tt1735495	Documentary	USA
tt1735898	Action	USA
tt1736672	Music	USA
tt1737122	Documentary	USA
tt1740710	Comedy	India
tt1740799	Documentary	Switzerland
tt1741243	Action	USA
tt1742044	Biography	USA
tt1742650	Comedy	USA
tt1744847	Documentary	USA
tt1746153	Documentary	USA
tt1748043	Documentary	USA
tt1748062	Documentary	UK
tt1748122	Adventure	USA
tt1748158	Documentary	USA
tt1748199	Animation	USA
tt1748227	Action	USA
tt1753549	Documentary	USA
tt1753813	Drama	France
tt1754633	Comedy	USA
tt1754811	Comedy	USA
tt1754853	Documentary	USA
tt1758575	Comedy	USA
tt1758595	Biography	UK
tt1758610	Drama	USA
tt1758692	Drama	USA
tt1758795	Comedy	USA
tt1758830	Comedy	USA
tt1761005	Action	USA
tt1762399	Animation	USA
tt1763275	Music	USA
tt1763303	Comedy	USA
tt1764183	Drama	USA
tt1764234	Crime	USA
tt1764651	Action	USA
tt1766067	Documentary	USA
tt1766085	Documentary	Australia
tt1769363	Comedy	USA
tt1772230	Action	China
tt1772240	Horror	USA
tt1772288	Comedy	USA
tt1772341	Animation	USA
tt1772371	Comedy	USA
tt1772408	Drama	USA
tt1773109	Action	India
tt1777595	Drama	USA
tt1777610	Documentary	UK
tt1778304	Fantasy	USA
tt1778924	Drama	USA
tt1781769	Drama	UK
tt1781784	Documentary	USA
tt1781922	Action	USA
tt1785279	Short	USA
tt1785612	Documentary	USA
tt1786751	Drama	USA
tt1787067	Documentary	India
tt1787660	Documentary	USA
tt1787725	Documentary	USA
tt1787791	Documentary	USA
tt1787816	Documentary	USA
tt1787988	Crime	India
tt1790864	Action	USA
tt1790867	Documentary	USA
tt1790885	Drama	USA
tt1790886	Comedy	USA
tt1791500	Comedy	USA
tt1791528	Comedy	USA
tt1792647	Fantasy	USA
tt1797487	Drama	USA
tt1798243	Comedy	USA
tt1798291	Drama	USA
tt1798684	Action	USA
tt1800241	Crime	USA
tt1800246	Comedy	USA
tt1800266	Documentary	USA
tt1800367	Action	USA
tt1800741	Drama	USA
tt1801113	Action	USA
tt1805432	Short	USA
tt1806777	Documentary	USA
tt1807944	Drama	USA
tt1809398	Biography	USA
tt1810683	Drama	Mexico
tt1810697	Crime	USA
tt1813237	Short	Australia
tt1813440	Short	USA
tt1814621	Comedy	USA
tt1814836	Documentary	UK
tt1815862	Action	USA
tt1817081	Comedy	USA
tt1817276	Horror	USA
tt1817287	Documentary	France
tt1817676	Comedy	USA
tt1817771	Comedy	USA
tt1821549	Adventure	USA
tt1821658	Animation	Canada
tt1821694	Action	USA
tt1823672	Action	USA
tt1824254	Documentary	USA
tt1825784	Comedy	USA
tt1827528	Drama	Germany
tt1830786	Action	India
tt1830792	Drama	Germany
tt1832382	Drama	Iran
tt1833673	Action	India
tt1834234	Documentary	USA
tt1837562	Comedy	UK
tt1837703	Biography	USA
tt1837709	Drama	USA
tt1838544	Drama	USA
tt1839492	Comedy	USA
tt1839654	Comedy	USA
tt1840309	Adventure	USA
tt1840398	Adventure	USA
tt1840417	Drama	USA
tt1841542	Comedy	India
tt1843866	Action	USA
tt1845213	Documentary	USA
tt1845773	Documentary	USA
tt1845804	Drama	USA
tt1845849	Comedy	USA
tt1848826	Documentary	USA
tt1849718	Action	India
tt1850457	Comedy	USA
tt1853643	Comedy	USA
tt1853728	Drama	USA
tt1854564	Adventure	USA
tt1855199	Crime	USA
tt1855325	Action	Germany
tt1855401	Comedy	USA
tt1856038	Comedy	China
tt1856109	Documentary	USA
tt1858776	Comedy	USA
tt1859650	Comedy	USA
tt1860353	Animation	USA
tt1861281	Documentary	USA
tt1862079	Comedy	USA
tt1864288	Documentary	USA
tt1864405	Biography	USA
tt1865505	Animation	Ireland
tt1866210	Short	USA
tt1866249	Biography	USA
tt1867093	Crime	Canada
tt1869716	Drama	USA
tt1870529	Drama	USA
tt1870548	Documentary	Canada
tt1872181	Action	USA
tt1872194	Crime	USA
tt1872818	Comedy	USA
tt1874513	Documentary	USA
tt1877832	Action	USA
tt1881002	Drama	USA
tt1884268	Comedy	India
tt1885448	Drama	China
tt1891757	Crime	Pakistan
tt1893326	Documentary	USA
tt1894458	Comedy	USA
tt1894476	Drama	UK
tt1894561	Family	USA
tt1895587	Biography	USA
tt1904996	Action	USA
tt1906329	Comedy	USA
tt1906443	Documentary	USA
tt1907639	Action	USA
tt1907668	Drama	USA
tt1907731	Drama	USA
tt1911644	Crime	USA
tt1911658	Animation	USA
tt1912979	Animation	USA
tt1915551	Drama	Turkey
tt1915581	Comedy	USA
tt1918727	Drama	USA
tt1918886	Comedy	India
tt1918965	Action	India
tt1920849	Comedy	USA
tt1921064	Action	Canada
tt1922612	Documentary	USA
tt1922748	Drama	USA
tt1922777	Horror	USA
tt1924429	Crime	UK
tt1924435	Comedy	USA
tt1925479	Crime	USA
tt1929263	Drama	USA
tt1931388	Documentary	USA
tt1931435	Comedy	USA
tt1931533	Comedy	UK
tt1931549	Documentary	USA
tt1931569	Animation	Mexico
tt1934231	Comedy	India
tt1934335	Drama	China
tt1937092	Comedy	India
tt1937222	Drama	USA
tt1941541	Documentary	Canada
tt1942971	Documentary	Ireland
tt1945062	Drama	USA
tt1945087	Drama	USA
tt1948150	Action	India
tt1949178	Short	USA
tt1949548	Drama	India
tt1950135	Comedy	USA
tt1951216	Biography	UK
tt1951261	Comedy	USA
tt1951264	Adventure	USA
tt1951265	Adventure	USA
tt1951266	Adventure	USA
tt1954352	Drama	USA
tt1956697	Action	India
tt1959490	Action	USA
tt1959550	Documentary	USA
tt1961447	Drama	USA
tt1964418	Action	USA
tt1965065	Comedy	USA
tt1965264	Documentary	USA
tt1966604	Documentary	UK
tt1971352	Crime	USA
tt1971403	Comedy	USA
tt1972571	Crime	UK
tt1972663	Documentary	USA
tt1972779	Drama	USA
tt1974382	Drama	USA
tt1975205	Action	USA
tt1976000	Romance	UK
tt1976009	Drama	USA
tt1976608	Documentary	USA
tt1977953	Comedy	USA
tt1978480	Drama	USA
tt1979172	Animation	UK
tt1979388	Animation	USA
tt1980986	Comedy	India
tt1981080	Action	China
tt1981115	Action	USA
tt1981677	Comedy	USA
tt1981703	Documentary	USA
tt1985019	Comedy	UK
tt1985966	Animation	USA
tt1985981	Comedy	India
tt1986161	Drama	USA
tt1986769	History	USA
tt1986998	Comedy	USA
tt1989593	Drama	USA
tt1989712	Drama	South Korea
tt1990181	Thriller	USA
tt1991245	Horror	USA
tt1992156	Drama	Italy
tt1992193	Documentary	USA
tt1995260	Drama	USA
tt1995304	Comedy	USA
tt1996264	Comedy	USA
tt1996346	Drama	USA
tt1999192	Documentary	USA
tt2002718	Action	Russia
tt2004420	Comedy	USA
tt2005153	Romance	USA
tt2006295	Biography	USA
tt2007360	Comedy	USA
tt2009606	Drama	UK
tt2010510	Documentary	USA
tt2011109	Short	USA
tt2011183	Comedy	Mexico
tt2011232	Documentary	Iceland
tt2011265	Documentary	USA
tt2011953	Drama	USA
tt2012011	Drama	USA
tt2014338	Documentary	USA
tt2015370	Documentary	USA
tt2015381	Action	USA
tt2016894	Action	India
tt2016940	Action	USA
tt2017020	Animation	USA
tt2017038	Action	USA
tt2018086	Biography	France
tt2023453	Comedy	USA
tt2023587	Fantasy	Canada
tt2024432	Comedy	USA
tt2024469	Action	UK
tt2024544	Biography	USA
tt2025526	Action	South Korea
tt2027064	Biography	USA
tt2033933	Animation	USA
tt2033981	Documentary	USA
tt2034031	Comedy	USA
tt2034139	Drama	USA
tt2035630	Drama	USA
tt2039393	Crime	USA
tt2040504	Comedy	USA
tt2041488	Comedy	USA
tt2042568	Drama	USA
tt2049559	Drama	USA
tt2049589	Documentary	USA
tt2051879	Sci-Fi	USA
tt2051894	Drama	USA
tt2053397	Action	India
tt2053425	Drama	France
tt2055765	Comedy	USA
tt2059171	Horror	USA
tt2062484	Short	Australia
tt2062622	Animation	UK
tt2062645	Documentary	Mexico
tt2062961	Documentary	USA
tt2062996	Documentary	UK
tt2063011	Action	Hong Kong
tt2063666	Comedy	USA
tt2063781	Drama	USA
tt2066176	Drama	USA
tt2070791	Action	USA
tt2070852	Comedy	USA
tt2072164	Action	Hong Kong
tt2072230	Action	Japan
tt2072987	Documentary	USA
tt2073016	Drama	France
tt2073029	Documentary	USA
tt2073070	Action	India
tt2076220	Drama	France
tt2077747	Documentary	USA
tt2077833	Action	India
tt2077851	Comedy	USA
tt2082197	Adventure	India
tt2082232	Documentary	Canada
tt2083231	Action	USA
tt2083355	Comedy	USA
tt2083383	Drama	USA
tt2084773	Documentary	USA
tt2084953	Documentary	USA
tt2084970	Biography	UK
tt2084989	Drama	USA
tt2085888	Documentary	USA
tt2089721	Drama	USA
tt2090580	Short	USA
tt2091398	Documentary	USA
tt2093067	Documentary	Brazil
tt2093109	Documentary	USA
tt2093269	Drama	USA
tt2094890	Drama	Nigeria
tt2096672	Comedy	USA
tt2096673	Animation	USA
tt2097298	Biography	USA
tt2097307	Action	USA
tt2101341	Action	USA
tt2102502	Action	China
tt2103227	Documentary	USA
tt2103254	Comedy	USA
tt2103267	Drama	Australia
tt2103281	Action	USA
tt2105044	Fantasy	USA
tt2106361	Action	USA
tt2106739	Comedy	USA
tt2106741	Action	China
tt2109184	Horror	USA
tt2109248	Action	USA
tt2112124	Action	India
tt2112131	Action	India
tt2112293	Comedy	USA
tt2113659	Comedy	USA
tt2113822	Drama	China
tt2118702	Documentary	UK
tt2119463	Documentary	USA
tt2120120	Action	USA
tt2120152	Documentary	USA
tt2120779	Documentary	UK
tt2121304	Crime	France
tt2122340	Comedy	India
tt2124074	Drama	USA
tt2124803	Documentary	USA
tt2124908	Documentary	UK
tt2125435	Drama	USA
tt2125439	Documentary	Canada
tt2125490	Documentary	USA
tt2125608	Documentary	Sweden
tt2125653	Documentary	Netherlands
tt2125666	Documentary	USA
tt2125698	Comedy	Chile
tt2126355	Action	USA
tt2128441	Short	USA
tt2130242	Comedy	India
tt2130282	Documentary	Pakistan
tt2130321	Documentary	New Zealand
tt2132285	Biography	USA
tt2133214	Documentary	USA
tt2140373	Biography	UK
tt2140379	Action	USA
tt2140383	Comedy	USA
tt2140619	Comedy	USA
tt2141751	Drama	UK
tt2141773	Animation	USA
tt2147728	Drama	USA
tt2158531	Comedy	USA
tt2166214	Action	India
tt2167056	Documentary	USA
tt2169322	Comedy	China
tt2170439	Comedy	USA
tt2170584	Action	USA
tt2170593	Comedy	USA
tt2172071	Comedy	India
tt2172934	Action	USA
tt2172935	Music	USA
tt2174896	Documentary	USA
tt2176013	Drama	India
tt2176228	Drama	USA
tt2177711	Documentary	USA
tt2177771	Drama	USA
tt2178470	Comedy	India
tt2178508	Action	India
tt2178941	Drama	Germany
tt2179116	Adventure	USA
tt2179136	Action	USA
tt2180411	Adventure	USA
tt2181931	Comedy	India
tt2183034	Adventure	USA
tt2184339	Horror	USA
tt2185056	Short	USA
tt2186663	Thriller	USA
tt2186781	Drama	USA
tt2186933	Comedy	India
tt2187884	Fantasy	USA
tt2187972	Romance	India
tt2190367	Drama	Brazil
tt2190984	Action	UK
tt2191701	Comedy	USA
tt2191721	Comedy	India
tt2193215	Crime	USA
tt2193364	Action	Pakistan
tt2193418	Action	UK
tt2194328	Documentary	USA
tt2194499	Drama	UK
tt2195548	Comedy	USA
tt2197905	Sci-Fi	USA
tt2199571	Action	USA
tt2201548	Drama	USA
tt2205401	Drama	USA
tt2205591	Documentary	USA
tt2205904	Documentary	USA
tt2205948	Animation	Japan
tt2206498	Comedy	USA
tt2207006	Comedy	USA
tt2209418	Drama	USA
tt2209764	Drama	UK
tt2212008	Crime	Bahamas
tt2213054	Drama	India
tt2215151	Documentary	USA
tt2215366	Thriller	Canada
tt2215477	Action	India
tt2215719	Documentary	USA
tt2217458	Biography	Brazil
tt2218003	Crime	UK
tt2222206	Documentary	USA
tt2222584	Documentary	UK
tt2223990	Drama	USA
tt2224004	Thriller	USA
tt2224317	Drama	India
tt2226417	Fantasy	USA
tt2226519	Thriller	USA
tt2229499	Comedy	USA
tt2229842	Adventure	India
tt2231138	Drama	USA
tt2234003	Crime	Ireland
tt2234155	Comedy	USA
tt2234315	Documentary	USA
tt2235108	Comedy	USA
tt2235248	Documentary	USA
tt2235779	Horror	USA
tt2238050	Drama	France
tt2238839	Comedy	Hong Kong
tt2239400	Documentary	USA
tt2239832	Comedy	USA
tt2241069	Horror	USA
tt2241750	Drama	Australia
tt2243389	Comedy	Spain
tt2244901	Comedy	UK
tt2245003	Comedy	UK
tt2245084	Animation	USA
tt2246526	Documentary	USA
tt2246724	Comedy	India
tt2247432	Crime	USA
tt2247476	Drama	USA
tt2247692	Documentary	USA
tt2250032	Documentary	UK
tt2260060	Documentary	USA
tt2260728	Documentary	N/A
tt2261409	Comedy	USA
tt2265171	Action	Indonesia
tt2265398	Comedy	USA
tt2265431	Comedy	USA
tt2266938	Comedy	Hong Kong
tt2267998	Crime	USA
tt2268016	Comedy	USA
tt2271641	Action	India
tt2272336	Comedy	USA
tt2273657	Crime	USA
tt2274570	Comedy	USA
tt2275471	Drama	USA
tt2275549	Documentary	USA
tt2275794	Comedy	India
tt2275802	Drama	India
tt2276023	Documentary	USA
tt2278388	Adventure	USA
tt2278668	Documentary	Canada
tt2278871	Drama	France
tt2279339	Comedy	USA
tt2279373	Animation	USA
tt2281159	Drama	USA
tt2281267	Documentary	USA
tt2281587	Adventure	USA
tt2282662	Documentary	USA
tt2289920	Crime	USA
tt2290739	Thriller	USA
tt2292625	Drama	India
tt2292959	Drama	USA
tt2293060	Action	USA
tt2293640	Animation	USA
tt2294449	Action	USA
tt2294629	Animation	USA
tt2294677	Comedy	USA
tt2294729	Documentary	USA
tt2294965	Comedy	USA
tt2295722	Action	USA
tt2296697	Drama	USA
tt2298394	Comedy	USA
tt2301155	Action	India
tt2302755	Action	USA
tt2304426	Drama	UK
tt2304459	Drama	USA
tt2304485	Documentary	USA
tt2304583	Documentary	USA
tt2304771	Biography	UK
tt2304915	Documentary	Germany
tt2304997	Documentary	USA
tt2306745	Documentary	USA
tt2309021	Drama	USA
tt2309048	Action	Taiwan
tt2309260	Horror	USA
tt2309762	Comedy	USA
tt2309764	Action	India
tt2310332	Adventure	New Zealand
tt2311428	Mystery	USA
tt2312890	Comedy	USA
tt2313774	Action	USA
tt2315152	Fantasy	South Korea
tt2316868	Biography	USA
tt2317337	Comedy	India
tt2318527	Comedy	USA
tt2321163	Drama	India
tt2321249	Documentary	USA
tt2321549	Drama	Australia
tt2322441	Drama	USA
tt2324012	Drama	USA
tt2325719	Documentary	Canada
tt2325977	Drama	Australia
tt2326554	Drama	USA
tt2326574	Drama	USA
tt2326612	Crime	Canada
tt2330866	Action	South Korea
tt2331880	Drama	USA
tt2332579	Adventure	Chile
tt2333784	Action	USA
tt2334649	Biography	USA
tt2334873	Drama	USA
tt2334879	Action	USA
tt2338151	Comedy	India
tt2339379	Comedy	USA
tt2339505	Animation	India
tt2344678	Action	India
tt2345112	Drama	USA
tt2345561	Mystery	India
tt2345737	Crime	Australia
tt2347497	Comedy	Canada
tt2349144	Drama	USA
tt2349460	Drama	USA
tt2354407	Comedy	India
tt2355495	Comedy	USA
tt2355540	Documentary	USA
tt2356180	Action	India
tt2357129	Biography	USA
tt2357291	Animation	USA
tt2357377	Action	South Korea
tt2357926	Comedy	India
tt2358891	Drama	Italy
tt2358925	Comedy	USA
tt2359006	Action	USA
tt2359137	Drama	USA
tt2359381	Comedy	USA
tt2359427	Documentary	USA
tt2361509	Comedy	USA
tt2364841	Crime	USA
tt2364949	Drama	USA
tt2367996	Action	India
tt2368635	Comedy	France
tt2369135	Action	USA
tt2369154	Action	India
tt2370248	Drama	USA
tt2371411	Fantasy	China
tt2371834	Drama	Austria
tt2372222	Action	India
tt2372678	Comedy	India
tt2377194	Comedy	USA
tt2377322	Horror	USA
tt2377398	Drama	USA
tt2378281	Comedy	Mexico
tt2379713	Action	UK
tt2380247	Documentary	USA
tt2381111	Drama	Ireland
tt2381249	Action	USA
tt2381335	Documentary	USA
tt2382298	Documentary	USA
tt2382420	Documentary	USA
tt2385006	Documentary	USA
tt2386327	Documentary	USA
tt2386502	Drama	USA
tt2387433	Horror	USA
tt2387559	Comedy	USA
tt2388637	Crime	USA
tt2390237	Comedy	UK
tt2390361	Comedy	USA
tt2393813	Action	USA
tt2395427	Action	USA
tt2398231	Drama	USA
tt2400275	Drama	Switzerland
tt2400336	Documentary	USA
tt2401007	Comedy	USA
tt2401878	Animation	USA
tt2402101	Drama	UK
tt2402157	Action	USA
tt2402163	Crime	France
tt2402927	Drama	UK
tt2402985	Comedy	USA
tt2404027	Animation	India
tt2404425	Biography	UK
tt2404461	Drama	France
tt2404463	Action	USA
tt2404555	Drama	USA
tt2406422	Documentary	USA
tt2406676	Horror	India
tt2407826	Comedy	India
tt2409818	Action	Spain
tt2415458	Documentary	USA
tt2419284	Documentary	Australia
tt2424988	Action	India
tt2430104	Documentary	USA
tt2431286	Biography	UK
tt2433040	Action	USA
tt2435458	Comedy	USA
tt2436386	Sci-Fi	USA
tt2436516	Action	India
tt2437548	Comedy	USA
tt2437954	Action	India
tt2442502	Comedy	France
tt2444946	Documentary	USA
tt2446600	Documentary	UK
tt2446980	Biography	USA
tt2450186	Horror	USA
tt2451742	Documentary	USA
tt2452042	Animation	USA
tt2458776	Documentary	USA
tt2458876	News	USA
tt2460506	Crime	USA
tt2461034	Documentary	USA
tt2461226	Documentary	USA
tt2463288	Comedy	USA
tt2465146	Comedy	USA
tt2466830	Documentary	USA
tt2473510	Horror	USA
tt2473602	Biography	USA
tt2473682	Fantasy	USA
tt2473794	Biography	UK
tt2474976	Horror	UK
tt2475154	Documentary	Brazil
tt2476154	Comedy	India
tt2481246	Documentary	USA
tt2481480	Crime	USA
tt2489734	Documentary	USA
tt2492002	Documentary	USA
tt2492916	Documentary	USA
tt2495118	Action	Hong Kong
tt2503944	Comedy	USA
tt2504022	Documentary	USA
tt2505856	Horror	USA
tt2505938	Documentary	UK
tt2506388	Documentary	France
tt2507128	Documentary	USA
tt2510028	Drama	USA
tt2510434	Horror	USA
tt2510894	Animation	USA
tt2514028	Documentary	USA
tt2515034	Action	USA
tt2515086	Documentary	USA
tt2517044	Drama	USA
tt2518370	Drama	USA
tt2520398	Documentary	USA
tt2528814	Drama	USA
tt2532528	Documentary	USA
tt2534514	Documentary	USA
tt2537176	Crime	USA
tt2537390	Comedy	USA
tt2545088	Documentary	USA
tt2545118	Documentary	USA
tt2545338	Documentary	USA
tt2545428	Documentary	India
tt2546294	N/A	USA
tt2546300	N/A	USA
tt2548738	Documentary	USA
tt2551396	Horror	USA
tt2553908	Drama	Mexico
tt2554274	Drama	USA
tt2554648	Documentary	USA
tt2555268	Documentary	USA
tt2555736	Comedy	UK
tt2556342	Documentary	France
tt2557490	Comedy	USA
tt2560102	Drama	UK
tt2561572	Comedy	USA
tt2570224	Comedy	USA
tt2571226	Documentary	USA
tt2576450	Comedy	India
tt2581244	Comedy	USA
tt2582496	Comedy	USA
tt2582802	Drama	USA
tt2582846	Drama	USA
tt2587914	Drama	USA
tt2590506	Short	Canada
tt2593392	Documentary	USA
tt2609758	Comedy	USA
tt2609912	Documentary	USA
tt2611026	Documentary	Afghanistan
tt2622130	Action	India
tt2626350	Drama	USA
tt2630916	Documentary	USA
tt2631186	Action	India
tt2635622	Drama	India
tt2636522	Documentary	USA
tt2637276	Comedy	USA
tt2637294	Comedy	USA
tt2639344	Drama	USA
tt2640474	Drama	Venezuela
tt2644800	Comedy	France
tt2650054	Documentary	France
tt2650642	Drama	Poland
tt2652092	Drama	Kenya
tt2654562	Documentary	Canada
tt2673854	Comedy	USA
tt2674040	Documentary	USA
tt2677816	Comedy	India
tt2679042	Action	USA
tt2689966	Documentary	USA
tt2692250	Adventure	USA
tt2700330	Documentary	Colombia
tt2706264	Action	India
tt2707858	Biography	France
tt2709606	Animation	USA
tt2710368	Thriller	USA
tt2710614	Documentary	USA
tt2712154	Documentary	UK
tt2714380	Horror	USA
tt2717558	Action	Philippines
tt2726560	Drama	USA
tt2734552	Documentary	USA
tt2734660	Comedy	USA
tt2735292	Comedy	USA
tt2736254	Horror	USA
tt2737050	Drama	Belgium
tt2739338	Drama	UK
tt2751390	Comedy	France
tt2752688	Biography	USA
tt2752724	Documentary	USA
tt2752758	Horror	USA
tt2752772	Horror	USA
tt2756032	Comedy	USA
tt2761118	Documentary	USA
tt2762334	Action	India
tt2765340	Drama	China
tt2771372	Crime	USA
tt2784678	Comedy	USA
tt2788512	Crime	USA
tt2799166	Action	USA
tt2806788	Comedy	India
tt2815720	Drama	USA
tt2820820	Documentary	USA
tt2820852	Action	USA
tt2821088	Drama	France
tt2821880	Action	India
tt2825924	Action	USA
tt2828840	Action	South Korea
tt2828996	Comedy	USA
tt2832470	Action	Norway
tt2848292	Comedy	USA
tt2848824	Comedy	India
tt2852400	Drama	China
tt2855042	Action	USA
tt2859246	Animation	Japan
tt2870612	Horror	USA
tt2870648	Documentary	UK
tt2870708	Comedy	USA
tt2870756	Comedy	USA
tt2870808	Comedy	USA
tt2872462	Comedy	USA
tt2872570	Documentary	USA
tt2872718	Crime	USA
tt2872732	Action	France
tt2872750	Animation	UK
tt2883512	Comedy	USA
tt2884170	Reality-TV	USA
tt2884206	Drama	USA
tt2887322	Action	USA
tt2896952	Documentary	Spain
tt2901548	Action	Taiwan
tt2904688	Short	Canada
tt2905084	Documentary	USA
tt2905838	Action	India
tt2908856	Comedy	USA
tt2909116	Adventure	China
tt2910274	Comedy	USA
tt2910520	Drama	China
tt2911666	Action	USA
tt2912776	Drama	USA
tt2913948	Comedy	USA
tt2918436	Horror	USA
tt2920540	Documentary	UK
tt2920808	Crime	USA
tt2924352	Action	USA
tt2926810	Comedy	USA
tt2933292	Documentary	USA
tt2935476	Drama	UK
tt2937898	Action	USA
tt2938956	Action	France
tt2948266	Comedy	USA
tt2955096	Comedy	USA
tt2961890	Animation	USA
tt2965412	Comedy	USA
tt2966934	Documentary	USA
tt2967006	Comedy	UK
tt2967224	Action	USA
tt2972482	Action	South Korea
tt2974104	Documentary	USA
tt2974918	Animation	USA
tt2975578	Action	USA
tt2978462	Drama	USA
tt2979920	Crime	India
tt2980516	Biography	UK
tt2980554	Drama	USA
tt2980648	Comedy	India
tt2980706	Animation	USA
tt2980728	Documentary	USA
tt2992146	Action	China
tt2992152	Comedy	China
tt2992538	Action	USA
tt2992552	Action	USA
tt2994190	Drama	USA
tt2994832	Drama	Lithuania
tt3001638	Biography	India
tt3005242	Biography	Mexico
tt3007302	Comedy	USA
tt3008014	Drama	South Korea
tt3014666	Comedy	USA
tt3017412	Comedy	India
tt3020666	Documentary	USA
tt3038734	Drama	USA
tt3041534	Comedy	USA
tt3043630	Drama	China
tt3045616	Action	UK
tt3054798	Action	South Korea
tt3060492	Drama	USA
tt3065132	Documentary	United Arab Emirates
tt3066630	Comedy	Canada
tt3072636	Documentary	USA
tt3076658	Drama	USA
tt3077214	Biography	UK
tt3079380	Action	USA
tt3082826	Comedy	USA
tt3086582	Drama	China
tt3091552	Documentary	USA
tt3093520	Documentary	USA
tt3093546	Comedy	USA
tt3099498	Comedy	USA
tt3107070	Comedy	USA
tt3110272	Documentary	USA
tt3110770	Comedy	USA
tt3116072	Documentary	USA
tt3121332	Drama	USA
tt3125324	Drama	USA
tt3129564	Drama	France
tt3132632	Documentary	USA
tt3142232	Action	India
tt3142688	Comedy	India
tt3144098	Action	South Korea
tt3148502	Comedy	India
tt3152624	Comedy	USA
tt3159708	Action	India
tt3163908	Documentary	India
tt3164256	Comedy	USA
tt3165612	Comedy	USA
tt3168230	Drama	UK
tt3170832	Drama	Ireland
tt3172532	Drama	USA
tt3173910	Comedy	India
tt3175038	Action	India
tt3175798	Romance	USA
tt3177316	Horror	USA
tt3179568	Comedy	USA
tt3181822	Mystery	USA
tt3186318	Drama	USA
tt3195644	Fantasy	Canada
tt3195742	Documentary	USA
tt3202374	Comedy	France
tt3203890	Comedy	Mexico
tt3205376	Action	UK
tt3210388	Documentary	USA
tt3210686	Biography	USA
tt3214002	Documentary	USA
tt3226754	Documentary	USA
tt3230082	Crime	France
tt3233418	Drama	USA
tt3236120	Comedy	USA
tt3240784	Documentary	USA
tt3250032	Comedy	USA
tt3259324	Action	Australia
tt3262990	Drama	USA
tt3263520	Documentary	USA
tt3263690	Documentary	Sweden
tt3263996	Documentary	USA
tt3267194	Documentary	UK
tt3268030	Documentary	USA
tt3268458	Documentary	USA
tt3272570	Documentary	USA
tt3279124	Documentary	USA
tt3283556	Adventure	Iceland
tt3284178	Drama	Portugal
tt3289712	Comedy	USA
tt3290882	Action	Japan
tt3294904	Comedy	USA
tt3302594	Comedy	Argentina
tt3302962	Comedy	India
tt3312830	Comedy	Italy
tt3313776	Short	USA
tt3316948	Action	USA
tt3317522	Documentary	USA
tt3319508	Documentary	USA
tt3322940	Horror	USA
tt3332064	Adventure	USA
tt3334212	Comedy	USA
tt3343784	Drama	USA
tt3379694	Comedy	Japan
tt3384180	Mystery	USA
tt3390572	Action	India
tt3397884	Action	USA
tt3398048	Action	India
tt3398066	Comedy	USA
tt3398876	Documentary	USA
tt3399740	Short	USA
tt3400342	Comedy	USA
tt3402110	Crime	South Korea
tt3410666	Documentary	USA
tt3416744	Drama	USA
tt3419894	Action	South Korea
tt3425456	Short	UK
tt3447364	Action	India
tt3450116	Horror	Mexico
tt3450650	Action	USA
tt3453052	Drama	USA
tt3455850	Documentary	USA
tt3460252	Crime	USA
tt3460726	Short	USA
tt3463312	Comedy	India
tt3481000	Drama	USA
tt3483712	Drama	India
tt3486542	Drama	Italy
tt3488184	Comedy	USA
tt3488710	Adventure	USA
tt3498042	Documentary	UK
tt3498950	Documentary	USA
tt3501026	Short	USA
tt3504226	Documentary	France
tt3504604	Documentary	USA
tt3505950	Drama	China
tt3508840	Drama	Taiwan
tt3509804	Drama	Poland
tt3511542	Action	Hong Kong
tt3518012	Documentary	USA
tt3521442	N/A	France
tt3530002	Comedy	USA
tt3531604	Comedy	India
tt3532608	Comedy	USA
tt3534282	Adventure	USA
tt3539966	Action	India
tt3544082	Drama	UK
tt3544326	Action	South Korea
tt3549508	Documentary	USA
tt3554418	Comedy	India
tt3565344	Biography	USA
tt3567200	Documentary	USA
tt3567288	Horror	USA
tt3569230	Biography	UK
tt3569326	Comedy	USA
tt3569356	Comedy	USA
tt3576084	Comedy	Israel
tt3578504	Documentary	USA
tt3585004	Fantasy	China
tt3592176	Comedy	France
tt3595298	Action	India
tt3605418	Crime	Chile
tt3608848	Documentary	USA
tt3612616	Drama	Canada
tt3614530	Adventure	USA
tt3622592	Drama	USA
tt3623726	Comedy	USA
tt3625220	Sci-Fi	USA
tt3626442	Documentary	UK
tt3630276	Comedy	Sweden
tt3640682	Drama	USA
tt3654964	Documentary	USA
tt3659388	Adventure	USA
tt3660770	Documentary	USA
tt3667798	Comedy	China
tt3672742	Action	Canada
tt3672840	Action	China
tt3675486	Documentary	Ukraine
tt3675748	Action	Japan
tt3678782	Action	India
tt3678938	Comedy	India
tt3682448	Drama	USA
tt3690900	Short	USA
tt3696086	Biography	China
tt3697566	Action	South Korea
tt3703148	Comedy	USA
tt3704050	Drama	Canada
tt3704416	Drama	USA
tt3704538	Action	USA
tt3707106	Drama	USA
tt3707114	Documentary	USA
tt3715320	Drama	USA
tt3716142	Comedy	India
tt3717016	Comedy	Canada
tt3719896	Biography	USA
tt3720794	Documentary	France
tt3722070	Biography	UK
tt3722118	Documentary	USA
tt3726626	Documentary	USA
tt3726704	Biography	USA
tt3729920	Drama	USA
tt3735246	Drama	India
tt3735398	Crime	USA
tt3735554	Action	USA
tt3741860	Documentary	USA
tt3742284	Crime	India
tt3742378	Comedy	Brazil
tt3748512	Documentary	France
tt3760966	Drama	USA
tt3767372	Comedy	India
tt3774466	Comedy	USA
tt3774694	Drama	France
tt3781762	Drama	USA
tt3787590	Drama	UK
tt3790720	Documentary	USA
tt3794204	Animation	Japan
tt3801934	Action	Hong Kong
tt3808342	Drama	Hungary
tt3812366	Drama	South Korea
tt3813310	Crime	USA
tt3819668	Animation	Japan
tt3824412	Comedy	USA
tt3824458	Comedy	USA
tt3832914	Drama	USA
tt3836958	Comedy	India
tt3837248	Animation	Japan
tt3844362	Comedy	USA
tt3848938	Sci-Fi	India
tt3850214	Comedy	USA
tt3850590	Comedy	USA
tt3859076	Biography	Australia
tt3862750	Drama	USA
tt3863552	Comedy	India
tt3868452	Documentary	USA
tt3877296	Drama	USA
tt3884528	Documentary	USA
tt3890264	Comedy	China
tt3892618	Horror	USA
tt3896100	Animation	Spain
tt3906606	Short	USA
tt3950078	Adventure	China
tt3957716	Comedy	Canada
tt3962210	Drama	USA
tt3962848	Documentary	USA
tt3966404	Drama	France
tt3993894	Drama	USA
tt4002772	Comedy	USA
tt4003774	Documentary	USA
tt4007558	Comedy	India
tt4008348	Thriller	South Korea
tt4008652	Documentary	UK
tt4034452	Drama	Canada
tt4044364	Documentary	USA
tt4046784	Action	USA
tt4047350	Documentary	USA
tt4056738	Drama	USA
tt4058650	Comedy	USA
tt4074958	Drama	China
tt4078160	Horror	UK
tt4079142	Documentary	USA
tt4094590	Short	USA
tt4104022	Comedy	USA
tt4109204	Documentary	USA
tt4126304	Documentary	Mexico
tt4131188	Drama	Russia
tt4137324	Documentary	USA
tt4145178	Documentary	UK
tt4145304	Comedy	USA
tt4159182	Thriller	France
tt4179482	Animation	N/A
tt4183692	Drama	USA
tt4185572	Documentary	USA
tt4188202	Documentary	USA
tt4191054	Animation	USA
tt4242158	Comedy	China
tt4248930	Horror	USA
tt4253360	Drama	South Korea
tt4265396	Short	USA
tt4273886	Drama	South Korea
tt4276752	Action	China
tt4288636	Drama	USA
tt4294052	Action	Japan
tt4294084	Short	Australia
tt4296800	Comedy	USA
tt4316236	Documentary	N/A
tt4337072	Animation	Japan
tt4337690	Drama	USA
tt4344782	Documentary	Senegal
tt4357170	Comedy	Mexico
tt4358230	Comedy	Poland
tt4377864	Documentary	France
tt4381862	Short	USA
tt4382618	Drama	USA
tt4382872	Action	Canada
tt4414694	Documentary	Austria
tt4422656	Documentary	USA
tt4425064	Documentary	USA
tt4425148	Documentary	USA
tt4425258	Documentary	USA
tt4430136	Comedy	India
tt4430992	Drama	South Korea
tt4434016	Comedy	USA
tt4462082	Documentary	USA
tt4467262	Comedy	India
tt4504040	Documentary	USA
tt4505170	N/A	South Korea
tt4506722	Documentary	USA
tt4535650	Action	India
tt4568106	Documentary	Spain
tt4572856	Comedy	China
tt4594834	Comedy	USA
tt4610372	Documentary	UK
tt4618398	Animation	Japan
tt4621016	Documentary	Sweden
tt4643580	Animation	Mexico
tt4668808	Documentary	UK
tt4669204	Documentary	USA
tt4692234	Drama	Portugal
tt4692242	Drama	Portugal
tt4693418	Animation	USA
tt4695462	Drama	South Korea
tt4696222	Drama	South Korea
tt4701702	Action	China
tt4727756	Comedy	China
tt4768764	Action	South Korea
tt4781992	Short	China
tt4819544	Comedy	China
tt4819560	Action	China
tt4830104	Short	Brazil
tt4836406	N/A	N/A
tt4846028	Short	USA
tt4935446	Documentary	France
tt4936064	Documentary	USA
tt4938602	Animation	N/A
tt4944352	Action	Philippines
tt5022418	Documentary	UK
tt5049302	Crime	South Korea
tt5061814	Comedy	China
tt5105784	Documentary	USA
tt5233460	Short	Australia
tt5257730	Romance	China
tt5503970	Short	USA
